{
	"format_version": "1.12.0",
	"minecraft:geometry": [
		{
			"description": {
				"identifier": "geometry.catNew",
				"texture_width": 64,
				"texture_height": 32,
				"visible_bounds_width": 4,
				"visible_bounds_height": 2,
				"visible_bounds_offset": [
					0,
					1,
					0
				]
			},
			"bones": [
				{
					"name": "root",
					"pivot": [
						0,
						7,
						1
					]
				},
				{
					"name": "body",
					"parent": "root",
					"pivot": [
						0,
						7,
						1
					],
					"rotation": [
						90,
						0,
						0
					],
					"cubes": [
						{
							"origin": [
								-2,
								-1,
								-2
							],
							"size": [
								4,
								16,
								6
							],
							"uv": [
								20,
								0
							]
						}
					]
				},
				{
					"name": "head",
					"parent": "root",
					"pivot": [
						0,
						9,
						-9
					],
					"cubes": [
						{
							"origin": [
								-2.5,
								7,
								-12
							],
							"size": [
								5,
								4,
								5
							],
							"uv": [
								0,
								0
							]
						},
						{
							"origin": [
								-1.5,
								7.01562,
								-13
							],
							"size": [
								3,
								2,
								2
							],
							"uv": [
								0,
								24
							]
						}
					],
					"locators": {
						"lead": [
							0,
							9,
							-9
						]
					}
				},
				{
					"name": "leftEar",
					"parent": "head",
					"pivot": [
						1.5,
						11,
						-8
					],
					"cubes": [
						{
							"origin": [
								1,
								11,
								-9
							],
							"size": [
								1,
								1,
								2
							],
							"uv": [
								6,
								10
							]
						}
					]
				},
				{
					"name": "rightEar",
					"parent": "head",
					"pivot": [
						-1.5,
						11,
						-8
					],
					"cubes": [
						{
							"origin": [
								-2,
								11,
								-9
							],
							"size": [
								1,
								1,
								2
							],
							"uv": [
								0,
								10
							],
							"mirror": true
						}
					]
				},
				{
					"name": "eyelids",
					"parent": "head",
					"pivot": [
						0,
						9,
						-9
					],
					"cubes": [
						{
							"origin": [
								0.5,
								9,
								-12.1
							],
							"size": [
								2,
								1,
								0
							],
							"uv": [
								7,
								4
							]
						},
						{
							"origin": [
								-2.5,
								9,
								-12.1
							],
							"size": [
								2,
								1,
								0
							],
							"uv": [
								7,
								4
							],
							"mirror": true
						}
					]
				},
				{
					"name": "tail1",
					"parent": "root",
					"pivot": [
						0,
						9,
						8
					],
					"cubes": [
						{
							"origin": [
								-0.5,
								1,
								8
							],
							"size": [
								1,
								8,
								1
							],
							"uv": [
								0,
								15
							]
						}
					]
				},
				{
					"name": "tail2",
					"parent": "tail1",
					"pivot": [
						0,
						9,
						16
					],
					"cubes": [
						{
							"origin": [
								-0.5,
								1,
								16
							],
							"size": [
								1,
								8,
								1
							],
							"uv": [
								4,
								15
							]
						}
					]
				},
				{
					"name": "backLegL",
					"parent": "root",
					"pivot": [
						1.1,
						6,
						7
					],
					"cubes": [
						{
							"origin": [
								0.1,
								0,
								6
							],
							"size": [
								2,
								6,
								2
							],
							"uv": [
								8,
								13
							]
						}
					]
				},
				{
					"name": "backLegR",
					"parent": "root",
					"pivot": [
						-1.1,
						6,
						7
					],
					"cubes": [
						{
							"origin": [
								-2.1,
								0,
								6
							],
							"size": [
								2,
								6,
								2
							],
							"uv": [
								8,
								13
							]
						}
					]
				},
				{
					"name": "frontLegL",
					"parent": "root",
					"pivot": [
						1.2,
						10,
						-4
					],
					"cubes": [
						{
							"origin": [
								0.2,
								5.2,
								-5
							],
							"size": [
								2,
								5,
								2
							],
							"uv": [
								40,
								0
							]
						}
					]
				},
				{
					"name": "frontLegLKnee",
					"parent": "frontLegL",
					"pivot": [
						1.2,
						5,
						-5
					],
					"cubes": [
						{
							"origin": [
								0.2,
								0.2,
								-5
							],
							"size": [
								2,
								5,
								2
							],
							"uv": [
								40,
								5
							]
						}
					]
				},
				{
					"name": "frontLegR",
					"parent": "root",
					"pivot": [
						-1.2,
						10,
						-4
					],
					"cubes": [
						{
							"origin": [
								-2.2,
								5.2,
								-5
							],
							"size": [
								2,
								5,
								2
							],
							"uv": [
								40,
								0
							]
						}
					]
				},
				{
					"name": "frontLegRKnee",
					"parent": "frontLegR",
					"pivot": [
						-1.2,
						5,
						-5
					],
					"cubes": [
						{
							"origin": [
								-2.2,
								0.2,
								-5
							],
							"size": [
								2,
								5,
								2
							],
							"uv": [
								40,
								5
							]
						}
					]
				}
			]
		}
	]
}