{
	"format_version": "1.12.0",
	"minecraft:geometry": [
		{
			"description": {
				"identifier": "geometry.chicken",
				"texture_width": 64,
				"texture_height": 32,
				"visible_bounds_width": 2,
				"visible_bounds_height": 2.25,
				"visible_bounds_offset": [
					0,
					0.875,
					0
				]
			},
			"bones": [
				{
					"name": "root",
					"pivot": [
						0,
						0,
						0
					]
				},
				{
					"name": "body",
					"parent": "root",
					"pivot": [
						0,
						8,
						0
					],
					"cubes": [
						{
							"origin": [
								-3,
								-4,
								5
							],
							"size": [
								6,
								8,
								6
							],
							"pivot": [
								0,
								0,
								0
							],
							"rotation": [
								90,
								0,
								0
							],
							"uv": [
								0,
								9
							]
						}
					]
				},
				{
					"name": "wing0",
					"parent": "body",
					"pivot": [
						-3,
						11,
						0
					],
					"cubes": [
						{
							"origin": [
								-4,
								7,
								-3
							],
							"size": [
								1,
								4,
								6
							],
							"uv": [
								24,
								13
							]
						}
					]
				},
				{
					"name": "wing1",
					"parent": "body",
					"pivot": [
						3,
						11,
						0
					],
					"cubes": [
						{
							"origin": [
								3,
								7,
								-3
							],
							"size": [
								1,
								4,
								6
							],
							"uv": [
								24,
								13
							]
						}
					]
				},
				{
					"name": "head",
					"parent": "root",
					"pivot": [
						0,
						9,
						-4
					],
					"cubes": [
						{
							"origin": [
								-2,
								9,
								-6
							],
							"size": [
								4,
								6,
								3
							],
							"uv": [
								0,
								0
							]
						}
					],
					"locators": {
						"lead": [
							0,
							9,
							-4
						]
					}
				},
				{
					"name": "comb",
					"parent": "head",
					"pivot": [
						0,
						11,
						-6
					],
					"cubes": [
						{
							"origin": [
								-1,
								9,
								-7
							],
							"size": [
								2,
								2,
								2
							],
							"uv": [
								14,
								4
							]
						}
					]
				},
				{
					"name": "beak",
					"parent": "head",
					"pivot": [
						0,
						9,
						-4
					],
					"cubes": [
						{
							"origin": [
								-2,
								11,
								-8
							],
							"size": [
								4,
								2,
								2
							],
							"uv": [
								14,
								0
							]
						}
					]
				},
				{
					"name": "eyelids",
					"parent": "head",
					"pivot": [
						0,
						9,
						-4
					],
					"cubes": [
						{
							"origin": [
								-2,
								13,
								-6.1
							],
							"size": [
								1,
								1,
								0
							],
							"uv": [
								3,
								0
							]
						},
						{
							"origin": [
								1,
								13,
								-6.1
							],
							"size": [
								1,
								1,
								0
							],
							"uv": [
								3,
								0
							],
							"mirror": true
						}
					]
				},
				{
					"name": "leg0",
					"parent": "root",
					"pivot": [
						-2,
						5,
						1
					],
					"cubes": [
						{
							"origin": [
								-3,
								3,
								-2
							],
							"size": [
								3,
								2,
								3
							],
							"uv": [
								26,
								3
							]
						}
					]
				},
				{
					"name": "knee",
					"parent": "leg0",
					"pivot": [
						-2,
						3,
						1
					],
					"cubes": [
						{
							"origin": [
								-3,
								0,
								-2
							],
							"size": [
								3,
								3,
								3
							],
							"uv": [
								26,
								0
							]
						}
					]
				},
				{
					"name": "leg1",
					"parent": "root",
					"pivot": [
						1,
						5,
						1
					],
					"cubes": [
						{
							"origin": [
								0,
								3,
								-2
							],
							"size": [
								3,
								2,
								3
							],
							"uv": [
								26,
								3
							]
						}
					]
				},
				{
					"name": "knee1",
					"parent": "leg1",
					"pivot": [
						1,
						3,
						1
					],
					"cubes": [
						{
							"origin": [
								0,
								0,
								-2
							],
							"size": [
								3,
								3,
								3
							],
							"uv": [
								26,
								0
							]
						}
					]
				}
			]
		}
	]
}