{
	"format_version": "1.12.0",
	"minecraft:geometry": [
		{
			"description": {
				"identifier": "geometry.drowned",
				"texture_width": 64,
				"texture_height": 64,
				"visible_bounds_width": 4,
				"visible_bounds_height": 3,
				"visible_bounds_offset": [
					0,
					1.5,
					0
				]
			},
			"bones": [
				{
					"name": "root",
					"pivot": [
						0,
						24,
						0
					]
				},
				{
					"name": "spine",
					"parent": "root",
					"pivot": [
						0,
						12,
						0
					]
				},
				{
					"name": "torso",
					"parent": "spine",
					"pivot": [
						0,
						24,
						0
					],
					"cubes": [
						{
							"origin": [
								-4,
								12,
								-2
							],
							"size": [
								8,
								12,
								4
							],
							"uv": [
								16,
								16
							]
						}
					]
				},
				{
					"name": "jacket",
					"parent": "torso",
					"pivot": [
						0,
						24,
						0
					],
					"cubes": [
						{
							"origin": [
								-4,
								12,
								-2
							],
							"size": [
								8,
								12,
								4
							],
							"inflate": 0.5,
							"uv": [
								16,
								32
							]
						}
					]
				},
				{
					"name": "head",
					"parent": "spine",
					"pivot": [
						0,
						24,
						0
					],
					"cubes": [
						{
							"origin": [
								-4,
								24,
								-4
							],
							"size": [
								8,
								8,
								8
							],
							"inflate": 0.5,
							"uv": [
								0,
								0
							]
						}
					]
				},
				{
					"name": "hat",
					"parent": "head",
					"pivot": [
						0,
						24,
						0
					],
					"cubes": [
						{
							"origin": [
								-4,
								24,
								-4
							],
							"size": [
								8,
								8,
								8
							],
							"inflate": 1,
							"uv": [
								32,
								0
							]
						}
					]
				},
				{
					"name": "leftArm",
					"parent": "spine",
					"pivot": [
						5,
						22,
						0
					],
					"cubes": [
						{
							"origin": [
								4,
								18,
								-2
							],
							"size": [
								4,
								6,
								4
							],
							"uv": [
								40,
								16
							],
							"mirror": true
						}
					]
				},
				{
					"name": "leftSleeve",
					"parent": "leftArm",
					"pivot": [
						5,
						22,
						0
					],
					"cubes": [
						{
							"origin": [
								4,
								19,
								-2
							],
							"size": [
								4,
								5,
								4
							],
							"inflate": 0.5,
							"uv": [
								40,
								32
							],
							"mirror": true
						}
					]
				},
				{
					"name": "elbow",
					"parent": "leftArm",
					"pivot": [
						6,
						18,
						2
					],
					"cubes": [
						{
							"origin": [
								4,
								12,
								-2
							],
							"size": [
								4,
								6,
								4
							],
							"uv": [
								40,
								22
							],
							"mirror": true
						}
					]
				},
				{
					"name": "leftItem",
					"parent": "elbow",
					"pivot": [
						6,
						15,
						1
					]
				},
				{
					"name": "elbow_sleeve",
					"parent": "elbow",
					"pivot": [
						6,
						18.5,
						2.5
					],
					"cubes": [
						{
							"origin": [
								4,
								12,
								-2
							],
							"size": [
								4,
								6,
								4
							],
							"inflate": 0.5,
							"uv": [
								40,
								38
							],
							"mirror": true
						}
					]
				},
				{
					"name": "rightArm",
					"parent": "spine",
					"pivot": [
						-5,
						22,
						0
					],
					"cubes": [
						{
							"origin": [
								-7,
								18,
								-2
							],
							"size": [
								4,
								6,
								4
							],
							"uv": [
								0,
								16
							]
						}
					]
				},
				{
					"name": "rightSleeve",
					"parent": "rightArm",
					"pivot": [
						-5,
						22,
						0
					],
					"cubes": [
						{
							"origin": [
								-7,
								19,
								-2
							],
							"size": [
								4,
								5,
								4
							],
							"inflate": 0.5,
							"uv": [
								48,
								48
							]
						}
					]
				},
				{
					"name": "elbow2",
					"parent": "rightArm",
					"pivot": [
						-5,
						18,
						2
					],
					"cubes": [
						{
							"origin": [
								-7,
								12,
								-2
							],
							"size": [
								4,
								6,
								4
							],
							"uv": [
								0,
								22
							]
						}
					]
				},
				{
					"name": "rightItem",
					"parent": "elbow2",
					"pivot": [
						-5,
						14,
						1
					],
					"rotation": [
						0,
						5,
						0
					]
				},
				{
					"name": "elbow_sleeve2",
					"parent": "elbow2",
					"pivot": [
						-5,
						18.5,
						2.5
					],
					"cubes": [
						{
							"origin": [
								-7,
								12,
								-2
							],
							"size": [
								4,
								6,
								4
							],
							"inflate": 0.5,
							"uv": [
								48,
								54
							]
						}
					]
				},
				{
					"name": "waist",
					"parent": "root",
					"pivot": [
						0,
						12,
						0
					]
				},
				{
					"name": "rightLeg",
					"parent": "waist",
					"pivot": [
						-1.9,
						12,
						0
					],
					"cubes": [
						{
							"origin": [
								-4.05,
								6,
								-2
							],
							"size": [
								4,
								6,
								4
							],
							"uv": [
								16,
								48
							]
						}
					]
				},
				{
					"name": "rightPants",
					"parent": "rightLeg",
					"pivot": [
						-1.9,
						12,
						0
					],
					"cubes": [
						{
							"origin": [
								-4.25,
								6,
								-2
							],
							"size": [
								4,
								6,
								4
							],
							"inflate": 0.25,
							"uv": [
								0,
								48
							]
						}
					]
				},
				{
					"name": "knee2",
					"parent": "rightLeg",
					"pivot": [
						-2.15,
						5.875,
						-2
					],
					"cubes": [
						{
							"origin": [
								-4.05,
								0,
								-2
							],
							"size": [
								4,
								6,
								4
							],
							"uv": [
								16,
								54
							]
						}
					]
				},
				{
					"name": "knee_pants2",
					"parent": "knee2",
					"pivot": [
						-2.15,
						5.875,
						-2
					],
					"cubes": [
						{
							"origin": [
								-4.25,
								0,
								-2
							],
							"size": [
								4,
								5.5,
								4
							],
							"inflate": 0.25,
							"uv": [
								0,
								54
							]
						}
					]
				},
				{
					"name": "leftLeg",
					"parent": "waist",
					"pivot": [
						1.9,
						12,
						0
					],
					"cubes": [
						{
							"origin": [
								0.05,
								6,
								-2
							],
							"size": [
								4,
								6,
								4
							],
							"uv": [
								32,
								48
							],
							"mirror": true
						}
					]
				},
				{
					"name": "leftPants",
					"parent": "leftLeg",
					"pivot": [
						1.9,
						12,
						0
					],
					"cubes": [
						{
							"origin": [
								0.25,
								6,
								-2
							],
							"size": [
								4,
								6,
								4
							],
							"inflate": 0.25,
							"uv": [
								0,
								32
							],
							"mirror": true
						}
					]
				},
				{
					"name": "knee",
					"parent": "leftLeg",
					"pivot": [
						2.15,
						5.875,
						-2
					],
					"cubes": [
						{
							"origin": [
								0.05,
								0,
								-2
							],
							"size": [
								4,
								6,
								4
							],
							"uv": [
								32,
								54
							],
							"mirror": true
						}
					]
				},
				{
					"name": "knee_pants",
					"parent": "knee",
					"pivot": [
						2.15,
						5.875,
						-2
					],
					"cubes": [
						{
							"origin": [
								0.25,
								0,
								-2
							],
							"size": [
								4,
								5.5,
								4
							],
							"inflate": 0.25,
							"uv": [
								0,
								38
							],
							"mirror": true
						}
					]
				}
			]
		}
	]
}