{
	"format_version": "1.8.0",
	"geometry.horse.v3": {
		"texturewidth": 64,
		"textureheight": 64,
		"visible_bounds_width": 5,
		"visible_bounds_height": 3,
		"visible_bounds_offset": [
			0,
			1.5,
			0
		],
		"bones": [
			{
				"name": "Body",
				"pivot": [
					0,
					13,
					1
				],
				"cubes": [
					{
						"origin": [
							-5,
							11,
							-11
						],
						"size": [
							10,
							10,
							22
						],
						"uv": [
							0,
							32
						]
					}
				]
			},
			{
				"name": "Tail",
				"parent": "Body",
				"pivot": [
					0,
					20,
					11
				],
				"rotation": [
					25,
					0,
					0
				],
				"cubes": [
					{
						"origin": [
							-1.5,
							13,
							9
						],
						"size": [
							3,
							7,
							4
						],
						"uv": [
							42,
							36
						]
					}
				]
			},
			{
				"name": "Tail2",
				"parent": "Tail",
				"pivot": [
					0,
					13,
					11
				],
				"cubes": [
					{
						"origin": [
							-1.5,
							6,
							9
						],
						"size": [
							3,
							7,
							4
						],
						"uv": [
							42,
							43
						]
					}
				]
			},
			{
				"name": "LegBL",
				"parent": "Body",
				"pivot": [
					3,
					11,
					9
				],
				"cubes": [
					{
						"origin": [
							1,
							6,
							7
						],
						"size": [
							4,
							5,
							4
						],
						"uv": [
							48,
							21
						],
						"mirror": true
					}
				]
			},
			{
				"name": "LegBL2",
				"parent": "LegBL",
				"pivot": [
					3,
					6,
					7
				],
				"cubes": [
					{
						"origin": [
							1,
							0,
							7
						],
						"size": [
							4,
							6,
							4
						],
						"uv": [
							48,
							26
						],
						"mirror": true
					}
				]
			},
			{
				"name": "LegBR",
				"parent": "Body",
				"pivot": [
					-3,
					11,
					9
				],
				"cubes": [
					{
						"origin": [
							-5,
							6,
							7
						],
						"size": [
							4,
							5,
							4
						],
						"uv": [
							48,
							21
						]
					}
				]
			},
			{
				"name": "LegBR2",
				"parent": "LegBR",
				"pivot": [
					-3,
					6,
					7
				],
				"cubes": [
					{
						"origin": [
							-5,
							0,
							7
						],
						"size": [
							4,
							6,
							4
						],
						"uv": [
							48,
							26
						]
					}
				]
			},
			{
				"name": "LegFL",
				"parent": "Body",
				"pivot": [
					3,
					11,
					-9
				],
				"cubes": [
					{
						"origin": [
							1,
							6,
							-11
						],
						"size": [
							4,
							5,
							4
						],
						"uv": [
							48,
							21
						],
						"mirror": true
					}
				]
			},
			{
				"name": "LegFL2",
				"parent": "LegFL",
				"pivot": [
					3,
					6,
					-11
				],
				"cubes": [
					{
						"origin": [
							1,
							0,
							-11
						],
						"size": [
							4,
							6,
							4
						],
						"uv": [
							48,
							26
						],
						"mirror": true
					}
				]
			},
			{
				"name": "LegFR",
				"parent": "Body",
				"pivot": [
					-3,
					11,
					-9
				],
				"cubes": [
					{
						"origin": [
							-5,
							6,
							-11
						],
						"size": [
							4,
							5,
							4
						],
						"uv": [
							48,
							21
						]
					}
				]
			},
			{
				"name": "LegFR2",
				"parent": "LegFR",
				"pivot": [
					-3,
					6,
					-11
				],
				"cubes": [
					{
						"origin": [
							-5,
							0,
							-11
						],
						"size": [
							4,
							6,
							4
						],
						"uv": [
							48,
							26
						]
					}
				]
			},
			{
				"name": "Neck",
				"parent": "Body",
				"pivot": [
					0,
					17,
					-8
				],
				"rotation": [
					30,
					0,
					0
				],
				"cubes": [
					{
						"origin": [
							-2,
							16,
							-11
						],
						"size": [
							4,
							12,
							7
						],
						"uv": [
							0,
							35
						]
					}
				],
				"locators": {
					"lead": [
						0,
						17,
						-8
					]
				}
			},
			{
				"name": "Head",
				"parent": "Neck",
				"pivot": [
					0,
					28,
					-11
				],
				"cubes": [
					{
						"origin": [
							-3,
							28,
							-11
						],
						"size": [
							6,
							5,
							7
						],
						"uv": [
							0,
							13
						]
					}
				]
			},
			{
				"name": "Muzzle",
				"parent": "Head",
				"pivot": [
					0,
					28,
					-11
				],
				"cubes": [
					{
						"origin": [
							-2,
							28,
							-16
						],
						"size": [
							4,
							5,
							5
						],
						"uv": [
							0,
							25
						]
					}
				]
			},
			{
				"name": "EarL",
				"parent": "Head",
				"pivot": [
					0,
					17,
					-8
				],
				"rotation": [
					0,
					0,
					5
				],
				"cubes": [
					{
						"origin": [
							-0.5,
							32,
							-5.01
						],
						"size": [
							2,
							3,
							1
						],
						"uv": [
							19,
							16
						],
						"mirror": true
					}
				]
			},
			{
				"name": "EarR",
				"parent": "Head",
				"pivot": [
					0,
					17,
					-8
				],
				"rotation": [
					0,
					0,
					-5
				],
				"cubes": [
					{
						"origin": [
							-1.5,
							32,
							-5.01
						],
						"size": [
							2,
							3,
							1
						],
						"uv": [
							19,
							16
						]
					}
				]
			},
			{
				"name": "MuleEarL",
				"parent": "Head",
				"pivot": [
					0,
					17,
					-8
				],
				"rotation": [
					0,
					0,
					15
				],
				"cubes": [
					{
						"origin": [
							-3,
							32,
							-5.01
						],
						"size": [
							2,
							7,
							1
						],
						"uv": [
							0,
							12
						],
						"mirror": true
					}
				]
			},
			{
				"name": "MuleEarR",
				"parent": "Head",
				"pivot": [
					0,
					17,
					-8
				],
				"rotation": [
					0,
					0,
					-15
				],
				"cubes": [
					{
						"origin": [
							1,
							32,
							-5.01
						],
						"size": [
							2,
							7,
							1
						],
						"uv": [
							0,
							12
						]
					}
				]
			},
			{
				"name": "ReinsL",
				"parent": "Head",
				"pivot": [
					2,
					30.5,
					-13.5
				],
				"rotation": [
					-35,
					0,
					0
				],
				"cubes": [
					{
						"origin": [
							3.1,
							29,
							-13
						],
						"size": [
							0,
							3,
							16
						],
						"uv": [
							32,
							2
						]
					}
				]
			},
			{
				"name": "ReinsR",
				"parent": "Head",
				"pivot": [
					-3,
					30.5,
					-13.5
				],
				"rotation": [
					-35,
					0,
					0
				],
				"cubes": [
					{
						"origin": [
							-3.1,
							29,
							-13
						],
						"size": [
							0,
							3,
							16
						],
						"uv": [
							32,
							2
						]
					}
				]
			},
			{
				"name": "Bridle",
				"parent": "Head",
				"pivot": [
					0,
					17,
					-8
				],
				"cubes": [
					{
						"origin": [
							-2,
							28,
							-13
						],
						"size": [
							4,
							5,
							2
						],
						"uv": [
							19,
							0
						],
						"inflate": 0.25
					},
					{
						"origin": [
							-3,
							28,
							-11
						],
						"size": [
							6,
							5,
							7
						],
						"uv": [
							0,
							0
						],
						"inflate": 0.25
					}
				]
			},
			{
				"name": "BitL",
				"parent": "Bridle",
				"pivot": [
					0,
					17,
					-8
				],
				"cubes": [
					{
						"origin": [
							2,
							29,
							-14
						],
						"size": [
							1,
							2,
							2
						],
						"uv": [
							29,
							5
						]
					}
				]
			},
			{
				"name": "BitR",
				"parent": "Bridle",
				"pivot": [
					0,
					17,
					-8
				],
				"cubes": [
					{
						"origin": [
							-3,
							29,
							-14
						],
						"size": [
							1,
							2,
							2
						],
						"uv": [
							29,
							5
						]
					}
				]
			},
			{
				"name": "eyelids",
				"parent": "Head",
				"pivot": [
					0,
					28,
					-11
				]
			},
			{
				"name": "left_eyelid",
				"parent": "eyelids",
				"pivot": [
					0,
					28,
					-11
				],
				"cubes": [
					{
						"origin": [
							3.05,
							31,
							-9
						],
						"size": [
							0,
							1,
							2
						],
						"uv": [
							8,
							57
						]
					}
				]
			},
			{
				"name": "right_eyelid",
				"parent": "eyelids",
				"pivot": [
					0,
					28,
					-11
				],
				"cubes": [
					{
						"origin": [
							-3.05,
							31,
							-9
						],
						"size": [
							0,
							1,
							2
						],
						"uv": [
							8,
							57
						],
						"mirror": true
					}
				]
			},
			{
				"name": "Mane",
				"parent": "Neck",
				"pivot": [
					0,
					17,
					-8
				],
				"cubes": [
					{
						"origin": [
							-1,
							17,
							-3.95
						],
						"size": [
							2,
							16,
							2
						],
						"uv": [
							56,
							36
						]
					}
				]
			},
			{
				"name": "BagL",
				"parent": "Body",
				"pivot": [
					5,
					21,
					11
				],
				"rotation": [
					0,
					90,
					0
				],
				"cubes": [
					{
						"origin": [
							6,
							13,
							11
						],
						"size": [
							8,
							8,
							3
						],
						"uv": [
							26,
							21
						],
						"mirror": true
					}
				]
			},
			{
				"name": "BagR",
				"parent": "Body",
				"pivot": [
					-5,
					21,
					11
				],
				"rotation": [
					0,
					-90,
					0
				],
				"cubes": [
					{
						"origin": [
							-14,
							13,
							11
						],
						"size": [
							8,
							8,
							3
						],
						"uv": [
							26,
							21
						]
					}
				]
			},
			{
				"name": "Saddle",
				"parent": "Body",
				"pivot": [
					0,
					22,
					2
				],
				"cubes": [
					{
						"origin": [
							-5,
							12,
							-3.5
						],
						"size": [
							10,
							9,
							9
						],
						"uv": [
							26,
							0
						],
						"inflate": 0.5
					}
				]
			}
		]
	}
}