{
	"format_version": "1.8.0",
	"geometry.llama.bma": {
		"texturewidth": 128,
		"textureheight": 64,
		"visible_bounds_width": 3,
		"visible_bounds_height": 3.25,
		"visible_bounds_offset": [
			0,
			1.375,
			0
		],
		"bones": [
			{
				"name": "root",
				"pivot": [
					0,
					19,
					2
				]
			},
			{
				"name": "body",
				"parent": "root",
				"pivot": [
					0,
					19,
					2
				],
				"rotation": [
					90,
					0,
					0
				],
				"cubes": [
					{
						"origin": [
							-6,
							11,
							-5
						],
						"size": [
							12,
							18,
							10
						],
						"uv": [
							29,
							0
						]
					}
				]
			},
			{
				"name": "head",
				"parent": "root",
				"pivot": [
					0,
					17,
					-6
				],
				"cubes": [
					{
						"origin": [
							-2,
							27,
							-16
						],
						"size": [
							4,
							4,
							9
						],
						"uv": [
							0,
							0
						]
					},
					{
						"origin": [
							-4,
							15,
							-12
						],
						"size": [
							8,
							18,
							6
						],
						"uv": [
							0,
							14
						]
					}
				],
				"locators": {
					"lead": [
						0,
						18,
						-11
					]
				}
			},
			{
				"name": "ears",
				"parent": "head",
				"pivot": [
					0,
					33,
					-9
				]
			},
			{
				"name": "left_ear",
				"parent": "ears",
				"pivot": [
					2.5,
					33,
					-9
				],
				"cubes": [
					{
						"origin": [
							1,
							33,
							-10
						],
						"size": [
							3,
							3,
							2
						],
						"uv": [
							17,
							0
						]
					}
				]
			},
			{
				"name": "right_ear",
				"parent": "ears",
				"pivot": [
					-2.5,
					33,
					-9
				],
				"cubes": [
					{
						"origin": [
							-4,
							33,
							-10
						],
						"size": [
							3,
							3,
							2
						],
						"uv": [
							17,
							0
						],
						"mirror": true
					}
				]
			},
			{
				"name": "chest1",
				"parent": "root",
				"pivot": [
					-8.5,
					21,
					3
				],
				"rotation": [
					0,
					90,
					0
				],
				"cubes": [
					{
						"origin": [
							-11.5,
							13,
							3
						],
						"size": [
							8,
							8,
							3
						],
						"uv": [
							45,
							28
						]
					}
				]
			},
			{
				"name": "chest2",
				"parent": "root",
				"pivot": [
					5.5,
					21,
					3
				],
				"rotation": [
					0,
					90,
					0
				],
				"cubes": [
					{
						"origin": [
							2.5,
							13,
							3
						],
						"size": [
							8,
							8,
							3
						],
						"uv": [
							45,
							41
						]
					}
				]
			},
			{
				"name": "right_back_leg",
				"parent": "root",
				"pivot": [
					-3.5,
					14,
					6
				],
				"cubes": [
					{
						"origin": [
							-5.5,
							7,
							4
						],
						"size": [
							4,
							7,
							4
						],
						"uv": [
							29,
							29
						]
					}
				]
			},
			{
				"name": "right_back_knee",
				"parent": "right_back_leg",
				"pivot": [
					-3.5,
					7,
					4
				],
				"cubes": [
					{
						"origin": [
							-5.5,
							0,
							4
						],
						"size": [
							4,
							7,
							4
						],
						"uv": [
							29,
							36
						],
						"mirror": true
					}
				]
			},
			{
				"name": "left_back_leg",
				"parent": "root",
				"pivot": [
					3.5,
					14,
					6
				],
				"cubes": [
					{
						"origin": [
							1.5,
							7,
							4
						],
						"size": [
							4,
							7,
							4
						],
						"uv": [
							29,
							29
						]
					}
				]
			},
			{
				"name": "left_back_knee",
				"parent": "left_back_leg",
				"pivot": [
					3.5,
					7,
					4
				],
				"cubes": [
					{
						"origin": [
							1.5,
							0,
							4
						],
						"size": [
							4,
							7,
							4
						],
						"uv": [
							29,
							36
						]
					}
				]
			},
			{
				"name": "right_front_leg",
				"parent": "root",
				"pivot": [
					-3.5,
					14,
					-5
				],
				"cubes": [
					{
						"origin": [
							-5.5,
							7,
							-7
						],
						"size": [
							4,
							7,
							4
						],
						"uv": [
							29,
							29
						]
					}
				]
			},
			{
				"name": "right_front_knee",
				"parent": "right_front_leg",
				"pivot": [
					-3.5,
					7,
					-7
				],
				"cubes": [
					{
						"origin": [
							-5.5,
							0,
							-7
						],
						"size": [
							4,
							7,
							4
						],
						"uv": [
							29,
							36
						],
						"mirror": true
					}
				]
			},
			{
				"name": "left_front_leg",
				"parent": "root",
				"pivot": [
					3.5,
					14,
					-5
				],
				"cubes": [
					{
						"origin": [
							1.5,
							7,
							-7
						],
						"size": [
							4,
							7,
							4
						],
						"uv": [
							29,
							29
						]
					}
				]
			},
			{
				"name": "left_front_knee",
				"parent": "left_front_leg",
				"pivot": [
					3.5,
					7,
					-7
				],
				"cubes": [
					{
						"origin": [
							1.5,
							0,
							-7
						],
						"size": [
							4,
							7,
							4
						],
						"uv": [
							29,
							36
						]
					}
				]
			}
		]
	}
}