{
	"format_version": "1.8.0",
	"geometry.pig": {
		"texturewidth": 64,
		"textureheight": 32,
		"visible_bounds_width": 3,
		"visible_bounds_height": 2.25,
		"visible_bounds_offset": [
			0,
			0.875,
			0
		],
		"bones": [
			{
				"name": "root",
				"pivot": [
					0,
					0,
					0
				]
			},
			{
				"name": "body",
				"parent": "root",
				"pivot": [
					0,
					13,
					2
				],
				"rotation": [
					90,
					0,
					0
				],
				"cubes": [
					{
						"origin": [
							-5,
							7,
							-5
						],
						"size": [
							10,
							16,
							8
						],
						"uv": [
							28,
							8
						]
					}
				]
			},
			{
				"name": "head",
				"parent": "root",
				"pivot": [
					0,
					12,
					-6
				],
				"cubes": [
					{
						"origin": [
							-4,
							8,
							-14
						],
						"size": [
							8,
							8,
							8
						],
						"uv": [
							0,
							0
						]
					},
					{
						"origin": [
							-2,
							9,
							-15
						],
						"size": [
							4,
							3,
							1
						],
						"uv": [
							16,
							16
						]
					}
				],
				"locators": {
					"lead": [
						0,
						14,
						-6
					]
				}
			},
			{
				"name": "eyelids",
				"parent": "head",
				"pivot": [
					0,
					12,
					-6
				],
				"cubes": [
					{
						"origin": [
							-4,
							12,
							-14.1
						],
						"size": [
							2,
							1,
							0
						],
						"uv": [
							12,
							0
						]
					},
					{
						"origin": [
							2,
							12,
							-14.1
						],
						"size": [
							2,
							1,
							0
						],
						"uv": [
							12,
							0
						],
						"mirror": true
					}
				]
			},
			{
				"name": "leg0",
				"parent": "root",
				"pivot": [
					-3,
					6,
					7
				],
				"cubes": [
					{
						"origin": [
							-5,
							3,
							5
						],
						"size": [
							4,
							3,
							4
						],
						"uv": [
							0,
							16
						]
					}
				]
			},
			{
				"name": "knee",
				"parent": "leg0",
				"pivot": [
					-3,
					3,
					5
				],
				"cubes": [
					{
						"origin": [
							-5,
							0,
							5
						],
						"size": [
							4,
							3,
							4
						],
						"uv": [
							0,
							19
						]
					}
				]
			},
			{
				"name": "leg1",
				"parent": "root",
				"pivot": [
					3,
					6,
					7
				],
				"mirror": true,
				"cubes": [
					{
						"origin": [
							1,
							3,
							5
						],
						"size": [
							4,
							3,
							4
						],
						"uv": [
							0,
							16
						]
					}
				]
			},
			{
				"name": "knee1",
				"parent": "leg1",
				"pivot": [
					3,
					3,
					5
				],
				"cubes": [
					{
						"origin": [
							1,
							0,
							5
						],
						"size": [
							4,
							3,
							4
						],
						"uv": [
							0,
							19
						],
						"mirror": true
					}
				]
			},
			{
				"name": "leg2",
				"parent": "root",
				"pivot": [
					-3,
					6,
					-5
				],
				"cubes": [
					{
						"origin": [
							-5,
							3,
							-7
						],
						"size": [
							4,
							3,
							4
						],
						"uv": [
							0,
							16
						]
					}
				]
			},
			{
				"name": "knee2",
				"parent": "leg2",
				"pivot": [
					-3,
					3,
					-7
				],
				"cubes": [
					{
						"origin": [
							-5,
							0,
							-7
						],
						"size": [
							4,
							3,
							4
						],
						"uv": [
							0,
							19
						]
					}
				]
			},
			{
				"name": "leg3",
				"parent": "root",
				"pivot": [
					3,
					6,
					-5
				],
				"mirror": true,
				"cubes": [
					{
						"origin": [
							1,
							3,
							-7
						],
						"size": [
							4,
							3,
							4
						],
						"uv": [
							0,
							16
						]
					}
				]
			},
			{
				"name": "knee3",
				"parent": "leg3",
				"pivot": [
					3,
					3,
					-7
				],
				"cubes": [
					{
						"origin": [
							1,
							0,
							-7
						],
						"size": [
							4,
							3,
							4
						],
						"uv": [
							0,
							19
						],
						"mirror": true
					}
				]
			}
		]
	}
}