{
	"format_version": "1.8.0",
	"geometry.sheep": {
		"texturewidth": 64,
		"textureheight": 64,
		"visible_bounds_width": 3,
		"visible_bounds_height": 2.375,
		"visible_bounds_offset": [
			0,
			0.8125,
			0
		],
		"bones": [
			{
				"name": "root",
				"pivot": [
					0,
					0,
					0
				]
			},
			{
				"name": "head",
				"parent": "root",
				"pivot": [
					0,
					18,
					-8
				],
				"cubes": [
					{
						"origin": [
							-3,
							16,
							-14
						],
						"size": [
							6,
							6,
							8
						],
						"uv": [
							0,
							0
						]
					},
					{
						"origin": [
							-3,
							16,
							-12.5
						],
						"size": [
							6,
							6,
							6
						],
						"uv": [
							0,
							32
						],
						"inflate": 0.6
					}
				],
				"locators": {
					"lead": [
						0,
						18,
						-8
					]
				}
			},
			{
				"name": "eyelids",
				"parent": "head",
				"pivot": [
					0,
					18,
					-17
				],
				"cubes": [
					{
						"origin": [
							-3,
							19,
							-14.1
						],
						"size": [
							2,
							1,
							0
						],
						"uv": [
							8,
							0
						]
					},
					{
						"origin": [
							1,
							19,
							-14.1
						],
						"size": [
							2,
							1,
							0
						],
						"uv": [
							8,
							0
						],
						"mirror": true
					}
				]
			},
			{
				"name": "body",
				"parent": "root",
				"pivot": [
					0,
					19,
					2
				]
			},
			{
				"name": "leg0",
				"parent": "body",
				"pivot": [
					-3,
					12,
					7
				],
				"cubes": [
					{
						"origin": [
							-5,
							6,
							5
						],
						"size": [
							4,
							6,
							4
						],
						"uv": [
							0,
							48
						],
						"inflate": 0.5
					}
				]
			},
			{
				"name": "knee0",
				"parent": "leg0",
				"pivot": [
					-3,
					6,
					5
				],
				"cubes": [
					{
						"origin": [
							-5,
							0,
							5
						],
						"size": [
							4,
							6,
							4
						],
						"uv": [
							0,
							22
						]
					}
				]
			},
			{
				"name": "leg1",
				"parent": "body",
				"pivot": [
					3,
					12,
					7
				],
				"cubes": [
					{
						"origin": [
							1,
							6,
							5
						],
						"size": [
							4,
							6,
							4
						],
						"uv": [
							0,
							48
						],
						"inflate": 0.5,
						"mirror": true
					}
				]
			},
			{
				"name": "knee1",
				"parent": "leg1",
				"pivot": [
					3,
					6,
					5
				],
				"cubes": [
					{
						"origin": [
							1,
							0,
							5
						],
						"size": [
							4,
							6,
							4
						],
						"uv": [
							0,
							22
						],
						"mirror": true
					}
				]
			},
			{
				"name": "leg2",
				"parent": "body",
				"pivot": [
					-3,
					12,
					-5
				],
				"cubes": [
					{
						"origin": [
							-5,
							6,
							-7
						],
						"size": [
							4,
							6,
							4
						],
						"uv": [
							0,
							48
						],
						"inflate": 0.5
					}
				]
			},
			{
				"name": "knee2",
				"parent": "leg2",
				"pivot": [
					-3,
					6,
					-7
				],
				"cubes": [
					{
						"origin": [
							-5,
							0,
							-7
						],
						"size": [
							4,
							6,
							4
						],
						"uv": [
							0,
							22
						]
					}
				]
			},
			{
				"name": "leg3",
				"parent": "body",
				"pivot": [
					3,
					12,
					-5
				],
				"cubes": [
					{
						"origin": [
							1,
							6,
							-7
						],
						"size": [
							4,
							6,
							4
						],
						"uv": [
							0,
							48
						],
						"inflate": 0.5,
						"mirror": true
					}
				]
			},
			{
				"name": "knee3",
				"parent": "leg3",
				"pivot": [
					3,
					6,
					-7
				],
				"cubes": [
					{
						"origin": [
							1,
							0,
							-7
						],
						"size": [
							4,
							6,
							4
						],
						"uv": [
							0,
							22
						],
						"mirror": true
					}
				]
			},
			{
				"name": "body2",
				"parent": "body",
				"pivot": [
					0,
					11,
					-1
				],
				"rotation": [
					-90,
					0,
					0
				],
				"cubes": [
					{
						"origin": [
							-4,
							5,
							-9
						],
						"size": [
							8,
							16,
							6
						],
						"uv": [
							28,
							40
						],
						"inflate": 1.75
					}
				]
			}
		]
	},
	"geometry.sheep.sheared": {
		"texturewidth": 64,
		"textureheight": 64,
		"visible_bounds_width": 4,
		"visible_bounds_height": 3,
		"visible_bounds_offset": [
			0,
			0.5,
			0
		],
		"bones": [
			{
				"name": "root",
				"pivot": [
					0,
					0,
					0
				]
			},
			{
				"name": "head",
				"parent": "root",
				"pivot": [
					0,
					18,
					-8
				],
				"cubes": [
					{
						"origin": [
							-3,
							16,
							-14
						],
						"size": [
							6,
							6,
							8
						],
						"uv": [
							0,
							0
						]
					}
				],
				"locators": {
					"lead": [
						0,
						18,
						-8
					]
				}
			},
			{
				"name": "body",
				"parent": "root",
				"pivot": [
					0,
					19,
					2
				]
			},
			{
				"name": "leg0",
				"parent": "body",
				"pivot": [
					-3,
					12,
					7
				],
				"cubes": [
					{
						"origin": [
							-5,
							6,
							5
						],
						"size": [
							4,
							6,
							4
						],
						"uv": [
							0,
							16
						]
					}
				]
			},
			{
				"name": "knee0",
				"parent": "leg0",
				"pivot": [
					-3,
					6,
					5
				],
				"cubes": [
					{
						"origin": [
							-5,
							0,
							5
						],
						"size": [
							4,
							6,
							4
						],
						"uv": [
							0,
							22
						]
					}
				]
			},
			{
				"name": "leg1",
				"parent": "body",
				"pivot": [
					3,
					12,
					7
				],
				"cubes": [
					{
						"origin": [
							1,
							6,
							5
						],
						"size": [
							4,
							6,
							4
						],
						"uv": [
							0,
							16
						],
						"mirror": true
					}
				]
			},
			{
				"name": "knee1",
				"parent": "leg1",
				"pivot": [
					3,
					6,
					5
				],
				"cubes": [
					{
						"origin": [
							1,
							0,
							5
						],
						"size": [
							4,
							6,
							4
						],
						"uv": [
							0,
							22
						],
						"mirror": true
					}
				]
			},
			{
				"name": "leg2",
				"parent": "body",
				"pivot": [
					-3,
					12,
					-5
				],
				"cubes": [
					{
						"origin": [
							-5,
							6,
							-7
						],
						"size": [
							4,
							6,
							4
						],
						"uv": [
							0,
							16
						]
					}
				]
			},
			{
				"name": "knee2",
				"parent": "leg2",
				"pivot": [
					-3,
					6,
					-7
				],
				"cubes": [
					{
						"origin": [
							-5,
							0,
							-7
						],
						"size": [
							4,
							6,
							4
						],
						"uv": [
							0,
							22
						]
					}
				]
			},
			{
				"name": "leg3",
				"parent": "body",
				"pivot": [
					3,
					12,
					-5
				],
				"cubes": [
					{
						"origin": [
							1,
							6,
							-7
						],
						"size": [
							4,
							6,
							4
						],
						"uv": [
							0,
							16
						],
						"mirror": true
					}
				]
			},
			{
				"name": "knee3",
				"parent": "leg3",
				"pivot": [
					3,
					6,
					-7
				],
				"cubes": [
					{
						"origin": [
							1,
							0,
							-7
						],
						"size": [
							4,
							6,
							4
						],
						"uv": [
							0,
							22
						],
						"mirror": true
					}
				]
			},
			{
				"name": "body2",
				"parent": "body",
				"pivot": [
					0,
					11,
					-1
				],
				"rotation": [
					-90,
					0,
					0
				],
				"cubes": [
					{
						"origin": [
							-4,
							5,
							-8
						],
						"size": [
							8,
							16,
							6
						],
						"uv": [
							28,
							8
						]
					}
				]
			}
		]
	}
}