{
	"format_version": "1.8.0",
	"geometry.spider": {
		"texturewidth": 64,
		"textureheight": 32,
		"visible_bounds_width": 4,
		"visible_bounds_height": 5,
		"visible_bounds_offset": [
			0,
			0.5,
			0
		],
		"bones": [
			{
				"name": "root",
				"pivot": [
					0,
					5,
					0
				],
				"cubes": [
					{
						"origin": [
							-3,
							2,
							-3
						],
						"size": [
							6,
							6,
							6
						],
						"uv": [
							0,
							0
						]
					}
				]
			},
			{
				"name": "head",
				"parent": "root",
				"pivot": [
					0,
					5,
					-3
				],
				"cubes": [
					{
						"origin": [
							-4,
							1,
							-11
						],
						"size": [
							8,
							8,
							8
						],
						"uv": [
							32,
							4
						]
					}
				]
			},
			{
				"name": "left_fang",
				"parent": "head",
				"pivot": [
					2,
					2.5,
					-11
				],
				"cubes": [
					{
						"origin": [
							1,
							0,
							-12
						],
						"size": [
							2,
							3,
							1
						],
						"uv": [
							27,
							20
						]
					}
				]
			},
			{
				"name": "right_fang",
				"parent": "head",
				"pivot": [
					-2,
					2.5,
					-11
				],
				"cubes": [
					{
						"origin": [
							-3,
							0,
							-12
						],
						"size": [
							2,
							3,
							1
						],
						"uv": [
							27,
							20
						],
						"mirror": true
					}
				]
			},
			{
				"name": "body",
				"parent": "root",
				"pivot": [
					0,
					5,
					3
				],
				"rotation": [
					22.5,
					0,
					0
				],
				"cubes": [
					{
						"origin": [
							-5,
							1,
							3
						],
						"size": [
							10,
							8,
							12
						],
						"uv": [
							0,
							12
						]
					}
				]
			},
			{
				"name": "leg0",
				"parent": "root",
				"pivot": [
					-4,
					5,
					2
				],
				"rotation": [
					13.05407,
					52.51206,
					26.70721
				],
				"cubes": [
					{
						"origin": [
							-11,
							4,
							1
						],
						"size": [
							8,
							2,
							2
						],
						"uv": [
							18,
							0
						]
					}
				]
			},
			{
				"name": "joint0",
				"parent": "leg0",
				"pivot": [
					-11,
					5,
					2
				],
				"rotation": [
					0,
					0,
					-72.5
				],
				"cubes": [
					{
						"origin": [
							-19,
							4,
							1
						],
						"size": [
							8,
							2,
							2
						],
						"uv": [
							18,
							0
						]
					}
				]
			},
			{
				"name": "leg1",
				"parent": "root",
				"pivot": [
					4,
					5,
					2
				],
				"rotation": [
					13.0541,
					-52.5121,
					-26.7072
				],
				"cubes": [
					{
						"origin": [
							3,
							4,
							1
						],
						"size": [
							8,
							2,
							2
						],
						"uv": [
							18,
							0
						]
					}
				]
			},
			{
				"name": "joint1",
				"parent": "leg1",
				"pivot": [
					11,
					5,
					2
				],
				"rotation": [
					0,
					0,
					72.5
				],
				"cubes": [
					{
						"origin": [
							11,
							4,
							1
						],
						"size": [
							8,
							2,
							2
						],
						"uv": [
							18,
							0
						]
					}
				]
			},
			{
				"name": "leg2",
				"parent": "root",
				"pivot": [
					-4,
					5,
					1
				],
				"rotation": [
					6.15491,
					16.41371,
					20.88852
				],
				"cubes": [
					{
						"origin": [
							-11,
							4,
							0
						],
						"size": [
							8,
							2,
							2
						],
						"uv": [
							18,
							0
						]
					}
				]
			},
			{
				"name": "joint2",
				"parent": "leg2",
				"pivot": [
					-11,
					5,
					1
				],
				"rotation": [
					0,
					0,
					-90
				],
				"cubes": [
					{
						"origin": [
							-19,
							4,
							0
						],
						"size": [
							8,
							2,
							2
						],
						"uv": [
							18,
							0
						]
					}
				]
			},
			{
				"name": "leg3",
				"parent": "root",
				"pivot": [
					4,
					5,
					1
				],
				"rotation": [
					6.1549,
					-16.4137,
					-20.8885
				],
				"cubes": [
					{
						"origin": [
							3,
							4,
							0
						],
						"size": [
							8,
							2,
							2
						],
						"uv": [
							18,
							0
						]
					}
				]
			},
			{
				"name": "joint3",
				"parent": "leg3",
				"pivot": [
					11,
					5,
					1
				],
				"rotation": [
					0,
					0,
					90
				],
				"cubes": [
					{
						"origin": [
							11,
							4,
							0
						],
						"size": [
							8,
							2,
							2
						],
						"uv": [
							18,
							0
						]
					}
				]
			},
			{
				"name": "leg4",
				"parent": "root",
				"pivot": [
					-4,
					5,
					0
				],
				"rotation": [
					-12.5,
					-20,
					22.5
				],
				"cubes": [
					{
						"origin": [
							-11,
							4,
							-1
						],
						"size": [
							8,
							2,
							2
						],
						"uv": [
							18,
							0
						]
					}
				]
			},
			{
				"name": "joint4",
				"parent": "leg4",
				"pivot": [
					-11,
					5,
					0
				],
				"rotation": [
					0,
					0,
					-100
				],
				"cubes": [
					{
						"origin": [
							-19,
							4,
							-1
						],
						"size": [
							8,
							2,
							2
						],
						"uv": [
							18,
							0
						]
					}
				]
			},
			{
				"name": "leg5",
				"parent": "root",
				"pivot": [
					4,
					5,
					0
				],
				"rotation": [
					-12.5,
					20,
					-22.5
				],
				"cubes": [
					{
						"origin": [
							3,
							4,
							-1
						],
						"size": [
							8,
							2,
							2
						],
						"uv": [
							18,
							0
						]
					}
				]
			},
			{
				"name": "joint5",
				"parent": "leg5",
				"pivot": [
					11,
					5,
					0
				],
				"rotation": [
					0,
					0,
					100
				],
				"cubes": [
					{
						"origin": [
							11,
							4,
							-1
						],
						"size": [
							8,
							2,
							2
						],
						"uv": [
							18,
							0
						]
					}
				]
			},
			{
				"name": "leg6",
				"parent": "root",
				"pivot": [
					-4,
					5,
					-1
				],
				"rotation": [
					-31.99897,
					-63.17628,
					34.99913
				],
				"cubes": [
					{
						"origin": [
							-11,
							4,
							-2
						],
						"size": [
							8,
							2,
							2
						],
						"uv": [
							18,
							0
						]
					}
				]
			},
			{
				"name": "point6",
				"parent": "leg6",
				"pivot": [
					-11,
					5,
					-1
				],
				"rotation": [
					0,
					0,
					-67.5
				],
				"cubes": [
					{
						"origin": [
							-19,
							4,
							-2
						],
						"size": [
							8,
							2,
							2
						],
						"uv": [
							18,
							0
						]
					}
				]
			},
			{
				"name": "leg7",
				"parent": "root",
				"pivot": [
					4,
					5,
					-1
				],
				"rotation": [
					-31.999,
					63.1763,
					-34.9991
				],
				"cubes": [
					{
						"origin": [
							3,
							4,
							-2
						],
						"size": [
							8,
							2,
							2
						],
						"uv": [
							18,
							0
						]
					}
				]
			},
			{
				"name": "joint7",
				"parent": "leg7",
				"pivot": [
					11,
					5,
					-1
				],
				"rotation": [
					0,
					0,
					67.5
				],
				"cubes": [
					{
						"origin": [
							11,
							4,
							-2
						],
						"size": [
							8,
							2,
							2
						],
						"uv": [
							18,
							0
						]
					}
				]
			}
		]
	}
}