{
	"format_version": "1.8.0",
	"geometry.witch": {
		"texturewidth": 64,
		"textureheight": 128,
		"visible_bounds_width": 2,
		"visible_bounds_height": 4,
		"visible_bounds_offset": [
			0,
			2,
			0
		],
		"bones": [
			{
				"name": "root",
				"pivot": [
					0,
					0,
					0
				]
			},
			{
				"name": "spine",
				"parent": "root",
				"pivot": [
					0,
					12,
					0
				]
			},
			{
				"name": "body",
				"parent": "spine",
				"pivot": [
					0,
					0,
					0
				],
				"cubes": [
					{
						"origin": [
							-4,
							12,
							-3
						],
						"size": [
							8,
							12,
							6
						],
						"uv": [
							16,
							20
						]
					},
					{
						"origin": [
							-4,
							6,
							-3
						],
						"size": [
							8,
							18,
							6
						],
						"uv": [
							0,
							38
						],
						"inflate": 0.5
					}
				],
				"locators": {
					"lead_hold": [
						0,
						40,
						0
					]
				}
			},
			{
				"name": "head",
				"parent": "body",
				"pivot": [
					0,
					24,
					0
				],
				"cubes": [
					{
						"origin": [
							-4,
							24,
							-4
						],
						"size": [
							8,
							10,
							8
						],
						"uv": [
							0,
							0
						]
					}
				]
			},
			{
				"name": "nose",
				"parent": "head",
				"pivot": [
					0,
					26,
					0
				],
				"cubes": [
					{
						"origin": [
							-1,
							23,
							-6
						],
						"size": [
							2,
							4,
							2
						],
						"uv": [
							24,
							0
						]
					}
				]
			},
			{
				"name": "eyelids",
				"parent": "head",
				"pivot": [
					-1,
					24,
					4.9
				],
				"cubes": [
					{
						"origin": [
							-3,
							27,
							-4.1
						],
						"size": [
							2,
							1,
							0
						],
						"uv": [
							16,
							17
						]
					},
					{
						"origin": [
							1,
							27,
							-4.1
						],
						"size": [
							2,
							1,
							0
						],
						"uv": [
							16,
							17
						],
						"mirror": true
					}
				]
			},
			{
				"name": "nose",
				"parent": "head",
				"pivot": [
					0,
					0,
					0
				],
				"cubes": [
					{
						"origin": [
							0,
							25,
							-6.75
						],
						"size": [
							1,
							1,
							1
						],
						"uv": [
							0,
							0
						],
						"inflate": -0.25
					}
				]
			},
			{
				"name": "hat",
				"parent": "head",
				"pivot": [
					-5,
					32.03125,
					-5
				],
				"cubes": [
					{
						"origin": [
							-5,
							32.05,
							-5
						],
						"size": [
							10,
							2,
							10
						],
						"uv": [
							0,
							64
						]
					}
				]
			},
			{
				"name": "hat2",
				"parent": "hat",
				"pivot": [
					1.75,
					32,
					2
				],
				"rotation": [
					-3,
					0,
					1.5
				],
				"cubes": [
					{
						"origin": [
							-3.25,
							33.5,
							-3
						],
						"size": [
							7,
							4,
							7
						],
						"uv": [
							0,
							76
						]
					}
				]
			},
			{
				"name": "hat3",
				"parent": "hat2",
				"pivot": [
					1.75,
					35,
					2
				],
				"rotation": [
					-6,
					0,
					3
				],
				"cubes": [
					{
						"origin": [
							-1.5,
							36.5,
							-1
						],
						"size": [
							4,
							4,
							4
						],
						"uv": [
							0,
							87
						]
					}
				]
			},
			{
				"name": "hat4",
				"parent": "hat3",
				"pivot": [
					1.75,
					38,
					2
				],
				"rotation": [
					-12,
					0,
					6
				],
				"cubes": [
					{
						"origin": [
							0.25,
							40,
							1
						],
						"size": [
							1,
							2,
							1
						],
						"uv": [
							0,
							95
						],
						"inflate": 0.25
					}
				]
			},
			{
				"name": "left_arm",
				"parent": "body",
				"pivot": [
					4,
					22,
					0.25
				],
				"cubes": [
					{
						"origin": [
							4,
							18.03596,
							-2.12757
						],
						"size": [
							4,
							6,
							4
						],
						"uv": [
							44,
							22
						],
						"mirror": true
					}
				]
			},
			{
				"name": "left_elbow",
				"parent": "left_arm",
				"pivot": [
					6,
					18.03596,
					1.87243
				],
				"rotation": [
					0,
					0,
					90
				],
				"cubes": [
					{
						"origin": [
							6,
							16.03596,
							-2.12757
						],
						"size": [
							6,
							4,
							4
						],
						"uv": [
							40,
							38
						]
					}
				]
			},
			{
				"name": "held_item",
				"parent": "left_elbow",
				"pivot": [
					10,
					6.03596,
					-0.12757
				]
			},
			{
				"name": "right_arm",
				"parent": "body",
				"pivot": [
					-4,
					22,
					-0.25
				],
				"cubes": [
					{
						"origin": [
							-8,
							18.03596,
							-1.87243
						],
						"size": [
							4,
							6,
							4
						],
						"uv": [
							44,
							22
						]
					}
				]
			},
			{
				"name": "right_elbow",
				"parent": "right_arm",
				"pivot": [
					-6,
					18.03596,
					2.12757
				],
				"rotation": [
					0,
					0,
					-90
				],
				"cubes": [
					{
						"origin": [
							-12,
							16.03596,
							-1.87243
						],
						"size": [
							6,
							4,
							4
						],
						"uv": [
							40,
							38
						],
						"mirror": true
					}
				]
			},
			{
				"name": "hip",
				"parent": "root",
				"pivot": [
					0,
					12,
					0
				]
			},
			{
				"name": "right_leg",
				"parent": "hip",
				"pivot": [
					-2,
					12,
					0
				],
				"cubes": [
					{
						"origin": [
							-4,
							6,
							-2
						],
						"size": [
							4,
							6,
							4
						],
						"uv": [
							0,
							22
						]
					}
				]
			},
			{
				"name": "right_knee",
				"parent": "right_leg",
				"pivot": [
					-2,
					6,
					-2
				],
				"cubes": [
					{
						"origin": [
							-4,
							0,
							-2
						],
						"size": [
							4,
							6,
							4
						],
						"uv": [
							0,
							28
						]
					}
				]
			},
			{
				"name": "left_leg",
				"parent": "hip",
				"pivot": [
					2,
					12,
					0
				],
				"cubes": [
					{
						"origin": [
							0,
							6,
							-2
						],
						"size": [
							4,
							6,
							4
						],
						"uv": [
							0,
							22
						],
						"mirror": true
					}
				]
			},
			{
				"name": "left_knee",
				"parent": "left_leg",
				"pivot": [
					2,
					6,
					-2
				],
				"cubes": [
					{
						"origin": [
							0,
							0,
							-2
						],
						"size": [
							4,
							6,
							4
						],
						"uv": [
							0,
							28
						],
						"mirror": true
					}
				]
			}
		]
	}
}