{
	"format_version": "1.8.0",
	"geometry.wolf": {
		"texturewidth": 64,
		"textureheight": 32,
		"visible_bounds_width": 3,
		"visible_bounds_height": 3,
		"visible_bounds_offset": [
			0,
			0.5,
			0
		],
		"bones": [
			{
				"name": "root",
				"pivot": [
					0,
					0,
					0
				]
			},
			{
				"name": "upperBody",
				"parent": "root",
				"pivot": [
					-1,
					10,
					-3
				],
				"rotation": [
					90,
					0,
					0
				],
				"cubes": [
					{
						"origin": [
							-5,
							7,
							-6
						],
						"size": [
							8,
							6,
							7
						],
						"uv": [
							21,
							0
						]
					}
				]
			},
			{
				"name": "head",
				"parent": "upperBody",
				"pivot": [
					-1,
					14.5,
					-2.5
				],
				"rotation": [
					-90,
					0,
					0
				],
				"cubes": [
					{
						"origin": [
							-4,
							11.5,
							-4.5
						],
						"size": [
							6,
							6,
							4
						],
						"uv": [
							0,
							0
						]
					},
					{
						"origin": [
							-2.5,
							12.51563,
							-7.5
						],
						"size": [
							3,
							2,
							4
						],
						"uv": [
							0,
							10
						]
					}
				],
				"locators": {
					"lead": [
						-1,
						14.5,
						-2.5
					]
				}
			},
			{
				"name": "eyelids",
				"parent": "head",
				"pivot": [
					-1,
					14.5,
					-2.5
				],
				"cubes": [
					{
						"origin": [
							-4,
							14.5,
							-4.6
						],
						"size": [
							2,
							1,
							0
						],
						"uv": [
							4,
							0
						]
					},
					{
						"origin": [
							0,
							14.5,
							-4.6
						],
						"size": [
							2,
							1,
							0
						],
						"uv": [
							4,
							0
						]
					}
				]
			},
			{
				"name": "jaw",
				"parent": "head",
				"pivot": [
					-1,
					13.5,
					-4.5
				],
				"cubes": [
					{
						"origin": [
							-2.5,
							11.51563,
							-7.5
						],
						"size": [
							3,
							2,
							4
						],
						"uv": [
							0,
							11
						]
					}
				]
			},
			{
				"name": "left_ear",
				"parent": "head",
				"pivot": [
					1,
					17.5,
					-1.5
				],
				"cubes": [
					{
						"origin": [
							0,
							17.5,
							-2.5
						],
						"size": [
							2,
							2,
							1
						],
						"uv": [
							16,
							14
						]
					}
				]
			},
			{
				"name": "right_ear",
				"parent": "head",
				"pivot": [
					-3,
					17.5,
					-1.5
				],
				"cubes": [
					{
						"origin": [
							-4,
							17.5,
							-2.5
						],
						"size": [
							2,
							2,
							1
						],
						"uv": [
							16,
							14
						]
					}
				]
			},
			{
				"name": "leg2",
				"parent": "upperBody",
				"pivot": [
					-2.5,
					11,
					-5
				],
				"rotation": [
					-90,
					0,
					0
				],
				"cubes": [
					{
						"origin": [
							-3.5,
							7,
							-6
						],
						"size": [
							2,
							4,
							2
						],
						"uv": [
							0,
							18
						]
					}
				]
			},
			{
				"name": "knee2",
				"parent": "leg2",
				"pivot": [
					-2.5,
					7,
					-6
				],
				"cubes": [
					{
						"origin": [
							-3.5,
							3,
							-6
						],
						"size": [
							2,
							4,
							2
						],
						"uv": [
							0,
							22
						]
					}
				]
			},
			{
				"name": "leg3",
				"parent": "upperBody",
				"pivot": [
					0.5,
					11,
					-5
				],
				"rotation": [
					-90,
					0,
					0
				],
				"cubes": [
					{
						"origin": [
							-0.5,
							7,
							-6
						],
						"size": [
							2,
							4,
							2
						],
						"uv": [
							0,
							18
						]
					}
				]
			},
			{
				"name": "knee3",
				"parent": "leg3",
				"pivot": [
					0.5,
					7,
					-6
				],
				"cubes": [
					{
						"origin": [
							-0.5,
							3,
							-6
						],
						"size": [
							2,
							4,
							2
						],
						"uv": [
							0,
							22
						]
					}
				]
			},
			{
				"name": "body",
				"parent": "root",
				"pivot": [
					0,
					10,
					1
				],
				"rotation": [
					90,
					0,
					0
				],
				"cubes": [
					{
						"origin": [
							-4,
							2,
							-2
						],
						"size": [
							6,
							9,
							6
						],
						"uv": [
							18,
							14
						]
					}
				]
			},
			{
				"name": "leg0",
				"parent": "root",
				"pivot": [
					-2.5,
					8,
					7
				],
				"cubes": [
					{
						"origin": [
							-3.5,
							4,
							6
						],
						"size": [
							2,
							4,
							2
						],
						"uv": [
							0,
							18
						]
					}
				]
			},
			{
				"name": "knee",
				"parent": "leg0",
				"pivot": [
					-2.5,
					4,
					6
				],
				"cubes": [
					{
						"origin": [
							-3.5,
							0,
							6
						],
						"size": [
							2,
							4,
							2
						],
						"uv": [
							0,
							22
						]
					}
				]
			},
			{
				"name": "leg1",
				"parent": "root",
				"pivot": [
					0.5,
					8,
					7
				],
				"cubes": [
					{
						"origin": [
							-0.5,
							4,
							6
						],
						"size": [
							2,
							4,
							2
						],
						"uv": [
							0,
							18
						]
					}
				]
			},
			{
				"name": "knee1",
				"parent": "leg1",
				"pivot": [
					0.5,
					4,
					6
				],
				"cubes": [
					{
						"origin": [
							-0.5,
							0,
							6
						],
						"size": [
							2,
							4,
							2
						],
						"uv": [
							0,
							22
						]
					}
				]
			},
			{
				"name": "tail",
				"parent": "root",
				"pivot": [
					-1,
					12,
					8
				],
				"rotation": [
					50,
					0,
					0
				],
				"cubes": [
					{
						"origin": [
							-2,
							8,
							7
						],
						"size": [
							2,
							4,
							2
						],
						"uv": [
							9,
							22
						]
					}
				]
			},
			{
				"name": "segment",
				"parent": "tail",
				"pivot": [
					-1,
					8,
					8
				],
				"cubes": [
					{
						"origin": [
							-2,
							4,
							7
						],
						"size": [
							2,
							4,
							2
						],
						"uv": [
							9,
							18
						]
					}
				]
			}
		]
	}
}