{
	"format_version": "1.8.0",
	"geometry.zombiev1": {
		"texturewidth": 64,
		"textureheight": 32,
		"visible_bounds_width": 6,
		"visible_bounds_height": 4,
		"visible_bounds_offset": [
			0,
			2,
			0
		],
		"bones": [
			{
				"name": "root",
				"pivot": [
					0,
					12,
					0
				]
			},
			{
				"name": "spine",
				"parent": "root",
				"pivot": [
					0,
					12,
					0
				]
			},
			{
				"name": "head",
				"parent": "spine",
				"pivot": [
					0,
					24,
					0
				],
				"cubes": [
					{
						"origin": [
							-4,
							24,
							-4
						],
						"size": [
							8,
							8,
							8
						],
						"uv": [
							0,
							0
						]
					}
				]
			},
			{
				"name": "hat",
				"parent": "head",
				"pivot": [
					0,
					24,
					0
				],
				"cubes": [
					{
						"origin": [
							-4,
							24,
							-4
						],
						"size": [
							8,
							8,
							8
						],
						"uv": [
							32,
							0
						],
						"inflate": 0.5
					}
				]
			},
			{
				"name": "rightArm",
				"parent": "spine",
				"pivot": [
					-5,
					22,
					0
				],
				"mirror": true,
				"cubes": [
					{
						"origin": [
							-8,
							18,
							-2
						],
						"size": [
							4,
							6,
							4
						],
						"uv": [
							40,
							16
						],
						"mirror": false
					}
				]
			},
			{
				"name": "elbow2",
				"parent": "rightArm",
				"pivot": [
					-6,
					18,
					2
				],
				"cubes": [
					{
						"origin": [
							-8,
							12,
							-2
						],
						"size": [
							4,
							6,
							4
						],
						"uv": [
							40,
							22
						]
					}
				]
			},
			{
				"name": "rightItem",
				"parent": "elbow2",
				"pivot": [
					-6,
					15,
					1
				]
			},
			{
				"name": "leftArm",
				"parent": "spine",
				"pivot": [
					5,
					22,
					0
				],
				"mirror": true,
				"cubes": [
					{
						"origin": [
							4,
							18,
							-2
						],
						"size": [
							4,
							6,
							4
						],
						"uv": [
							40,
							16
						]
					}
				]
			},
			{
				"name": "elbow",
				"parent": "leftArm",
				"pivot": [
					6,
					18,
					2
				],
				"cubes": [
					{
						"origin": [
							4,
							12,
							-2
						],
						"size": [
							4,
							6,
							4
						],
						"uv": [
							40,
							22
						],
						"mirror": true
					}
				]
			},
			{
				"name": "leftItem",
				"parent": "elbow",
				"pivot": [
					6,
					15,
					1
				]
			},
			{
				"name": "body",
				"parent": "spine",
				"pivot": [
					0,
					24,
					0
				],
				"cubes": [
					{
						"origin": [
							-4,
							12,
							-2
						],
						"size": [
							8,
							12,
							4
						],
						"uv": [
							16,
							16
						]
					}
				]
			},
			{
				"name": "waist",
				"parent": "root",
				"pivot": [
					0,
					12,
					0
				]
			},
			{
				"name": "leftLeg",
				"parent": "waist",
				"pivot": [
					1.9,
					12,
					0
				],
				"mirror": true,
				"cubes": [
					{
						"origin": [
							-0.1,
							6,
							-2
						],
						"size": [
							4,
							6,
							4
						],
						"uv": [
							0,
							16
						]
					}
				]
			},
			{
				"name": "knee",
				"parent": "leftLeg",
				"pivot": [
					1.9,
					6,
					-2
				],
				"cubes": [
					{
						"origin": [
							-0.1,
							0,
							-2
						],
						"size": [
							4,
							6,
							4
						],
						"uv": [
							0,
							22
						],
						"mirror": true
					}
				]
			},
			{
				"name": "rightLeg",
				"parent": "waist",
				"pivot": [
					-1.9,
					12,
					0
				],
				"mirror": true,
				"cubes": [
					{
						"origin": [
							-3.9,
							6,
							-2
						],
						"size": [
							4,
							6,
							4
						],
						"uv": [
							0,
							16
						],
						"mirror": false
					}
				]
			},
			{
				"name": "knee2",
				"parent": "rightLeg",
				"pivot": [
					-1.9,
					6,
					-2
				],
				"cubes": [
					{
						"origin": [
							-3.9,
							0,
							-2
						],
						"size": [
							4,
							6,
							4
						],
						"uv": [
							0,
							22
						]
					}
				]
			}
		]
	}
}