{
	"format_version": "1.8.0",
	"geometry.zombie.villager_v2": {
		"texturewidth": 64,
		"textureheight": 64,
		"visible_bounds_width": 8,
		"visible_bounds_height": 3,
		"visible_bounds_offset": [
			0,
			1.5,
			0
		],
		"bones": [
			{
				"name": "root",
				"pivot": [
					0,
					0,
					0
				]
			},
			{
				"name": "spine",
				"parent": "root",
				"pivot": [
					0,
					10,
					0
				]
			},
			{
				"name": "head",
				"parent": "spine",
				"pivot": [
					0,
					24,
					0
				],
				"cubes": [
					{
						"origin": [
							-4,
							24,
							-4
						],
						"size": [
							8,
							10,
							8
						],
						"uv": [
							0,
							0
						],
						"inflate": 0.25
					},
					{
						"origin": [
							-1,
							23,
							-6
						],
						"size": [
							2,
							4,
							2
						],
						"uv": [
							24,
							0
						],
						"inflate": 0.25
					}
				]
			},
			{
				"name": "helmet",
				"parent": "head",
				"pivot": [
					0,
					24,
					0
				],
				"cubes": [
					{
						"origin": [
							-4,
							24,
							-4
						],
						"size": [
							8,
							10,
							8
						],
						"uv": [
							32,
							0
						],
						"inflate": 0.5
					}
				]
			},
			{
				"name": "brim",
				"parent": "head",
				"pivot": [
					0,
					24,
					0
				],
				"cubes": [
					{
						"origin": [
							-8,
							16,
							-6
						],
						"size": [
							16,
							16,
							1
						],
						"uv": [
							30,
							47
						],
						"inflate": 0.1
					}
				]
			},
			{
				"name": "rightArm",
				"parent": "spine",
				"pivot": [
					-5,
					22,
					0
				],
				"cubes": [
					{
						"origin": [
							-8,
							18,
							-2
						],
						"size": [
							4,
							6,
							4
						],
						"uv": [
							44,
							22
						]
					}
				]
			},
			{
				"name": "elbow2",
				"parent": "rightArm",
				"pivot": [
					-6,
					18,
					2
				],
				"cubes": [
					{
						"origin": [
							-8,
							12,
							-2
						],
						"size": [
							4,
							6,
							4
						],
						"uv": [
							44,
							28
						]
					}
				]
			},
			{
				"name": "rightItem",
				"parent": "elbow2",
				"pivot": [
					-6,
					15,
					1
				]
			},
			{
				"name": "leftArm",
				"parent": "spine",
				"pivot": [
					5,
					22,
					0
				],
				"mirror": true,
				"cubes": [
					{
						"origin": [
							4,
							18,
							-2
						],
						"size": [
							4,
							6,
							4
						],
						"uv": [
							44,
							22
						]
					}
				]
			},
			{
				"name": "elbow",
				"parent": "leftArm",
				"pivot": [
					6,
					18.25,
					2
				],
				"cubes": [
					{
						"origin": [
							4,
							12,
							-2
						],
						"size": [
							4,
							6,
							4
						],
						"uv": [
							44,
							28
						],
						"mirror": true
					}
				]
			},
			{
				"name": "leftItem",
				"parent": "elbow",
				"pivot": [
					6,
					15,
					1
				]
			},
			{
				"name": "body",
				"parent": "spine",
				"pivot": [
					0,
					24,
					0
				],
				"cubes": [
					{
						"origin": [
							-4,
							12,
							-3
						],
						"size": [
							8,
							12,
							6
						],
						"uv": [
							16,
							20
						]
					},
					{
						"origin": [
							-4,
							6,
							-3
						],
						"size": [
							8,
							18,
							6
						],
						"uv": [
							0,
							38
						],
						"inflate": 0.5
					}
				],
				"locators": {
					"zombie_blood": [
						0,
						29,
						0
					]
				}
			},
			{
				"name": "waist",
				"parent": "root",
				"pivot": [
					0,
					12,
					0
				]
			},
			{
				"name": "rightLeg",
				"parent": "waist",
				"pivot": [
					-2,
					12,
					0
				],
				"cubes": [
					{
						"origin": [
							-4,
							6,
							-2
						],
						"size": [
							4,
							6,
							4
						],
						"uv": [
							0,
							22
						]
					}
				]
			},
			{
				"name": "knee2",
				"parent": "rightLeg",
				"pivot": [
					-2,
					6,
					-2
				],
				"cubes": [
					{
						"origin": [
							-4,
							0,
							-2
						],
						"size": [
							4,
							6,
							4
						],
						"uv": [
							0,
							28
						]
					}
				]
			},
			{
				"name": "leftLeg",
				"parent": "waist",
				"pivot": [
					2,
					12,
					0
				],
				"mirror": true,
				"cubes": [
					{
						"origin": [
							0,
							6,
							-2
						],
						"size": [
							4,
							6,
							4
						],
						"uv": [
							0,
							22
						]
					}
				]
			},
			{
				"name": "knee",
				"parent": "leftLeg",
				"pivot": [
					2,
					6,
					-2
				],
				"cubes": [
					{
						"origin": [
							0,
							0,
							-2
						],
						"size": [
							4,
							6,
							4
						],
						"uv": [
							0,
							28
						],
						"mirror": true
					}
				]
			}
		]
	}
}