{
	"format_version": "1.19.0",
	"animation_controllers": {
		"controller.animation.chicken.common": {
			"states": {
				"default": {
					"animations": ["base"],
					"transitions": [
						{"base": "query.ground_speed < 0.3"},
						{"walk": "query.ground_speed > 0.3"},
						{"wing_flap": "!query.is_on_ground && !query.is_in_water"},
						{"swim": "query.is_in_water"},
						{"ride": "query.is_riding"}
					],
					"blend_transition": 0.2
				},
				"base": {
					"animations": [
						{"base": "v.base_anim == 1"},
						{"base2": "v.base_anim == 2"}
					],
					"on_entry": ["v.base_anim = math.random_integer(1, 2);"],
					"transitions": [
						{"default": "query.any_animation_finished && query.ground_speed < 0.3"},
						{"walk": "query.ground_speed > 0.3"},
						{"wing_flap": "!query.is_on_ground && !query.is_in_water\n"},
						{"swim": "query.is_in_water"},
						{"ride": "query.is_riding"}
					],
					"blend_transition": 0.2
				},
				"walk": {
					"animations": ["walking"],
					"transitions": [
						{"default": "query.ground_speed < 0.3"},
						{"run": "query.ground_speed > 4.5"},
						{"wing_flap": "!query.is_on_ground && !query.is_in_water\n"},
						{"swim": "query.is_in_water"},
						{"ride": "query.is_riding"}
					],
					"blend_transition": 0.2
				},
				"run": {
					"animations": ["running"],
					"transitions": [
						{"walk": "query.ground_speed < 1.5"},
						{"wing_flap": "!query.is_on_ground && !query.is_in_water\n"},
						{"swim": "query.is_in_water"},
						{"ride": "query.is_riding"}
					],
					"blend_transition": 0.2
				},
				"wing_flap": {
					"animations": ["flapping_wing"],
					"transitions": [
						{"default": "query.is_on_ground"},
						{"swim": "query.is_in_water"},
						{"ride": "query.is_riding"}
					],
					"blend_transition": 0.2
				},
				"swim": {
					"animations": ["swimming", "swimming_wing"],
					"transitions": [
						{"default": "!query.is_in_water && query.is_on_ground"},
						{"ride": "query.is_riding"}
					],
					"blend_transition": 0.2
				},
				"ride": {
					"animations": ["base"],
					"transitions": [
						{"default": "!query.is_riding"}
					],
					"blend_transition": 0.2
				}
			}
		},
		"controller.animation.chicken.facial": {
			"states": {
				"default": {
					"animations": ["base_face"],
					"transitions": [
						{"death_face": "!query.is_alive"}
					],
					"blend_transition": 0.25
				},
				"death_face": {
					"animations": ["death_face"],
					"transitions": [
						{"default": "query.is_alive"}
					],
					"blend_transition": 0.25
				}
			}
		},
		"controller.animation.chicken.look_target": {
			"states": {
				"default": {
					"transitions": [
						{"look": "query.is_alive"}
					]
				},
				"look": {
					"animations": ["looking"],
					"transitions": [
						{"default": "!query.is_alive\n"}
					]
				}
			}
		},
		"controller.animation.chicken.damage": {
			"states": {
				"default": {
					"transitions": [
						{"dmg1": "query.health == 3"},
						{"dmg2": "query.health == 2"},
						{"dmg3": "query.health == 1"}
					]
				},
				"dmg1": {
					"animations": ["hurt"],
					"transitions": [
						{"default": "query.health != 3"}
					]
				},
				"dmg2": {
					"animations": ["hurt"],
					"transitions": [
						{"default": "query.health != 2"}
					]
				},
				"dmg3": {
					"animations": ["hurt"],
					"transitions": [
						{"default": "query.health != 1"}
					]
				}
			}
		},
		"controller.animation.chicken.baby_chicken": {
			"states": {
				"default": {
					"animations": [
						{"baby": "query.is_baby"}
					]
				}
			}
		}
	}
}