{
	"format_version": "1.19.0",
	"animation_controllers": {
		"controller.animation.llama.v1.8.general": {
			"states": {
				"default": {
					"animations": ["base"],
					"transitions": [
						{"base": "query.ground_speed < 0.3"},
						{"walk": "query.ground_speed > 0.3"},
						{"swim": "query.is_in_water"},
						{"ride": "query.is_riding"}
					],
					"blend_transition": 0.2
				},
				"base": {
					"animations": ["base", "ear_wagging"],
					"transitions": [
						{"walk": "query.ground_speed > 0.3"},
						{"swim": "query.is_in_water"},
						{"ride": "query.is_riding"}
					],
					"blend_transition": 0.2
				},
				"walk": {
					"animations": ["walking"],
					"transitions": [
						{"base": "query.ground_speed < 0.3"},
						{"swim": "query.is_in_water"},
						{"ride": "query.is_riding"},
						{"run": "query.ground_speed > 5.5 && query.is_on_ground"}
					],
					"blend_transition": 0.2
				},
				"run": {
					"animations": ["running"],
					"transitions": [
						{"walk": "query.ground_speed < 2.5 || !query.is_on_ground"},
						{"swim": "query.is_in_water"},
						{"ride": "query.is_riding"}
					],
					"blend_transition": 0.2
				},
				"swim": {
					"animations": ["swimming"],
					"transitions": [
						{"default": "!query.is_in_water && query.is_on_ground"},
						{"ride": "query.is_riding"}
					],
					"blend_transition": 0.2
				},
				"ride": {
					"animations": ["base"],
					"transitions": [
						{"default": "!query.is_riding"}
					],
					"blend_transition": 0.2
				}
			}
		},
		"controller.animation.llama.v1.8.baby_llama": {
			"states": {
				"default": {
					"animations": [
						{"baby": "query.is_baby"}
					]
				}
			}
		},
		"controller.animation.llama.v1.8.facial": {
			"states": {
				"default": {
					"animations": ["base_face"],
					"transitions": [
						{"death_face": "!query.is_alive"}
					],
					"blend_transition": 0.15
				},
				"death_face": {
					"animations": ["death_face"],
					"transitions": [
						{"default": "query.is_alive"}
					],
					"blend_transition": 0.15
				}
			}
		},
		"controller.animation.llama.v1.8.look_target": {
			"states": {
				"default": {
					"transitions": [
						{"look": "query.is_alive"}
					]
				},
				"look": {
					"animations": ["looking"],
					"transitions": [
						{"default": "!query.is_alive"}
					]
				}
			}
		},
		"controller.animation.llama.v1.8.damage": {
			"states": {
				"default": {
					"transitions": [
						{"dmg1": "query.health == 29"},
						{"dmg2": "query.health == 28"},
						{"dmg3": "query.health == 27"},
						{"dmg4": "query.health == 26"},
						{"dmg5": "query.health == 25"},
						{"dmg6": "query.health == 24"},
						{"dmg7": "query.health == 23"},
						{"dmg8": "query.health == 22"},
						{"dmg9": "query.health == 21"},
						{"dmg10": "query.health == 20"},
						{"dmg11": "query.health == 19"},
						{"dmg12": "query.health == 18"},
						{"dmg13": "query.health == 17"},
						{"dmg14": "query.health == 16"},
						{"dmg15": "query.health == 15"},
						{"dmg16": "query.health == 14"},
						{"dmg17": "query.health == 13"},
						{"dmg18": "query.health == 12"},
						{"dmg19": "query.health == 11"},
						{"dmg20": "query.health == 10"},
						{"dmg21": "query.health == 9"},
						{"dmg22": "query.health == 8"},
						{"dmg23": "query.health == 7"},
						{"dmg24": "query.health == 6"},
						{"dmg25": "query.health == 5"},
						{"dmg26": "query.health == 4"},
						{"dmg27": "query.health == 3"},
						{"dmg28": "query.health == 2"},
						{"dmg29": "query.health == 1"}
					]
				},
				"dmg1": {
					"animations": ["hurt"],
					"transitions": [
						{"default": "query.health != 29"}
					]
				},
				"dmg2": {
					"animations": ["hurt"],
					"transitions": [
						{"default": "query.health != 28"}
					]
				},
				"dmg3": {
					"animations": ["hurt"],
					"transitions": [
						{"default": "query.health != 27"}
					]
				},
				"dmg4": {
					"animations": ["hurt"],
					"transitions": [
						{"default": "query.health != 26"}
					]
				},
				"dmg5": {
					"animations": ["hurt"],
					"transitions": [
						{"default": "query.health != 25"}
					]
				},
				"dmg6": {
					"animations": ["hurt"],
					"transitions": [
						{"default": "query.health != 24"}
					]
				},
				"dmg7": {
					"animations": ["hurt"],
					"transitions": [
						{"default": "query.health != 23"}
					]
				},
				"dmg8": {
					"animations": ["hurt"],
					"transitions": [
						{"default": "query.health != 22"}
					]
				},
				"dmg9": {
					"animations": ["hurt"],
					"transitions": [
						{"default": "query.health != 21"}
					]
				},
				"dmg10": {
					"animations": ["hurt"],
					"transitions": [
						{"default": "query.health != 20"}
					]
				},
				"dmg11": {
					"animations": ["hurt"],
					"transitions": [
						{"default": "query.health != 19"}
					]
				},
				"dmg12": {
					"animations": ["hurt"],
					"transitions": [
						{"default": "query.health != 18"}
					]
				},
				"dmg13": {
					"animations": ["hurt"],
					"transitions": [
						{"default": "query.health != 17"}
					]
				},
				"dmg14": {
					"animations": ["hurt"],
					"transitions": [
						{"default": "query.health != 16"}
					]
				},
				"dmg15": {
					"animations": ["hurt"],
					"transitions": [
						{"default": "query.health != 15"}
					]
				},
				"dmg16": {
					"animations": ["hurt"],
					"transitions": [
						{"default": "query.health != 14"}
					]
				},
				"dmg17": {
					"animations": ["hurt"],
					"transitions": [
						{"default": "query.health != 13"}
					]
				},
				"dmg18": {
					"animations": ["hurt"],
					"transitions": [
						{"default": "query.health != 12"}
					]
				},
				"dmg19": {
					"animations": ["hurt"],
					"transitions": [
						{"default": "query.health != 11"}
					]
				},
				"dmg20": {
					"animations": ["hurt"],
					"transitions": [
						{"default": "query.health != 10"}
					]
				},
				"dmg21": {
					"animations": ["hurt"],
					"transitions": [
						{"default": "query.health != 9"}
					]
				},
				"dmg22": {
					"animations": ["hurt"],
					"transitions": [
						{"default": "query.health != 8"}
					]
				},
				"dmg23": {
					"animations": ["hurt"],
					"transitions": [
						{"default": "query.health != 7"}
					]
				},
				"dmg24": {
					"animations": ["hurt"],
					"transitions": [
						{"default": "query.health != 6"}
					]
				},
				"dmg25": {
					"animations": ["hurt"],
					"transitions": [
						{"default": "query.health != 5"}
					]
				},
				"dmg26": {
					"animations": ["hurt"],
					"transitions": [
						{"default": "query.health != 4"}
					]
				},
				"dmg27": {
					"animations": ["hurt"],
					"transitions": [
						{"default": "query.health != 3"}
					]
				},
				"dmg28": {
					"animations": ["hurt"],
					"transitions": [
						{"default": "query.health != 2"}
					]
				},
				"dmg29": {
					"animations": ["hurt"]
				}
			}
		}
	}
}