{
	"format_version": "1.19.0",
	"animation_controllers": {
		"controller.animation.parrot.general": {
			"states": {
				"default": {
					"animations": ["base"],
					"transitions": [
						{"base": "query.ground_speed < 0.3 || query.is_standing"},
						{"sit": "query.is_sitting"},
						{"fly": "!query.is_on_ground && !query.is_in_water\n"},
						{"swim": "query.is_in_water"},
						{"dance": "query.is_dancing && query.is_on_ground"},
						{"ride": "query.is_riding"}
					],
					"blend_transition": 0.2
				},
				"base": {
					"animations": ["base"],
					"transitions": [
						{"step": "query.ground_speed > 0.3 && !query.is_standing"},
						{"sit": "query.is_sitting"},
						{"fly": "!query.is_on_ground && !query.is_in_water && !query.is_standing\n"},
						{"swim": "query.is_in_water"},
						{"dance": "query.is_dancing && query.is_on_ground"},
						{"ride": "query.is_riding"}
					],
					"blend_transition": 0.2
				},
				"step": {
					"animations": ["step"],
					"transitions": [
						{"walk": "query.any_animation_finished"},
						{"sit": "query.is_sitting"},
						{"fly": "!query.is_on_ground && !query.is_in_water\n"},
						{"swim": "query.is_in_water"},
						{"dance": "query.is_dancing && query.is_on_ground\n"},
						{"ride": "query.is_riding"}
					],
					"blend_transition": 0.25
				},
				"walk": {
					"animations": ["walking"],
					"transitions": [
						{"base": "query.ground_speed < 0.3 || query.is_standing\n"},
						{"sit": "query.is_sitting"},
						{"fly": "!query.is_on_ground && !query.is_in_water\n"},
						{"swim": "query.is_in_water"},
						{"dance": "query.is_dancing && query.is_on_ground\n"},
						{"ride": "query.is_riding"}
					],
					"blend_transition": 0.2
				},
				"sit": {
					"animations": ["sit"],
					"transitions": [
						{"base": "!query.is_sitting"},
						{"fly": "!query.is_on_ground && !query.is_in_water\n"},
						{"swim": "query.is_in_water"},
						{"dance": "query.is_dancing && query.is_on_ground\n"},
						{"ride": "query.is_riding"}
					],
					"blend_transition": 0.2
				},
				"fly": {
					"animations": ["fly"],
					"transitions": [
						{"default": "query.is_on_ground"},
						{"swim": "query.is_in_water"},
						{"ride": "query.is_riding"},
						{"landing": "query.modified_move_speed < 0.5"},
						{"base": "query.is_standing"}
					],
					"blend_transition": 0.2
				},
				"swim": {
					"animations": ["swimming"],
					"transitions": [
						{"default": "!query.is_in_water && query.is_on_ground"},
						{"ride": "query.is_riding"},
						{"base": "query.is_standing"}
					],
					"blend_transition": 0.2
				},
				"dance": {
					"animations": ["dancing"],
					"transitions": [
						{"default": "!query.is_dancing || !query.is_on_ground"},
						{"swim": "query.is_in_water"},
						{"fly": "!query.is_on_ground && !query.is_in_water\n"},
						{"step": "query.ground_speed > 0.3"},
						{"ride": "query.is_riding"}
					],
					"blend_transition": 0.2
				},
				"ride": {
					"animations": ["base"],
					"transitions": [
						{"default": "!query.is_riding"}
					],
					"blend_transition": 0.2
				},
				"landing": {
					"animations": ["landing"],
					"transitions": [
						{"default": "query.is_on_ground"},
						{"swim": "query.is_in_water"},
						{"fly": "query.modified_move_speed > 0.5\n"},
						{"ride": "query.is_riding"}
					],
					"blend_transition": 0.2
				}
			}
		},
		"controller.animation.parrot.facial": {
			"states": {
				"default": {
					"animations": ["base_face"],
					"transitions": [
						{"death_face": "!query.is_alive"}
					],
					"blend_transition": 0.15
				},
				"death_face": {
					"animations": ["death_face"],
					"transitions": [
						{"default": "query.is_alive"}
					],
					"blend_transition": 0.15
				}
			}
		},
		"controller.animation.parrot.look_target": {
			"states": {
				"default": {
					"transitions": [
						{"look": "query.is_alive"}
					]
				},
				"look": {
					"animations": ["looking"],
					"transitions": [
						{"default": "!query.is_alive"}
					]
				}
			}
		},
		"controller.animation.parrot.damage": {
			"states": {
				"default": {
					"transitions": [
						{"dmg1": "query.health == 5"},
						{"dmg2": "query.health == 4"},
						{"dmg3": "query.health == 3"},
						{"dmg4": "query.health == 2"},
						{"dmg5": "query.health == 1"}
					]
				},
				"dmg1": {
					"animations": ["hurt"],
					"transitions": [
						{"default": "query.health != 5"}
					]
				},
				"dmg2": {
					"animations": ["hurt"],
					"transitions": [
						{"default": "query.health != 4"}
					]
				},
				"dmg3": {
					"animations": ["hurt"],
					"transitions": [
						{"default": "query.health != 3"}
					]
				},
				"dmg4": {
					"animations": ["hurt"],
					"transitions": [
						{"default": "query.health != 2"}
					]
				},
				"dmg5": {
					"animations": ["hurt"],
					"transitions": [
						{"default": "query.health != 1"}
					]
				}
			}
		}
	}
}