{
	"format_version": "1.19.0",
	"animation_controllers": {
		"controller.animation.skeleton.stray.v1.8.general": {
			"states": {
				"default": {
					"animations": ["base"],
					"transitions": [
						{"base": "query.ground_speed < 0.3"},
						{"attack": "query.has_target"},
						{"walk": "query.ground_speed > 0.3"},
						{"ride": "query.is_riding"},
						{"walk_in_water": "query.is_in_water && query.ground_speed > 0.45"}
					],
					"blend_transition": 0.2
				},
				"base": {
					"animations": ["base"],
					"on_entry": [],
					"transitions": [
						{"walk": "query.ground_speed > 0.3"},
						{"attack": "query.has_target"},
						{"ride": "query.is_riding"},
						{"walk_in_water": "query.is_in_water && query.ground_speed > 0.45"}
					],
					"blend_transition": 0.2,
					"blend_via_shortest_path": true
				},
				"walk": {
					"animations": ["walking"],
					"transitions": [
						{"base": "query.ground_speed < 0.3"},
						{"attack": "query.has_target"},
						{"ride": "query.is_riding"},
						{"walk_in_water": "query.is_in_water && query.ground_speed > 0.45"}
					],
					"blend_transition": 0.2
				},
				"attack": {
					"animations": [
						"hold_bow",
						{"riding_attack": "query.is_riding"}
					],
					"transitions": [
						{"default": "!query.has_target && !query.is_riding"},
						{"ride": "query.is_riding && !query.has_target"}
					],
					"blend_transition": 0.2
				},
				"ride": {
					"animations": ["riding"],
					"transitions": [
						{"default": "!query.is_riding"},
						{"attack": "query.has_target"}
					],
					"blend_transition": 0.2
				},
				"walk_in_water": {
					"animations": ["walking"],
					"transitions": [
						{"base": "query.ground_speed == 0"},
						{"walk": "!query.is_in_water && query.is_on_ground"},
						{"attack": "query.has_target"},
						{"ride": "query.is_riding"}
					],
					"blend_transition": 0.5
				}
			}
		},
		"controller.animation.skeleton.stray.v1.8.damage": {
			"states": {
				"default": {
					"transitions": [
						{"dmg1": "query.health == 19 && query.is_alive"},
						{"dmg2": "query.health == 18 && query.is_alive"},
						{"dmg3": "query.health == 17 && query.is_alive"},
						{"dmg4": "query.health == 16 && query.is_alive"},
						{"dmg5": "query.health == 15 && query.is_alive"},
						{"dmg6": "query.health == 14 && query.is_alive"},
						{"dmg7": "query.health == 13 && query.is_alive"},
						{"dmg8": "query.health == 12 && query.is_alive"},
						{"dmg9": "query.health == 11 && query.is_alive"},
						{"dmg10": "query.health == 10 && query.is_alive"},
						{"dmg11": "query.health == 9 && query.is_alive"},
						{"dmg12": "query.health == 8 && query.is_alive"},
						{"dmg13": "query.health == 7 && query.is_alive"},
						{"dmg14": "query.health == 6 && query.is_alive"},
						{"dmg15": "query.health == 5 && query.is_alive"},
						{"dmg16": "query.health == 4 && query.is_alive"},
						{"dmg17": "query.health == 3 && query.is_alive"},
						{"dmg18": "query.health == 2 && query.is_alive"},
						{"dmg19": "query.health == 1 && query.is_alive"}
					]
				},
				"dmg1": {
					"animations": [
						{"hurt": "v.hurt_anim == 1"},
						{"hurt2": "v.hurt_anim == 2"}
					],
					"on_entry": ["v.hurt_anim = math.random_integer(1, 2);"],
					"transitions": [
						{"default": "query.health != 19"}
					]
				},
				"dmg2": {
					"animations": [
						{"hurt": "v.hurt_anim == 1"},
						{"hurt2": "v.hurt_anim == 2"}
					],
					"on_entry": ["v.hurt_anim = math.random_integer(1, 2);"],
					"transitions": [
						{"default": "query.health != 18"}
					]
				},
				"dmg3": {
					"animations": [
						{"hurt": "v.hurt_anim == 1"},
						{"hurt2": "v.hurt_anim == 2"}
					],
					"on_entry": ["v.hurt_anim = math.random_integer(1, 2);"],
					"transitions": [
						{"default": "query.health != 17"}
					]
				},
				"dmg4": {
					"animations": [
						{"hurt": "v.hurt_anim == 1"},
						{"hurt2": "v.hurt_anim == 2"}
					],
					"on_entry": ["v.hurt_anim = math.random_integer(1, 2);"],
					"transitions": [
						{"default": "query.health != 16"}
					]
				},
				"dmg5": {
					"animations": [
						{"hurt": "v.hurt_anim == 1"},
						{"hurt2": "v.hurt_anim == 2"}
					],
					"on_entry": ["v.hurt_anim = math.random_integer(1, 2);"],
					"transitions": [
						{"default": "query.health != 15"}
					]
				},
				"dmg6": {
					"animations": [
						{"hurt": "v.hurt_anim == 1"},
						{"hurt2": "v.hurt_anim == 2"}
					],
					"on_entry": ["v.hurt_anim = math.random_integer(1, 2);"],
					"transitions": [
						{"default": "query.health != 14"}
					]
				},
				"dmg7": {
					"animations": [
						{"hurt": "v.hurt_anim == 1"},
						{"hurt2": "v.hurt_anim == 2"}
					],
					"on_entry": ["v.hurt_anim = math.random_integer(1, 2);"],
					"transitions": [
						{"default": "query.health != 13"}
					]
				},
				"dmg8": {
					"animations": [
						{"hurt": "v.hurt_anim == 1"},
						{"hurt2": "v.hurt_anim == 2"}
					],
					"on_entry": ["v.hurt_anim = math.random_integer(1, 2);"],
					"transitions": [
						{"default": "query.health != 12"}
					]
				},
				"dmg9": {
					"animations": [
						{"hurt": "v.hurt_anim == 1"},
						{"hurt2": "v.hurt_anim == 2"}
					],
					"on_entry": ["v.hurt_anim = math.random_integer(1, 2);"],
					"transitions": [
						{"default": "query.health != 11"}
					]
				},
				"dmg10": {
					"animations": [
						{"hurt": "v.hurt_anim == 1"},
						{"hurt2": "v.hurt_anim == 2"}
					],
					"on_entry": ["v.hurt_anim = math.random_integer(1, 2);"],
					"transitions": [
						{"default": "query.health != 10"}
					]
				},
				"dmg11": {
					"animations": [
						{"hurt": "v.hurt_anim == 1"},
						{"hurt2": "v.hurt_anim == 2"}
					],
					"on_entry": ["v.hurt_anim = math.random_integer(1, 2);"],
					"transitions": [
						{"default": "query.health != 9"}
					]
				},
				"dmg12": {
					"animations": [
						{"hurt": "v.hurt_anim == 1"},
						{"hurt2": "v.hurt_anim == 2"}
					],
					"on_entry": ["v.hurt_anim = math.random_integer(1, 2);"],
					"transitions": [
						{"default": "query.health != 8"}
					]
				},
				"dmg13": {
					"animations": [
						{"hurt": "v.hurt_anim == 1"},
						{"hurt2": "v.hurt_anim == 2"}
					],
					"on_entry": ["v.hurt_anim = math.random_integer(1, 2);"],
					"transitions": [
						{"default": "query.health != 7"}
					]
				},
				"dmg14": {
					"animations": [
						{"hurt": "v.hurt_anim == 1"},
						{"hurt2": "v.hurt_anim == 2"}
					],
					"on_entry": ["v.hurt_anim = math.random_integer(1, 2);"],
					"transitions": [
						{"default": "query.health != 6"}
					]
				},
				"dmg15": {
					"animations": [
						{"hurt": "v.hurt_anim == 1"},
						{"hurt2": "v.hurt_anim == 2"}
					],
					"on_entry": ["v.hurt_anim = math.random_integer(1, 2);"],
					"transitions": [
						{"default": "query.health != 5"}
					]
				},
				"dmg16": {
					"animations": [
						{"hurt": "v.hurt_anim == 1"},
						{"hurt2": "v.hurt_anim == 2"}
					],
					"on_entry": ["v.hurt_anim = math.random_integer(1, 2);"],
					"transitions": [
						{"default": "query.health != 4"}
					]
				},
				"dmg17": {
					"animations": [
						{"hurt": "v.hurt_anim == 1"},
						{"hurt2": "v.hurt_anim == 2"}
					],
					"on_entry": ["v.hurt_anim = math.random_integer(1, 2);"],
					"transitions": [
						{"default": "query.health != 3"}
					]
				},
				"dmg18": {
					"animations": [
						{"hurt": "v.hurt_anim == 1"},
						{"hurt2": "v.hurt_anim == 2"}
					],
					"on_entry": ["v.hurt_anim = math.random_integer(1, 2);"],
					"transitions": [
						{"default": "query.health != 2"}
					]
				},
				"dmg19": {
					"animations": [
						{"hurt": "v.hurt_anim == 1"},
						{"hurt2": "v.hurt_anim == 2"}
					],
					"on_entry": ["v.hurt_anim = math.random_integer(1, 2);"],
					"transitions": [
						{"default": "query.health != 1"}
					]
				}
			}
		},
		"controller.animation.skeleton.stray.v1.8.attack": {
			"states": {
				"default": {
					"transitions": [
						{"attack_stand": "query.has_target && !query.is_riding"}
					],
					"blend_transition": 0.2
				},
				"attack_walk": {
					"animations": ["hold_walk"],
					"transitions": [
						{"default": "!query.has_target || query.is_riding"},
						{"attack_stand": "query.ground_speed < 0.3"}
					],
					"blend_transition": 0.2
				},
				"attack_stand": {
					"animations": ["hold_stand"],
					"transitions": [
						{"default": "!query.has_target || query.is_riding\n"},
						{"attack_walk": "query.ground_speed > 0.3"}
					],
					"blend_transition": 0.2
				}
			}
		},
		"controller.animation.skeleton.stray.v1.8.look_target": {
			"states": {
				"default": {
					"transitions": [
						{"look": "query.is_alive"}
					]
				},
				"look": {
					"animations": ["looking"],
					"transitions": [
						{"default": "!query.is_alive"}
					]
				}
			}
		}
	}
}