{
	"format_version": "1.19.0",
	"animation_controllers": {
		"controller.animation.wolf.general": {
			"states": {
				"default": {
					"animations": ["base", "ear_wagging", "tail_wagging"],
					"transitions": [
						{"base": "query.ground_speed < 0.3"},
						{"walk": "query.ground_speed > 0.3"},
						{"sit": "query.is_sitting"},
						{"swim": "query.is_in_water"},
						{"shake": "query.is_shaking_wetness"},
						{"ride": "query.is_riding"}
					],
					"blend_transition": 0.2
				},
				"base": {
					"animations": [
						"base",
						"ear_wagging",
						{"tail_wagging": "!query.is_interested"},
						{"tail_wagging2": "query.is_interested"}
					],
					"transitions": [
						{"walk": "query.ground_speed > 0.3"},
						{"sit": "query.is_sitting"},
						{"swim": "query.is_in_water"},
						{"shake": "query.is_shaking_wetness"},
						{"ride": "query.is_riding"}
					],
					"blend_transition": 0.2
				},
				"walk": {
					"animations": ["walking"],
					"transitions": [
						{"base": "query.ground_speed < 0.3"},
						{"run": "query.ground_speed > 4.55 && query.is_on_ground"},
						{"sit": "query.is_sitting"},
						{"swim": "query.is_in_water"},
						{"ride": "query.is_riding"},
						{"has_target": "query.ground_speed > 0.3 && query.has_target"},
						{"shake": "query.is_shaking_wetness"}
					],
					"blend_transition": 0.2
				},
				"run": {
					"animations": ["running"],
					"transitions": [
						{"walk": "query.ground_speed < 1.2 || !query.is_on_ground"},
						{"sit": "query.is_sitting"},
						{"swim": "query.is_in_water"},
						{"ride": "query.is_riding"}
					],
					"blend_transition": 0.2
				},
				"has_target": {
					"animations": ["running"],
					"transitions": [
						{"walk": "!query.has_target"},
						{"swim": "query.is_in_water"},
						{"ride": "query.is_riding"},
						{"sit": "query.is_sitting"},
						{"base": "query.ground_speed < 0.3"}
					],
					"blend_transition": 0.2
				},
				"sit": {
					"animations": [
						"sitting",
						"ear_wagging",
						{"tail_wagging_sit": "!query.is_interested"},
						{"tail_wagging_sit2": "query.is_interested"},
						{"sitting_interested": "query.is_interested"}
					],
					"transitions": [
						{"default": "!query.is_sitting"},
						{"swim": "query.is_in_water"},
						{"ride": "query.is_riding"}
					],
					"blend_transition": 0.2
				},
				"swim": {
					"animations": ["swimming", "tail_wagging_swim"],
					"transitions": [
						{"default": "!query.is_in_water && query.is_on_ground"},
						{"ride": "query.is_riding"}
					],
					"blend_transition": 0.2
				},
				"shake": {
					"animations": ["shaking_time"],
					"transitions": [
						{"after_shake": "query.any_animation_finished"},
						{"swim": "query.is_in_water"},
						{"ride": "query.is_riding"},
						{"walk_no_shake": "query.ground_speed > 0.5 && query.is_on_ground"}
					],
					"blend_transition": 0.2
				},
				"after_shake": {
					"animations": ["after_shaking"],
					"transitions": [
						{"default": "query.any_animation_finished"},
						{"swim": "query.is_in_water"},
						{"walk": "query.ground_speed > 0.3"},
						{"ride": "query.is_riding"}
					],
					"blend_transition": 0.2
				},
				"ride": {
					"animations": [
						"base",
						"ear_wagging",
						{"tail_wagging": "!query.is_interested"},
						{"tail_wagging2": "query.is_interested"}
					],
					"transitions": [
						{"default": "!query.is_riding"}
					],
					"blend_transition": 0.2
				},
				"walk_no_shake": {
					"animations": ["walking"],
					"transitions": [
						{"default": "query.ground_speed < 0.3"},
						{"run": "query.ground_speed > 4.55 && query.is_on_ground"},
						{"sit": "query.is_sitting"},
						{"swim": "query.is_in_water"},
						{"ride": "query.is_riding"},
						{"has_target": "query.ground_speed > 0.3 && query.has_target"}
					],
					"blend_transition": 0.2
				}
			}
		},
		"controller.animation.wolf.facial": {
			"states": {
				"default": {
					"animations": ["base_face"],
					"transitions": [
						{"death_face": "!query.is_alive"},
						{"tamed_face": "query.is_tamed"}
					]
				},
				"tamed_face": {
					"animations": ["tamed_face"],
					"transitions": [
						{"death_face": "!query.is_alive"}
					]
				},
				"death_face": {
					"animations": ["death_face"],
					"transitions": [
						{"default": "query.is_alive"}
					]
				}
			}
		},
		"controller.animation.wolf.look_target": {
			"states": {
				"default": {
					"transitions": [
						{"look": "query.is_alive"}
					]
				},
				"look": {
					"animations": ["looking"]
				}
			}
		},
		"controller.animation.wolf.baby_wolf": {
			"states": {
				"default": {
					"animations": [
						{"baby": "query.is_baby"}
					]
				}
			}
		},
		"controller.animation.wolf.damage": {
			"states": {
				"default": {
					"transitions": [
						{"dmg1": "query.health == 19"},
						{"dmg2": "query.health == 18"},
						{"dmg3": "query.health == 17"},
						{"dmg4": "query.health == 16\n"},
						{"dmg5": "query.health == 15"},
						{"dmg6": "query.health == 14"},
						{"dmg7": "query.health == 13"},
						{"dmg8": "query.health == 12"},
						{"dmg9": "query.health == 11"},
						{"dmg10": "query.health == 10"},
						{"dmg11": "query.health == 9"},
						{"dmg12": "query.health == 8 && query.is_tamed"},
						{"dmg13": "query.health == 7"},
						{"dmg14": "query.health == 6"},
						{"dmg15": "query.health == 5"},
						{"dmg16": "query.health == 4"},
						{"dmg17": "query.health == 3"},
						{"dmg18": "query.health == 2"},
						{"dmg19": "query.health == 1"}
					]
				},
				"dmg1": {
					"animations": ["hurt"],
					"transitions": [
						{"default": "query.health != 19"}
					]
				},
				"dmg2": {
					"animations": ["hurt"],
					"transitions": [
						{"default": "query.health != 18"}
					]
				},
				"dmg3": {
					"animations": ["hurt"],
					"transitions": [
						{"default": "query.health != 17"}
					]
				},
				"dmg4": {
					"animations": ["hurt"],
					"transitions": [
						{"default": "query.health != 16"}
					]
				},
				"dmg5": {
					"animations": ["hurt"],
					"transitions": [
						{"default": "query.health != 15"}
					]
				},
				"dmg6": {
					"animations": ["hurt"],
					"transitions": [
						{"default": "query.health != 14"}
					]
				},
				"dmg7": {
					"animations": ["hurt"],
					"transitions": [
						{"default": "query.health != 13"}
					]
				},
				"dmg8": {
					"animations": ["hurt"],
					"transitions": [
						{"default": "query.health != 12"}
					]
				},
				"dmg9": {
					"animations": ["hurt"],
					"transitions": [
						{"default": "query.health != 11"}
					]
				},
				"dmg10": {
					"animations": ["hurt"],
					"transitions": [
						{"default": "query.health != 10"}
					]
				},
				"dmg11": {
					"animations": ["hurt"],
					"transitions": [
						{"default": "query.health != 9"}
					]
				},
				"dmg12": {
					"animations": ["hurt"],
					"transitions": [
						{"default": "query.health != 8"}
					]
				},
				"dmg13": {
					"animations": ["hurt"],
					"transitions": [
						{"default": "query.health != 7"}
					]
				},
				"dmg14": {
					"animations": ["hurt"],
					"transitions": [
						{"default": "query.health != 6"}
					]
				},
				"dmg15": {
					"animations": ["hurt"],
					"transitions": [
						{"default": "query.health != 5"}
					]
				},
				"dmg16": {
					"animations": ["hurt"],
					"transitions": [
						{"default": "query.health != 4"}
					]
				},
				"dmg17": {
					"animations": ["hurt"],
					"transitions": [
						{"default": "query.health != 3"}
					]
				},
				"dmg18": {
					"animations": ["hurt"],
					"transitions": [
						{"default": "query.health != 2"}
					]
				},
				"dmg19": {
					"animations": ["hurt"],
					"transitions": [
						{"default": "query.health != 1"}
					]
				}
			}
		}
	}
}