{
  "format_version": "1.8.0",
  "render_controllers": {
    "controller.render.fox": {
      "arrays": {
        "textures": {
          "Array.skins": [
            "Texture.red",
            "Texture.arctic"
          ]
        }
      },
      "geometry": "geometry.default",
      "part_visibility": [
        {
          "leg*": "!query.is_sleeping"
        }
      ],
      "materials": [
        {
          "*": "material.default"
        }
      ],
      "textures": ["array.skins[query.variant]"],
      "is_hurt_color": {
        "r": 1.0,
        "g": 1.0,
        "b": 1.0,
        "a": "q.is_alive ? 0.2 : 0"
      }
    }
  }
}
