{
  "format_version": "1.8.0",
  "render_controllers": {
    "controller.render.spider": {
      "arrays": {
        "materials": {
          "Array.materials": [ "Material.default", "Material.invisible" ]
        }
      },
      "geometry": "Geometry.default",
      "materials": [ { "*": "Array.materials[query.is_invisible]" } ],
      "textures": [ "Texture.default" ],
      "is_hurt_color": {
        "r": 1.0,
        "g": 1.0,
        "b": 1.0,
        "a": "q.is_alive ? 0.2 : 0"
      }
    }
  }
}
