{
  "format_version": "1.8.0",
  "render_controllers": {
    "controller.render.vex": {
      "arrays": {
        "textures": {
          "Array.textures": [ "Texture.default", "Texture.charging" ]
        }
      },
      "geometry": "Geometry.default",
      "materials": [ { "*": "Material.default" } ],
      "textures": [ "Array.textures[query.is_charging]" ],
      "ignore_lighting": true,
      "is_hurt_color": {
        "r": 1.0,
        "g": 1.0,
        "b": 1.0,
        "a": "q.is_alive ? 0.2 : 0"
      }
    }
  }
}
