{
	"format_version": "1.8.0",
	"animations": {
		"animation.cat.base": {
			"loop": true,
			"animation_length": 3,
			"bones": {
				"body": {
					"rotation": {
						"0.0": [1, 0, 0],
						"0.4583": [1.2, 0, 0],
						"1.5": [0.7, 0, 0],
						"2.0": [0.5, 0, 0],
						"3.0": [1, 0, 0]
					},
					"position": {
						"0.0": [0, -0.15, 0],
						"1.5": [0, 0.25, 0],
						"3.0": [0, -0.15, 0]
					}
				},
				"body1": {
					"position": {
						"0.0": [0, -0.1, 0],
						"3.0": [0, -0.1, 0]
					},
					"scale": {
						"0.0": [1, 1, 1],
						"1.5": [1.04, 1, 1],
						"3.0": [1, 1, 1]
					}
				},
				"head": {
					"rotation": {
						"0.0": [0, 0, 0],
						"0.5": [2.5, 0, 0],
						"1.5": [-1, 0, 0],
						"2.0": [-2.5, 0, 0],
						"3.0": [0, 0, 0]
					},
					"position": {
						"0.0": [0, 0, 0],
						"0.5417": [0, -0.3, 0],
						"1.5": [0, 0, 0],
						"2.0417": [0, 0.3, 0],
						"3.0": [0, 0, 0]
					}
				},
				"backLegL": {
					"rotation": {
						"0.0": [2, -1, -0.5],
						"1.5": [3, -1, -0.5],
						"3.0": [2, -1, -0.5]
					},
					"position": {
						"0.0": [0.1, 0, 0],
						"1.5": [0.1, 0, -0.1],
						"3.0": [0.1, 0, 0]
					}
				},
				"backLegR": {
					"rotation": {
						"0.0": [0, 0, 1],
						"1.5": [2, 0, 1],
						"3.0": [0, 0, 1]
					},
					"position": {
						"0.0": [0, 0, -0.1],
						"1.5": [0, 0, -0.3],
						"3.0": [0, 0, -0.1]
					}
				},
				"frontLegL": {
					"rotation": {
						"0.0": [-1, -2, 0],
						"1.5": [0, -2, 0],
						"3.0": [-1, -2, 0]
					},
					"position": {
						"0.0": [-0.02, 0, 0],
						"1.5": [-0.02, 0, -0.2],
						"3.0": [-0.02, 0, 0]
					}
				},
				"frontLegR": {
					"rotation": {
						"0.0": [-2, 2.2, 1],
						"1.5": [-1, 2.2, 1],
						"3.0": [-2, 2.2, 1]
					},
					"position": {
						"0.0": [0.02, 0, 0],
						"1.5": [0.02, 0, -0.2],
						"3.0": [0.02, 0, 0]
					}
				}
			}
		},
		"animation.cat.base_face": {
			"loop": true,
			"animation_length": 10,
			"bones": {
				"eye_r": {
					"scale": [1, "1+math.clamp(-variable.eye_target_y, 0, 23)*0.0076", 1]
				},
				"eye_l": {
					"scale": [1, "1+math.clamp(-variable.eye_target_y, 0, 23)*0.0076", 1]
				},
				"eyelid_right": {
					"position": {
						"1.0": [0.1, -1, 0.1],
						"1.0417": [0, "-1+math.clamp(-variable.eye_target_y, 0, 23)*0.0076", 0],
						"1.1667": [0, "-0.98+math.clamp(-variable.eye_target_y, 0, 23)*0.0076", 0],
						"1.3333": [0, "-1+math.clamp(-variable.eye_target_y, 0, 23)*0.0076", 0],
						"1.375": [0.1, -1, 0.1],
						"6.5": [0.1, -1, 0.1],
						"6.5417": [0, "-1+math.clamp(-variable.eye_target_y, 0, 23)*0.0076", 0],
						"6.6667": [0, "-0.98+math.clamp(-variable.eye_target_y, 0, 23)*0.0076", 0],
						"6.8333": [0, "-1+math.clamp(-variable.eye_target_y, 0, 23)*0.0076", 0],
						"6.875": [0.1, -1, 0.1]
					},
					"scale": {
						"1.0417": [1, 0.001, 1],
						"1.1667": [1, "1.05+math.clamp(-variable.eye_target_y, 0, 23)*0.0076", 1],
						"1.3333": [1, 0.001, 1],
						"6.5417": [1, 0.001, 1],
						"6.6667": [1, "1.05+math.clamp(-variable.eye_target_y, 0, 23)*0.0076", 1],
						"6.8333": [1, 0.001, 1]
					}
				},
				"eyelid_left": {
					"position": {
						"1.0": [-0.1, -1, 0.1],
						"1.0417": [0, "-1+math.clamp(-variable.eye_target_y, 0, 23)*0.0076", 0],
						"1.1667": [0, "-0.98+math.clamp(-variable.eye_target_y, 0, 23)*0.0076", 0],
						"1.3333": [0, "-1+math.clamp(-variable.eye_target_y, 0, 23)*0.0076", 0],
						"1.375": [-0.1, -1, 0.1],
						"6.5": [-0.1, -1, 0.1],
						"6.5417": [0, "-1+math.clamp(-variable.eye_target_y, 0, 23)*0.0076", 0],
						"6.6667": [0, "-0.98+math.clamp(-variable.eye_target_y, 0, 23)*0.0076", 0],
						"6.8333": [0, "-1+math.clamp(-variable.eye_target_y, 0, 23)*0.0076", 0],
						"6.875": [-0.1, -1, 0.1]
					},
					"scale": {
						"1.0417": [1, 0.001, 1],
						"1.1667": [1, "1.05+math.clamp(-variable.eye_target_y, 0, 23)*0.0076", 1],
						"1.3333": [1, 0.001, 1],
						"6.5417": [1, 0.001, 1],
						"6.6667": [1, "1.05+math.clamp(-variable.eye_target_y, 0, 23)*0.0076", 1],
						"6.8333": [1, 0.001, 1]
					}
				}
			}
		},
		"animation.cat.death_face": {
			"loop": "hold_on_last_frame",
			"animation_length": 0.16667,
			"bones": {
				"eyelid_right": {
					"position": {
						"0.0": [0.1, -1, 0.1],
						"0.0417": [0, -1, 0],
						"0.1667": [0, -0.98, 0]
					},
					"scale": {
						"0.0417": [1, 0.001, 1],
						"0.1667": [1, 1.04, 1]
					}
				},
				"eyelid_left": {
					"position": {
						"0.0": [-0.1, -1, 0.1],
						"0.0417": [0, -1, 0],
						"0.1667": [0, -0.98, 0]
					},
					"scale": {
						"0.0417": [1, 0.001, 1],
						"0.1667": [1, 1.04, 1]
					}
				}
			}
		},
		"animation.cat.tail_wagging": {
			"loop": true,
			"animation_length": 2.5,
			"bones": {
				"tail02": {
					"rotation": {
						"0.0": [98.43322, 5.80436, 1.78947],
						"0.2917": [99.02978, 21.6215, 4.28169],
						"1.25": [102.433, -5.8044, -1.7895],
						"1.5417": [103.0298, -21.6215, -4.2817],
						"2.5": [98.43322, 5.80436, 1.78947]
					},
					"position": {
						"0.0": [-0.01, -4.825, 5],
						"0.2917": [-0.11, -4.825, 4.9],
						"1.25": [0.01, -4.83, 5.1],
						"1.5417": [0.11, -4.825, 5.3],
						"2.5": [-0.01, -4.825, 5]
					}
				},
				"tail0": {
					"rotation": {
						"0.0": [0, 10, 0],
						"1.25": [0, -10, 0],
						"2.5": [0, 10, 0]
					},
					"position": {
						"0.0": [-0.1, -0.1, 0],
						"1.25": [0.1, -0.1, 0],
						"2.5": [-0.1, -0.1, 0]
					}
				},
				"tail01": {
					"rotation": [51, 0, 0],
					"position": [0, 0.2, -4.2]
				}
			}
		},
		"animation.cat.ear_wagging": {
			"loop": true,
			"animation_length": 3,
			"bones": {
				"ear_left": {
					"rotation": {
						"0.0": [1.84032, -12.8713, -8.2076],
						"1.0": [0, -13, 0],
						"1.5": [-2.72112, 1.6481, 26.7946],
						"2.0833": [0, -13, 0],
						"3.0": [1.84032, -12.8713, -8.2076]
					},
					"position": {
						"0.0": [0, -0.1, 0],
						"1.0": [0, 0, 0],
						"1.5": [0, 0, 0],
						"2.0833": [0, 0, 0],
						"3.0": [0, -0.1, 0]
					}
				},
				"ear_right": {
					"rotation": {
						"0.0": [1.84032, 12.8713, 8.2076],
						"1.0": [0, 13, 0],
						"1.5": [-2.72112, -1.64808, -26.79457],
						"2.0833": [0, 13, 0],
						"3.0": [1.84032, 12.8713, 8.2076]
					},
					"position": {
						"0.0": [0, -0.1, 0],
						"1.0": [0, 0, 0],
						"1.5": [0, 0, 0],
						"2.0833": [0, 0, 0],
						"3.0": [0, -0.1, 0]
					}
				}
			}
		},
		"animation.cat.walking": {
			"loop": true,
			"animation_length": 2,
			"anim_time_update": "query.modified_distance_moved * 0.245",
			"bones": {
				"body": {
					"rotation": {
						"0.0": [3, 0, -2.9],
						"0.5": [0, 0, 0],
						"1.0": [3, 0, 2.9],
						"1.5": [0, 0, 0],
						"1.9583": [3, 0, -2.9]
					},
					"position": {
						"0.0": [0, 0, 0],
						"0.25": [0, -0.5, 0],
						"0.5833": [0, 0.5, 0],
						"1.0": [0, 0, 0],
						"1.25": [0, -0.5, 0],
						"1.625": [0, 0.5, 0],
						"2.0": [0, 0, 0]
					}
				},
				"body1": {
					"rotation": {
						"0.0": [0, 1, 0],
						"1.0": [0, -1, 0],
						"2.0": [0, 1, 0]
					},
					"position": {
						"0.0": [0, 0, 0],
						"0.5": [0, 0, 0.3],
						"1.0": [0, 0, 0],
						"1.5": [0, 0, 0.3],
						"2.0": [0, 0, 0]
					}
				},
				"head": {
					"rotation": {
						"0.0": [-4, 0, -0.1],
						"0.5": [3.5, 0, 0],
						"1.0": [-4, 0, 0.1],
						"1.4583": [3.5, 0, 0],
						"2.0": [-4, 0, -0.1]
					},
					"position": {
						"0.0": [0, 0, 0.05],
						"0.5": [0, -0.3, 0.3],
						"1.0": [0, 0, 0.05],
						"1.4583": [0, -0.3, 0.3],
						"2.0": [0, 0, 0.05]
					}
				},
				"backLegL": {
					"rotation": {
						"0.0": [-24, 0, 1],
						"1.0": [23, 0, 0.7],
						"1.2917": [43.33333, 0, 0.8],
						"1.6667": [-1.125, 0, 0.8875],
						"2.0": [-24, 0, 1]
					},
					"position": {
						"0.0": [0.2, 0, -0.6],
						"1.0": [0.2, 0, -0.3],
						"1.2917": [0.2, 0.7, -3],
						"1.6667": [0.2, 0.7, -0.8],
						"2.0": [0.2, 0, -0.6]
					}
				},
				"backLegR": {
					"rotation": {
						"0.0": [23, 0, -0.7],
						"0.2917": [43.33333, 0, -0.8],
						"0.6667": [-1.125, 0, -0.8875],
						"1.0": [-24, 0, -1],
						"2.0": [23, 0, -0.7]
					},
					"position": {
						"0.0": [-0.2, 0, -0.3],
						"0.2917": [-0.2, 0.7, -3],
						"0.6667": [-0.2, 0.7, -0.8],
						"1.0": [-0.2, 0, -0.6],
						"2.0": [-0.2, 0, -0.3]
					}
				},
				"frontLegL": {
					"rotation": {
						"0.0": [17, 0, 0.9],
						"0.2917": [39, 0, -0.05],
						"0.625": [-6.125, 0, -0.46563],
						"1.0": [-25, 0, -1],
						"2.0": [17, 0, 0.9]
					},
					"position": {
						"0.0": [0.2, 0, 0.2],
						"0.2917": [0.2, -0.8, -1.9],
						"0.625": [0.2, 0.8, -0.74],
						"1.0": [0.2, 0, -0.4],
						"2.0": [0.2, 0, 0.2]
					}
				},
				"frontLegR": {
					"rotation": {
						"0.0": [-25, 0, 1],
						"1.0": [17, 0, -0.9],
						"1.2917": [39, 0, 0.05],
						"1.625": [-6.125, 0, 0.4656],
						"2.0": [-25, 0, 1]
					},
					"position": {
						"0.0": [-0.2, 0, -0.4],
						"1.0": [-0.2, 0, 0.2],
						"1.2917": [-0.2, -0.8, -1.9],
						"1.625": [-0.2, 0.8, -0.74],
						"2.0": [-0.2, 0, -0.4]
					}
				}
			}
		},
		"animation.cat.tail_wagging_walk": {
			"loop": true,
			"animation_length": 2,
			"bones": {
				"tail02": {
					"rotation": {
						"0.0": [98.43322, 5.80436, 1.78947],
						"0.2917": [99.02978, 21.6215, 4.28169],
						"0.625": [91.03073, 13.55506, 2.49604],
						"1.0": [102.433, -5.8044, -1.7895],
						"1.2917": [103.0298, -21.6215, -4.2817],
						"1.625": [91.03073, -13.5551, -2.496],
						"2.0": [98.43322, 5.80436, 1.78947]
					},
					"position": {
						"0.0": [-0.01, -4.825, 5],
						"0.2917": [-0.11, -4.825, 4.9],
						"1.0": [0.01, -4.83, 5.1],
						"1.2917": [0.11, -4.825, 5.3],
						"2.0": [-0.01, -4.825, 5]
					}
				},
				"tail0": {
					"rotation": {
						"0.0": [0, 10, 0],
						"0.5": [-15, 4.16667, 0],
						"1.0": [0, -10, 0],
						"1.5": [-15, -4.1667, 0],
						"2.0": [0, 10, 0]
					},
					"position": {
						"0.0": [-0.1, 0, 0],
						"1.0": [0.1, 0, 0],
						"2.0": [-0.1, 0, 0]
					}
				},
				"tail01": {
					"rotation": [51, 0, 0],
					"position": [0, 0.2, -4.2]
				}
			}
		},
		"animation.cat.sitting": {
			"loop": true,
			"animation_length": 3,
			"bones": {
				"body": {
					"rotation": {
						"0.0": [1, 0, 0],
						"1.5": [0, 0, 0],
						"3.0": [1, 0, 0]
					},
					"position": {
						"0.0": [0, 0, 0],
						"1.5": [0, 0.45, 0],
						"3.0": [0, 0, 0]
					}
				},
				"body1": {
					"rotation": [-45, 0, 0],
					"position": [0, 0.3, -0.6],
					"scale": {
						"0.0": [1, 1, 1],
						"1.5": [1.04, 1, 1],
						"3.0": [1, 1, 1]
					}
				},
				"head": {
					"rotation": {
						"0.0": [-2, 0, 0],
						"0.2917": [-2.2, 0, 0],
						"1.5": [0, 0, 0],
						"1.8333": [0.2, 0, 0],
						"3.0": [-2, 0, 0]
					},
					"position": {
						"0.0": [0, 5.9, 3.2],
						"0.4583": [0, 5.75, 3.2],
						"1.5": [0, 5.9, 3.2],
						"1.9583": [0, 6.05, 3.2],
						"3.0": [0, 5.9, 3.2]
					}
				},
				"backLegL": {
					"rotation": [-91.21134, -21.9683, 3.2351],
					"position": [-0.3, -5, -0.3]
				},
				"backLegR": {
					"rotation": [-91.21134, 21.96828, -3.23512],
					"position": [0.3, -5, -0.3]
				},
				"frontLegL": {
					"rotation": {
						"0.0": [0, -4, 1],
						"1.5": [2, -2.5, 1.5],
						"3.0": [0, -4, 1]
					},
					"position": {
						"0.0": [0.1, 0, 0.1],
						"1.5": [0.19, 0, -0.2],
						"3.0": [0.1, 0, 0.1]
					}
				},
				"frontLegR": {
					"rotation": {
						"0.0": [0, 4, -1],
						"1.5": [2, 2.5, -1.5],
						"3.0": [0, 4, -1]
					},
					"position": {
						"0.0": [-0.1, 0, 0.2],
						"1.5": [-0.19, 0, -0.1],
						"3.0": [-0.1, 0, 0.2]
					}
				}
			}
		},
		"animation.cat.tail_wagging_sit": {
			"loop": true,
			"animation_length": 3,
			"bones": {
				"tail02": {
					"rotation": {
						"0.0": [94.02425, 59.54116, 18.7341],
						"0.375": [94.57781, 63.52996, 19.36339],
						"1.5": [161.80976, 37.16796, 64.61433],
						"1.9167": [161.07634, 43.21795, 69.39066],
						"3.0": [94.02425, 59.54116, 18.7341]
					},
					"position": {
						"0.0": [-0.21, -4.825, 4.9],
						"0.375": [-0.21, -4.825, 4.9],
						"1.5": [-0.21, -4.73, 5.3],
						"1.9167": [-0.01, -4.73, 5],
						"3.0": [-0.21, -4.825, 4.9]
					}
				},
				"tail0": {
					"rotation": {
						"0.0": [17.74849, 3.33708, -2.16192],
						"1.4583": [17.72307, -1.42556, -3.68483],
						"2.5": [17.74849, 3.33708, -2.16192]
					},
					"position": [-0.1, -5.9, -1.3]
				},
				"tail01": {
					"rotation": [49, 0, 0],
					"position": [0, 0.2, -4.2]
				}
			}
		},
		"animation.cat.looking": {
			"loop": "hold_on_last_frame",
			"bones": {
				"body1": {
					"rotation": [0, "math.clamp(query.target_y_rotation, -15, 15)*0.088", "math.clamp(query.target_y_rotation, -8, 8)*-0.184"]
				},
				"head": {
					"rotation": ["query.target_x_rotation", "query.target_y_rotation", "math.clamp(query.target_y_rotation, -25, 25)*0.084"]
				},
				"eyeball_right": {
					"position": ["math.clamp(-variable.eye_target_x, -100, 0)*0.0083", "math.clamp(-variable.eye_target_y, 0, 23)*0.0076", 0]
				},
				"eyeball_left": {
					"position": ["math.clamp(-variable.eye_target_x, 0, 100)*0.0083", "math.clamp(-variable.eye_target_y, 0, 23)*0.0076", 0]
				},
				"backLegL": {
					"rotation": [0, "math.clamp(query.target_y_rotation, -15, 35)*0.298", "math.clamp(query.target_y_rotation, -10, 25)*0.024"]
				},
				"backLegR": {
					"rotation": [0, "math.clamp(query.target_y_rotation, -15, 35)*0.298", "math.clamp(query.target_y_rotation, -10, 25)*0.024"]
				},
				"frontLegL": {
					"rotation": [0, "math.clamp(query.target_y_rotation, -35, 15)*0.158", "math.clamp(query.target_y_rotation, -25, 5)*0.014"],
					"position": ["math.clamp(query.target_y_rotation, -35, 5)*-0.02", 0, "math.clamp(query.target_y_rotation, -45, 15)*0.018"]
				},
				"frontLegR": {
					"rotation": [0, "math.clamp(query.target_y_rotation, -15, 35)*0.158", "math.clamp(query.target_y_rotation, -5, 25)*0.015"],
					"position": ["math.clamp(query.target_y_rotation, -5, 5)*-0.01", 0, "math.clamp(query.target_y_rotation, -15, 35)*-0.018"]
				}
			}
		},
		"animation.cat.sneaking": {
			"loop": true,
			"animation_length": 2,
			"anim_time_update": "query.modified_distance_moved * 0.175",
			"bones": {
				"body": {
					"rotation": {
						"0.0": [2, 0, -2.5],
						"0.5": [6, 0, 0],
						"1.0": [2, 0, 2.5],
						"1.5417": [6, 0, 0],
						"2.0": [2, 0, -2.5]
					},
					"position": {
						"0.0": [0, -0.3, 0],
						"0.25": [0, -0.9, 0],
						"0.625": [0, 0.4, 0],
						"1.0": [0, -0.3, 0],
						"1.2917": [0, -0.9, 0],
						"1.625": [0, 0.4, 0],
						"2.0": [0, -0.3, 0]
					}
				},
				"body1": {
					"rotation": {
						"0.0": [3, 1, 0],
						"1.0": [3, 1, 0],
						"2.0": [3, 1, 0]
					},
					"position": {
						"0.0": [0, 0.9, 0],
						"0.5": [0, 0.9, -0.4],
						"1.0": [0, 0.9, 0],
						"1.5": [0, 0.9, -0.4],
						"2.0": [0, 0.9, 0]
					}
				},
				"head": {
					"rotation": {
						"0.0": [10, 0, -0.1],
						"0.5": [5, 0, 0],
						"1.0": [10, 0, 0.1],
						"1.5": [5, 0, 0],
						"2.0": [10, 0, -0.1]
					},
					"position": {
						"0.0": [0, -0.2, -0.05],
						"0.5": [0, -0.4, -0.05],
						"1.0": [0, -0.2, -0.05],
						"1.5": [0, -0.4, -0.05],
						"2.0": [0, -0.2, -0.05]
					}
				},
				"backLegL": {
					"rotation": {
						"0.0": [-24, 0, 1],
						"1.0": [23, 0, 0.7],
						"1.3333": [34.33333, 0, 0.8],
						"2.0": [-24, 0, 1]
					},
					"position": {
						"0.0": [0.2, 0, -1.6],
						"1.0": [0.2, 0, -0.3],
						"1.3333": [0.2, 0.6, -1.53],
						"2.0": [0.2, 0, -1.6]
					}
				},
				"backLegR": {
					"rotation": {
						"0.0": [23, 0, -0.7],
						"0.3333": [34.33333, 0, -0.8],
						"1.0": [-24, 0, -1],
						"2.0": [23, 0, -0.7]
					},
					"position": {
						"0.0": [-0.2, 0, -0.3],
						"0.2917": [-0.2, 0.6, -1.53],
						"1.0": [-0.2, 0, -1.6],
						"2.0": [-0.2, 0, -0.3]
					}
				},
				"frontLegL": {
					"rotation": {
						"0.0": [-3, 0, 2],
						"0.4167": [24, 0, 1.2],
						"1.0": [-25, 0, 0.4],
						"2.0": [-3, 0, 2]
					},
					"position": {
						"0.0": [0.2, 0, 2.9],
						"0.4167": [0.2, 0.4, 0.25],
						"1.0": [0.2, 0, -0.4],
						"2.0": [0.2, 0, 2.9]
					}
				},
				"frontLegR": {
					"rotation": {
						"0.0": [-25, 0, -0.4],
						"1.0": [-3, 0, -2],
						"1.4167": [24, 0, -1.2],
						"2.0": [-25, 0, -0.4]
					},
					"position": {
						"0.0": [-0.2, 0, -0.4],
						"1.0": [-0.2, 0, 2.9],
						"1.4167": [-0.2, 0.4, 0.25],
						"2.0": [-0.2, 0, -0.4]
					}
				},
				"Root": {
					"position": {
						"0.0": [0, 0, 0],
						"0.25": [0, 0.04, 0],
						"1.0": [0, 0, 0],
						"1.2083": [0, 0.04, 0],
						"2.0": [0, 0, 0]
					}
				}
			}
		},
		"animation.cat.tail_wagging_sneak": {
			"loop": true,
			"animation_length": 2,
			"bones": {
				"tail0": {
					"rotation": {
						"0.0": [0, 10, 0],
						"0.5": [-15, 4.16667, 0],
						"1.0": [0, -10, 0],
						"1.5": [-15, -4.1667, 0],
						"2.0": [0, 10, 0]
					},
					"position": {
						"0.0": [-0.1, 1.1, 0],
						"1.0": [0.1, 1.1, 0],
						"1.9583": [-0.1, 1.1, 0]
					}
				},
				"tail02": {
					"rotation": {
						"0.0": [98.43322, 5.80436, 1.78947],
						"0.2917": [99.02978, 21.6215, 4.28169],
						"0.625": [91.03073, 13.55506, 2.49604],
						"1.0": [102.433, -5.8044, -1.7895],
						"1.2917": [103.0298, -21.6215, -4.2817],
						"1.625": [91.03073, -13.5551, -2.496],
						"2.0": [98.43322, 5.80436, 1.78947]
					},
					"position": {
						"0.0": [-0.01, -4.825, 5],
						"0.2917": [-0.11, -4.825, 4.9],
						"1.0": [0.01, -4.83, 5.1],
						"1.2917": [0.11, -4.825, 5.3],
						"2.0": [-0.01, -4.825, 5]
					}
				},
				"tail01": {
					"rotation": [51, 0, 0],
					"position": [0, 0.2, -4.2]
				}
			}
		},
		"animation.cat.laying_down": {
			"loop": true,
			"animation_length": 3,
			"bones": {
				"Root": {
					"rotation": [-0.30601, -4.99065, -86.48666],
					"position": [0, 4.2, 0]
				},
				"body1": {
					"rotation": {
						"0.0": [0, 0, 2],
						"3.0": [0, 0, 2]
					},
					"position": {
						"0.0": [-0.1, -0.3, -0.1],
						"1.5": [0.1, -0.3, -0.1],
						"3.0": [-0.1, -0.3, -0.1]
					}
				},
				"tail0": {
					"rotation": [0, 10, 0],
					"position": [-0.1, -0.6, 0]
				},
				"tail02": {
					"rotation": [98.45416, -7.05591, -0.11552],
					"position": [-0.51, -4.825, 5]
				},
				"tail01": {
					"rotation": [50.93164, -3.10758, 2.51975],
					"position": [0, 0.2, -4.2]
				},
				"head": {
					"rotation": {
						"0.0": [-9.64751, 4.79378, 4.24512],
						"1.5": [-9.63492, 3.80791, 4.41307],
						"3.0": [-9.64751, 4.79378, 4.24512]
					},
					"position": {
						"0.0": [-0.1, -0.5, 0.1],
						"1.5": [-0.1, -0.5, 0.1],
						"3.0": [-0.1, -0.5, 0.1]
					}
				},
				"ear_left": {
					"rotation": [0, 0, -29],
					"position": [0, -0.4, 0]
				},
				"ear_right": {
					"rotation": [0, 0, -27]
				},
				"backLegL": {
					"rotation": [-23.01971, 11.2537, 6.0977],
					"position": [0.2, -0.7, -1]
				},
				"backLegR": {
					"rotation": [10.09626, 7.87768, 1.39801],
					"position": [1.2, 0, 0]
				},
				"frontLegL": {
					"rotation": {
						"0.0": [-70.82171, 18.10907, 9.13765],
						"1.5": [-70.59348, 19.99678, 9.8367],
						"3.0": [-70.82171, 18.10907, 9.13765]
					},
					"position": {
						"0.0": [0.8, -4.1, -0.4],
						"1.5": [1.2, -4.1, -0.4],
						"3.0": [0.8, -4.1, -0.4]
					}
				},
				"frontLegR": {
					"rotation": [-24.65797, -3.97346, -1.62836],
					"position": [-0.4, -1.5, -0.1]
				}
			}
		},
		"animation.cat.sprinting": {
			"loop": true,
			"animation_length": 2,
			"anim_time_update": "query.modified_distance_moved * 0.21",
			"bones": {
				"Root": {
					"rotation": {
						"0.0": [-1, 0, 0],
						"1.0": [9, 0, 0],
						"2.0": [-1, 0, 0]
					},
					"position": {
						"0.0": [0, 0.1, 0],
						"0.5": [0, 0.7, 0],
						"1.0": [0, 0.1, 0],
						"1.5": [0, 1.2, 0],
						"2.0": [0, 0.1, 0]
					}
				},
				"body": {
					"rotation": {
						"0.0": [0, 0, 0],
						"0.5": [-5, 0, 0],
						"1.0": [-2, 0, 0],
						"1.125": [3.25, 0, 0],
						"2.0": [0, 0, 0]
					},
					"position": {
						"0.0": [0, 0, -1.5],
						"1.0": [0, 0, 0.8],
						"2.0": [0, 0, -1.5]
					}
				},
				"body1": {
					"rotation": {
						"0.0": [-4, 0, 0],
						"0.5": [5, 0, 0],
						"1.0": [-2, 0, 0],
						"1.5": [-10, 0, 0],
						"2.0": [-4, 0, 0]
					},
					"position": {
						"0.0": [0, 0.7, 0],
						"0.5": [0, 0.35, -0.65],
						"1.0": [0, -0.9, -0.9],
						"1.5": [0, 0.35, -0.75],
						"2.0": [0, 0.7, 0]
					},
					"scale": {
						"0.0": [1, 1, 1],
						"0.5": [1, 1, 1],
						"1.0": [1, 0.95, 1],
						"1.5": [1, 1, 1],
						"2.0": [1, 1, 1]
					}
				},
				"tail0": {
					"position": {
						"0.0": [0, 0, 0],
						"0.75": [0, 0, -1],
						"1.25": [0, -1.4, -1],
						"1.5": [0, -1.8, -0.75],
						"1.75": [0, -0.6, -0.5],
						"2.0": [0, 0, 0]
					}
				},
				"head": {
					"rotation": {
						"0.0": [-2, 0, 0],
						"0.5": [11, 0, 0],
						"1.25": [-16, 0, 0],
						"2.0": [-2, 0, 0]
					},
					"position": {
						"0.0": [0, 0.8, 0.15],
						"0.5": [0, -0.65, -0.3],
						"1.25": [0, 0.1, 0.15],
						"2.0": [0, 0.8, 0.15]
					}
				},
				"backLegL": {
					"rotation": {
						"0.0": [57, 0, 0],
						"0.5": [48.87, 0, 0],
						"1.0833": [-26, 0, 0],
						"1.4583": [-27.04, 0, 0],
						"1.625": [8.09, 0, 0],
						"2.0": [57, 0, 0]
					},
					"position": {
						"0.0": [0.05, 0.2, -2.2],
						"0.5": [0.25, 0.67, -3.92],
						"0.75": [0.05, 0.12, -2.83],
						"1.0833": [0.05, -0.9, -3.5],
						"1.4583": [0.05, -1.29, -2.46],
						"2.0": [0.05, 0.2, -2.2]
					}
				},
				"backLegR": {
					"rotation": {
						"0.0": [48.9963, -0.87461, 0.48485],
						"0.5": [35.87, 0, 0],
						"1.0833": [-38.0037, -0.87461, 0.48485],
						"1.4167": [-23.97429, -0.87461, 0.48485],
						"1.625": [0.05512, -0.87461, 0.48485],
						"2.0": [48.9963, -0.87461, 0.48485]
					},
					"position": {
						"0.0": [-0.07, 0.2, -1.9],
						"0.5": [-0.35, 1.57, -3.12],
						"0.75": [-0.05, 0.12, -3.63],
						"1.0833": [-0.07, -1.2, -1.9],
						"1.4167": [-0.07, -1.1, -2.91],
						"1.625": [-0.07, -0.8, -4.23],
						"2.0": [-0.07, 0.2, -1.9]
					}
				},
				"frontLegL": {
					"rotation": {
						"0.0": [-55.06948, -2.67532, 1.97474],
						"0.625": [23.93052, -2.67532, 1.97474],
						"1.0": [37.44243, -1.46011, 0.3852],
						"1.5": [-20.68555, -1.76391, 0.78259],
						"2.0": [-55.06948, -2.67532, 1.97474]
					},
					"position": {
						"0.0": [0.1, -1.3, -0.4],
						"0.3333": [0.15, 0.01, 0.24],
						"0.5": [0.18, -0.11, 0.56],
						"0.625": [0.2, -0.9, 0.8],
						"1.0": [0.17, -0.61, -2.17],
						"1.5": [0.15, 1.42, -1.73],
						"2.0": [0.1, -1.3, -0.4]
					}
				},
				"frontLegR": {
					"rotation": {
						"0.0": [-47.08127, 4.56677, -1.438],
						"1.0": [13.91873, 4.56677, -1.438],
						"1.3333": [26.54771, 3.67482, 0.35675],
						"2.0": [-47.08127, 4.56677, -1.438]
					},
					"position": {
						"0.0": [-0.1, -1, -0.7],
						"0.5": [-0.23, -0.14, 1.23],
						"0.75": [-0.26, 0.28, 0.37],
						"1.0": [-0.3, -0.1, -0.5],
						"1.3333": [-0.2, 1.15, -1.7],
						"1.6667": [-0.15, 0.57, -1.2],
						"2.0": [-0.1, -1, -0.7]
					}
				}
			}
		},
		"animation.cat.swimming": {
			"loop": true,
			"animation_length": 2,
			"bones": {
				"Root": {
					"rotation": {
						"0.0": [1, 0, -0.5],
						"1.0": [1, 0, 0.5],
						"2.0": [1, 0, -0.5]
					},
					"position": {
						"0.0": [0, -0.3, 0],
						"0.5": [0, -0.1, 0],
						"1.0": [0, -0.3, 0],
						"1.5": [0, -0.1, 0],
						"2.0": [0, -0.3, 0]
					}
				},
				"body": {
					"rotation": {
						"0.0": [-3, 0, -2],
						"0.5": [0, 0, 0],
						"1.0": [-3, 0, 2],
						"1.5": [0, 0, 0],
						"2.0": [-3, 0, -2]
					},
					"position": {
						"0.0": [0, -0.3, 0],
						"0.25": [0, -0.4, 0],
						"0.625": [0, -0.01, 0],
						"1.0": [0, -0.3, 0],
						"1.25": [0, -0.4, 0],
						"1.625": [0, -0.01, 0],
						"2.0": [0, -0.3, 0]
					}
				},
				"body1": {
					"rotation": {
						"0.0": [0, 3, 0],
						"1.0": [0, -3, 0],
						"2.0": [0, 3, 0]
					},
					"position": {
						"0.0": [0, 0, 0],
						"0.5": [0, 0, 0.3],
						"1.0": [0, 0, 0],
						"1.5": [0, 0, 0.3],
						"2.0": [0, 0, 0]
					}
				},
				"head": {
					"rotation": {
						"0.0": [-2, 0, -0.3],
						"0.5": [-3.5, 0, 0],
						"1.0": [-2, 0, 0.3],
						"1.5": [-3.5, 0, 0],
						"2.0": [-2, 0, -0.3]
					},
					"position": {
						"0.0": [0, 0, 0.1],
						"0.5": [0, -0.3, 0.3],
						"1.0": [0, 0, 0.1],
						"1.5": [0, -0.3, 0.3],
						"2.0": [0, 0, 0.1]
					}
				}
			}
		},
		"animation.cat.swimming_legs": {
			"loop": true,
			"animation_length": 1.58333,
			"bones": {
				"backLegL": {
					"rotation": {
						"0.0": [1, 0, 1],
						"0.125": [-4, 0, 1],
						"0.375": [-12, 0, 1],
						"0.875": [26, 0, 0.7],
						"1.0": [29, 0, 0.7],
						"1.2083": [37, 0, 0.7],
						"1.5833": [1, 0, 1]
					},
					"position": {
						"0.0": [0.2, 0, -0.6],
						"0.125": [0.2, 0, -0.6],
						"0.375": [0.2, 0.5, 0.19],
						"0.875": [0.2, 0, 0.5],
						"1.0": [0.2, 0, 0.3],
						"1.2083": [0.2, 0.2, -1.19],
						"1.5833": [0.2, 0, -0.6]
					}
				},
				"backLegR": {
					"rotation": {
						"0.0": [26, 0, -0.7],
						"0.125": [29, 0, -0.7],
						"0.3333": [37, 0, -0.7],
						"0.875": [1, 0, -1],
						"1.0": [-4, 0, -1],
						"1.25": [-12, 0, -1],
						"1.5833": [26, 0, -0.7]
					},
					"position": {
						"0.0": [-0.2, 0, 0.5],
						"0.125": [-0.2, 0, 0.3],
						"0.3333": [-0.2, 0.2, -1.19],
						"0.875": [-0.2, 0, -0.6],
						"1.0": [-0.2, 0, -0.6],
						"1.25": [-0.2, 0.5, 0.19],
						"1.5833": [-0.2, 0, 0.5]
					}
				},
				"frontLegL": {
					"rotation": {
						"0.0": [25, 0, 0.9],
						"0.125": [29, 0, 0.9],
						"0.375": [37, 0, 0.3571],
						"0.75": [-8, 0, -1],
						"0.875": [-12, 0, -1],
						"1.125": [-20, 0, -0.1857],
						"1.5833": [25, 0, 0.9]
					},
					"position": {
						"0.0": [0.2, -0.6, 0.2],
						"0.125": [0.2, -0.4, 0.2],
						"0.375": [0.2, -1, -0.57],
						"0.75": [0.4, 0, -0.4],
						"0.875": [0.2, 0, -0.4],
						"1.125": [0.2, -0.1, 0.56],
						"1.5833": [0.2, -0.6, 0.2]
					}
				},
				"frontLegR": {
					"rotation": {
						"0.0": [-8, 0, 1],
						"0.125": [-12, 0, 1],
						"0.375": [-20, 0, 0.18571],
						"0.75": [25, 0, -0.9],
						"0.875": [29, 0, -0.9],
						"1.125": [37, 0, -0.35714],
						"1.5833": [-8, 0, 1]
					},
					"position": {
						"0.0": [-0.4, 0, -0.4],
						"0.125": [-0.2, 0, -0.4],
						"0.375": [-0.2, 0, 0.56],
						"0.75": [-0.2, -0.6, 0.2],
						"0.875": [-0.2, -0.4, 0.2],
						"1.125": [-0.2, 0.4, -0.57],
						"1.5833": [-0.4, 0, -0.4]
					}
				}
			}
		},
		"animation.cat.tail_wagging_swim": {
			"loop": true,
			"animation_length": 2.5,
			"bones": {
				"tail02": {
					"rotation": {
						"0.0": [89.41677, 14.80391, 1.69777],
						"0.4167": [95.36825, 26.80324, 1.56191],
						"0.75": [89.40068, 19.80365, 1.64374],
						"1.25": [89.41677, -14.8039, -1.6978],
						"1.6667": [95.36825, -26.8032, -1.5619],
						"2.0": [89.40068, -19.8036, -1.6437],
						"2.5": [89.41677, 14.80391, 1.69777]
					},
					"position": {
						"0.0": [-0.01, -1.025, 6.5],
						"0.4167": [-0.01, -1.025, 6.6],
						"0.75": [0, -0.92, 6.59],
						"1.25": [0.01, -1.025, 6.5],
						"1.6667": [0.01, -1.025, 6.6],
						"2.0": [0, -0.92, 6.59],
						"2.5": [-0.01, -1.025, 6.5]
					}
				},
				"tail0": {
					"rotation": {
						"0.0": [0, 10, 0],
						"0.625": [-4, 0, 0],
						"1.25": [0, -10, 0],
						"1.875": [-4, 0, 0],
						"2.5": [0, 10, 0]
					},
					"position": {
						"0.0": [-0.1, 0, 0],
						"1.25": [0.1, 0, 0],
						"2.5": [-0.1, 0, 0]
					}
				},
				"tail01": {
					"rotation": [87, 0, 0],
					"position": [0, -0.6, -4.2]
				}
			}
		},
		"animation.cat.baby": {
			"loop": true,
			"bones": {
				"head": {
					"scale": 1.5
				}
			}
		},
		"animation.cat.hurt": {
			"animation_length": 0.375,
			"bones": {
				"body": {
					"rotation": {
						"0.0": [0, 0, 0],
						"0.0833": [-5, 0, 0],
						"0.1667": [-4, 0, 0],
						"0.25": [0, 0, 0]
					},
					"position": {
						"0.0": [0, 0, 0],
						"0.0833": [0, -1.7, 0.8],
						"0.1667": [0, -0.3, 0],
						"0.25": [0, 0, 0]
					}
				},
				"body1": {
					"position": {
						"0.0": [0, 0, 0],
						"0.0833": [0, 2.8, 0],
						"0.2083": [0, 2.4, 0],
						"0.2917": [0, 0, 0]
					},
					"scale": {
						"0.0": [1, 1, 1],
						"0.0833": [1, 1, 0.85],
						"0.2917": [1, 1, 1]
					}
				},
				"tail0": {
					"rotation": {
						"0.0": [0, 0, 0],
						"0.0833": [35, 0, 0],
						"0.2917": [0, 0, 0]
					},
					"position": {
						"0.0": [0, 0, 0],
						"0.0833": [0, -1, 0],
						"0.2917": [0, 0, 0]
					}
				},
				"head": {
					"rotation": {
						"0.0": [0, 0, 0],
						"0.125": [-18, 0, 0],
						"0.25": [12, 0, 0],
						"0.3333": [0, 0, 0]
					},
					"position": {
						"0.0": [0, 0, 0],
						"0.125": [0, -0.2, 0],
						"0.3333": [0, 0, 0]
					}
				},
				"eye_r": {
					"scale": {
						"0.0": [1, 1.19, 1],
						"0.2917": [1, 1.19, 1],
						"0.375": [1, 1, 1]
					}
				},
				"eye_l": {
					"scale": {
						"0.0": [1, 1.18, 1],
						"0.2917": [1, 1.18, 1],
						"0.375": [1, 1, 1]
					}
				},
				"eyeball_right": {
					"scale": {
						"0.0": [0.82, 0.83, 1],
						"0.2917": [0.82, 0.83, 1],
						"0.375": [1, 1, 1]
					}
				},
				"eyeball_left": {
					"scale": {
						"0.0": [0.65, 0.64, 1],
						"0.2917": [0.65, 0.64, 1],
						"0.375": [1, 1, 1]
					}
				},
				"eyelid_right": {
					"position": {
						"0.0": [0, -0.8, 0],
						"0.0417": [0.1, -1, 0.1]
					},
					"scale": [1, 0.001, 1]
				},
				"eyelid_left": {
					"position": {
						"0.0": [0, -0.8, 0],
						"0.0417": [-0.1, -1, 0.1]
					},
					"scale": [1, 0.001, 1]
				},
				"frontLegL": {
					"rotation": {
						"0.0": [0, 0, 0],
						"0.0833": [-29, 0, 0],
						"0.2083": [0, 0, 0]
					},
					"position": {
						"0.0": [0, 0, 0],
						"0.0833": [0, -1.1, 3.1],
						"0.2083": [0, 0, 0]
					}
				},
				"frontLegR": {
					"rotation": {
						"0.0": [0, 0, 0],
						"0.0833": [-29, 0, 0],
						"0.2083": [0, 0, 0]
					},
					"position": {
						"0.0": [0, 0, 0],
						"0.0833": [0, -1.1, 3.1],
						"0.2083": [0, 0, 0]
					}
				}
			}
		}
	}
}