{
	"format_version": "1.8.0",
	"animations": {
		"animation.chicken.base": {
			"loop": true,
			"animation_length": 2.875,
			"bones": {
				"upper_body": {
					"rotation": {
						"0.0": [1.5, 0, 0],
						"1.375": [0, 0, 0],
						"2.875": [1.5, 0, 0]
					},
					"position": {
						"0.0": [0, -0.3, 0],
						"1.375": [0, 0, 0],
						"2.875": [0, -0.3, 0]
					}
				},
				"body": {
					"rotation": [0, "math.clamp(query.target_y_rotation, -15, 15)*0.158", "math.clamp(query.target_y_rotation, -8, 8)*-0.084"],
					"scale": {
						"0.0": [1, 1, 1],
						"1.4167": [1.02, 1.02, 1],
						"2.875": [1, 1, 1]
					}
				},
				"head": {
					"rotation": {
						"0.0": [1, 0, 0],
						"0.25": [1.4, 0, 0],
						"1.4167": [-0.6, 0, 0],
						"1.625": [-0.9, 0, 0],
						"2.875": [1, 0, 0]
					},
					"position": {
						"0.0": [0, 0.25, 0],
						"0.4167": [0, 0.35, 0],
						"1.4167": [0, 0.05, 0],
						"1.7917": [0, -0.01, 0],
						"2.875": [0, 0.25, 0]
					}
				},
				"comb": {
					"rotation": [0, 0, "math.clamp(-variable.eye_target_x, -140, 140)*0.125"]
				},
				"leg0": {
					"rotation": [0, 6, 0]
				},
				"leg1": {
					"rotation": [0, -5, 0]
				}
			}
		},
		"animation.chicken.base2": {
			"loop": "hold_on_last_frame",
			"animation_length": 8.91667,
			"bones": {
				"upper_body": {
					"rotation": {
						"0.0": [1.5, 0, 0],
						"0.5417": [1, 0, 0],
						"1.0417": [27, 0, 0],
						"1.375": [30, 0, 0],
						"1.625": [27, 0, 0],
						"1.875": [30, 0, 0],
						"2.125": [27, 0, 0],
						"2.375": [1.5, 0, 0],
						"4.4167": [0, 0, 0],
						"5.9167": [1.5, 0, 0],
						"7.4167": [0, 0, 0],
						"8.9167": [1.5, 0, 0]
					},
					"position": {
						"0.0": [0, -0.3, 0],
						"0.5417": [0, -0.2, 0],
						"0.75": [0, -1.88, 0],
						"1.375": [0, -1.7, 0],
						"1.625": [0, -1.82, 0],
						"1.875": [0, -1.7, 0],
						"2.125": [0, -1.82, 0],
						"2.375": [0, -0.3, 0],
						"4.4167": [0, 0, 0],
						"5.9167": [0, -0.3, 0],
						"7.4167": [0, 0, 0],
						"8.9167": [0, -0.3, 0]
					}
				},
				"body": {
					"rotation": [0, "math.clamp(query.target_y_rotation, -15, 15)*0.158", "math.clamp(query.target_y_rotation, -8, 8)*-0.084"],
					"scale": {
						"0.0": [1, 1, 1],
						"1.4167": [1.02, 1.02, 1],
						"2.875": [1, 1, 1]
					}
				},
				"head": {
					"rotation": {
						"0.0": [0, 0, 0],
						"0.4583": [-0.2, 0, 0],
						"1.1667": [48, 0, 0],
						"1.375": [35, 0, 0],
						"1.625": [48, 0, 0],
						"1.875": [35, 0, 0],
						"2.125": [48, 0, 0],
						"2.4583": [0, 0, 0],
						"3.4167": [0, 0, 0],
						"4.375": [-2, 0, 0],
						"4.7083": [-2.5, 0, 0],
						"5.875": [1, 0, 0],
						"6.5": [1.3, 0, 0],
						"7.4583": [-0.2, 0, 0],
						"7.7917": [-0.25, 0, 0],
						"8.9167": [0, 0, 0]
					},
					"position": {
						"0.0": [0, 0.25, 0],
						"0.4583": [0, 0.25, 0],
						"0.8333": [0, -2.13, 0],
						"2.125": [0, -2.13, 0],
						"2.4583": [0, 0.25, 0],
						"3.4167": [0, 0.25, 0],
						"4.375": [0, 0.05, 0],
						"4.7083": [0, 0.05, 0],
						"5.875": [0, 0.25, 0],
						"6.5": [0, 0.25, 0],
						"7.4583": [0, 0.05, 0],
						"7.7917": [0, 0.05, 0],
						"8.9167": [0, 0.25, 0]
					}
				},
				"comb": {
					"rotation": {
						"0.0": [0, 0, "math.clamp(-variable.eye_target_x, -140, 140)*0.125"],
						"0.5": [0, 0, "math.clamp(-variable.eye_target_x, -140, 140)*0.125"],
						"0.75": [-70, 0, 0],
						"1.0": [-50, 0, 0],
						"1.4167": [-83, 0, 0],
						"1.6667": [-60, 0, 0],
						"1.9167": [-70, 0, 0],
						"2.1667": [-57, 0, 0],
						"2.375": [9, 0, 0],
						"2.625": [-8, 0, 0],
						"2.9167": [0, 0, "math.clamp(-variable.eye_target_x, -140, 140)*0.125"]
					},
					"position": {
						"0.0": [0, 0, 0],
						"0.5": [0, 0, 0],
						"0.7917": [0, -0.5, 0.1],
						"1.4167": [0, -0.75, 0.07],
						"2.1667": [0, -0.75, 0.07],
						"2.375": [0, 0, 0]
					}
				},
				"leg0": {
					"rotation": [0, 6, 0]
				},
				"leg1": {
					"rotation": {
						"0.0": [0, -5, 0],
						"0.625": [0, -5, 0],
						"0.8333": [0.26822, -12.99304, -3.04891],
						"2.3333": [0.26234, -4.99313, -3.01144],
						"2.625": [0, -5, 0]
					},
					"position": {
						"0.8333": [0.2, 0, 0],
						"2.3333": [0.2, 0, 0]
					}
				},
				"wing0": {
					"rotation": {
						"0.0": [0, 0, 0],
						"0.5417": [0, 0, 0],
						"0.75": [0, 0, 54],
						"1.0": [0, 0, 1],
						"1.2083": [0, 0, 9],
						"1.4583": [0, 0, 1],
						"8.9167": [0, 0, 0]
					},
					"position": {
						"0.0": [0, 0, 0],
						"0.5417": [0, 0, 0],
						"8.9167": [0, 0, 0]
					}
				},
				"wing1": {
					"rotation": {
						"0.0": [0, 0, 0],
						"0.5417": [0, 0, 0],
						"0.75": [0, 0, -54],
						"1.0": [0, 0, -1],
						"1.2083": [0, 0, -9],
						"1.4583": [0, 0, -1],
						"8.9167": [0, 0, 0]
					},
					"position": {
						"0.0": [0, 0, 0],
						"0.5417": [0, 0, 0],
						"8.9167": [0, 0, 0]
					}
				}
			}
		},
		"animation.chicken.base_face": {
			"loop": true,
			"animation_length": 10,
			"bones": {
				"eyelid_right": {
					"position": {
						"1.0": [0.1, -0.1, 0.1],
						"1.0417": [0, 0, -0.02],
						"1.1667": [0, -1, -0.02],
						"1.2917": [0, 0, -0.02],
						"1.3333": [0.1, -0.1, 0.1],
						"6.5": [0.1, -0.1, 0.1],
						"6.5417": [0, 0, -0.02],
						"6.6667": [0, -1, -0.02],
						"6.7917": [0, 0, -0.02],
						"6.8333": [0.1, -0.1, 0.1]
					},
					"scale": {
						"1.0": [1, 1, 1],
						"1.0417": [1, 0.02, 1],
						"1.1667": [1, 1, 1],
						"1.2917": [1, 0.02, 1],
						"1.3333": [1, 1, 1],
						"6.5": [1, 1, 1],
						"6.5417": [1, 0.02, 1],
						"6.6667": [1, 1, 1],
						"6.7917": [1, 0.02, 1],
						"6.8333": [1, 1, 1]
					}
				},
				"eyelid_left": {
					"position": {
						"1.0": [-0.1, -0.1, 0.1],
						"1.0417": [0, 0, -0.02],
						"1.1667": [0, -1, -0.02],
						"1.2917": [0, 0, -0.02],
						"1.3333": [-0.1, -0.1, 0.1],
						"6.5": [-0.1, -0.1, 0.1],
						"6.5417": [0, 0, -0.02],
						"6.6667": [0, -1, -0.02],
						"6.7917": [0, 0, -0.02],
						"6.8333": [-0.1, -0.1, 0.1]
					},
					"scale": {
						"1.0": [1, 1, 1],
						"1.0417": [1, 0.02, 1],
						"1.1667": [1, 1, 1],
						"1.2917": [1, 0.02, 1],
						"1.3333": [1, 1, 1],
						"6.5": [1, 1, 1],
						"6.5417": [1, 0.02, 1],
						"6.6667": [1, 1, 1],
						"6.7917": [1, 0.02, 1],
						"6.8333": [1, 1, 1]
					}
				}
			}
		},
		"animation.chicken.death_face": {
			"loop": "hold_on_last_frame",
			"animation_length": 0.16667,
			"bones": {
				"eyelid_right": {
					"position": {
						"0.0": [0.1, -0.1, 0.1],
						"0.0417": [0, 0, -0.02],
						"0.1667": [0, -1, -0.02]
					},
					"scale": {
						"0.0": [1, 1, 1],
						"0.0417": [1, 0.02, 1],
						"0.1667": [1, 1, 1]
					}
				},
				"eyelid_left": {
					"position": {
						"0.0": [-0.1, -0.1, 0.1],
						"0.0417": [0, 0, -0.02],
						"0.1667": [0, -1, -0.02]
					},
					"scale": {
						"0.0": [1, 1, 1],
						"0.0417": [1, 0.02, 1],
						"0.1667": [1, 1, 1]
					}
				}
			}
		},
		"animation.chicken.walking": {
			"loop": true,
			"animation_length": 2,
			"anim_time_update": "query.modified_distance_moved * 0.185",
			"bones": {
				"upper_body": {
					"rotation": {
						"0.0": [3, 0, -1.7],
						"0.2083": [4.5, 0, 0],
						"0.5833": [2, 0, 0],
						"1.0": [3, 0, 1.7],
						"1.2083": [4.5, 0, 0],
						"1.5833": [2, 0, 0],
						"2.0": [3, 0, -1.7]
					},
					"position": {
						"0.0": [0, -0.3, 0],
						"0.2083": [0, -0.5, 0],
						"0.5833": [0, 0, 0],
						"1.0": [0, -0.3, 0],
						"1.2083": [0, -0.5, 0],
						"1.5833": [0, 0, 0],
						"2.0": [0, -0.3, 0]
					}
				},
				"body": {
					"rotation": {
						"0.0": [-2, 0, 0],
						"0.5": [1, 0, 0],
						"1.0": [-2, 0, 0],
						"1.5": [1, 0, 0],
						"2.0": [-2, 0, 0]
					},
					"position": {
						"0.0": [0, 0, 0],
						"0.5": [0, 0, -0.1],
						"1.0": [0, 0, 0],
						"1.5": [0, 0, -0.1],
						"2.0": [0, 0, 0]
					}
				},
				"head": {
					"rotation": {
						"0.0": [2, 0, -0.8],
						"0.5": [0, 0, 0],
						"1.0": [2, 0, 0.8],
						"1.5": [0, 0, 0],
						"2.0": [2, 0, -0.8]
					},
					"position": {
						"0.0": [0, -0.1, -0.2],
						"0.5": [0, -0.2, 0],
						"1.0": [0, -0.3, -0.2],
						"1.5": [0, -0.2, 0],
						"2.0": [0, -0.1, -0.2]
					}
				},
				"Root": {
					"position": {
						"0.0": [0, 0, 0],
						"0.5417": [0, 0.2, 0],
						"1.0": [0, 0, 0],
						"1.4583": [0, 0.2, 0],
						"2.0": [0, 0, 0]
					}
				},
				"comb": {
					"rotation": {
						"0.0": [0, 0, -3],
						"0.25": [0, 0, -4],
						"1.0": [0, 0, 3],
						"1.25": [0, 0, 4],
						"2.0": [0, 0, -3]
					}
				},
				"wing0": {
					"rotation": {
						"0.0": [0, 0, 0],
						"0.5": [0, 0, 2],
						"1.0": [0, 0, 0],
						"1.5": [0, 0, 2],
						"2.0": [0, 0, 0]
					},
					"position": {
						"0.0": [0, 0.1, 0],
						"0.5": [0, -0.1, 0.1],
						"1.0": [0, 0.1, 0],
						"1.5": [0, -0.1, 0.1],
						"2.0": [0, 0.1, 0]
					}
				},
				"wing1": {
					"rotation": {
						"0.0": [0, 0, 0],
						"0.5": [0, 0, -2],
						"1.0": [0, 0, 0],
						"1.5": [0, 0, -2],
						"2.0": [0, 0, 0]
					},
					"position": {
						"0.0": [0, 0.1, 0],
						"0.5": [0, -0.1, 0.1],
						"1.0": [0, 0.1, 0],
						"1.4583": [0, -0.1, 0.1],
						"2.0": [0, 0.1, 0]
					}
				},
				"leg0": {
					"rotation": {
						"0.0": [-3, 0, 0.5],
						"1.0": [10, 0, -0.2],
						"1.375": [45, 0, 0.09],
						"2.0": [-3, 0, 0.5]
					},
					"position": {
						"0.0": [0, 0.1, -1.6],
						"1.0": [0, 0.2, 0.6],
						"1.375": [0, 1.26, -1.02],
						"2.0": [0, 0.1, -1.6]
					}
				},
				"leg1": {
					"rotation": {
						"0.0": [10, 0, 0.2],
						"0.375": [45, 0, -0.09],
						"1.0": [-3, 0, -0.5],
						"2.0": [10, 0, 0.2]
					},
					"position": {
						"0.0": [0, 0.2, 0.6],
						"0.375": [0, 1.26, -1.02],
						"1.0": [0, 0.1, -1.6],
						"2.0": [0, 0.2, 0.6]
					}
				}
			}
		},
		"animation.chicken.running": {
			"loop": true,
			"animation_length": 4,
			"anim_time_update": "query.modified_distance_moved * 0.175",
			"bones": {
				"upper_body": {
					"rotation": {
						"0.0": [7, 0, -1.7],
						"0.2083": [9, 0, 0],
						"0.5833": [3, 0, 0],
						"1.2083": [7, 0, 0],
						"1.5833": [5, 0, 0],
						"2.0": [7, 0, -1.7],
						"2.2083": [8.5, 0, 0],
						"2.5833": [5, 0, 0],
						"3.0": [7, 0, 1.7],
						"3.2083": [7.5, 0, 0],
						"3.5833": [5, 0, 0],
						"4.0": [7, 0, -1.7]
					},
					"position": {
						"0.0": [0, -0.3, 0],
						"0.2083": [0, -0.5, 0],
						"0.5833": [0, 0, 0],
						"1.2083": [0, -0.4, 0],
						"1.5833": [0, -0.4, 0],
						"2.0": [0, -0.1, 0],
						"2.2083": [0, -0.5, 0],
						"2.5833": [0, -0.5, 0],
						"3.0": [0, -0.1, 0],
						"3.2083": [0, -0.5, 0],
						"3.5833": [0, 0, 0],
						"4.0": [0, -0.3, 0]
					}
				},
				"body": {
					"rotation": {
						"0.0": [-2, 0, 0],
						"0.5": [1, 0, 0],
						"1.0": [-2, 0, 0],
						"1.5": [1, 0, 0],
						"2.0": [-2, 0, 0],
						"2.5": [1, 0, 0],
						"3.0": [-2, 0, 0],
						"3.5": [1, 0, 0],
						"4.0": [-2, 0, 0]
					},
					"position": {
						"0.0": [0, 0, 0],
						"0.5": [0, 0, -0.1],
						"1.0": [0, 0, 0],
						"1.5": [0, 0, -0.1],
						"2.0": [0, 0, 0],
						"2.5": [0, 0, -0.1],
						"3.0": [0, 0, 0],
						"3.5": [0, 0, -0.1],
						"4.0": [0, 0, 0]
					}
				},
				"head": {
					"rotation": {
						"0.0": [-4, 0, -0.8],
						"0.5": [0, 0, 0],
						"1.0": [-4, 0, 0.8],
						"1.5": [0, 0, 0],
						"2.0": [-4, 0, -0.8],
						"2.5": [0, 0, 0],
						"3.0": [-4, 0, 0.8],
						"3.5": [0, 0, 0],
						"4.0": [-4, 0, -0.8]
					},
					"position": {
						"0.0": [0, -0.1, -0.2],
						"0.5": [0, -0.2, 0],
						"1.0": [0, -0.3, -0.2],
						"1.5": [0, -0.2, 0],
						"2.0": [0, -0.1, -0.2],
						"2.5": [0, -0.2, 0],
						"3.0": [0, -0.3, -0.2],
						"3.5": [0, -0.2, 0],
						"4.0": [0, -0.1, -0.2]
					}
				},
				"Root": {
					"position": {
						"0.0": [0, 0, 0],
						"0.5417": [0, 0.2, 0],
						"1.0": [0, 0, 0],
						"1.4583": [0, 0.6, 0],
						"1.9583": [0, 0.2, 0],
						"2.5417": [0, 0.6, 0],
						"3.0": [0, 0.2, 0],
						"3.4583": [0, 0.2, 0],
						"4.0": [0, 0, 0]
					}
				},
				"comb": {
					"rotation": {
						"0.0": [0, 0, -3],
						"0.25": [0, 0, -4],
						"1.0": [0, 0, 3],
						"1.25": [0, 0, 4],
						"2.0": [0, 0, -3],
						"2.25": [0, 0, -4],
						"3.0": [0, 0, 3],
						"3.25": [0, 0, 4],
						"4.0": [0, 0, -3]
					}
				},
				"wing0": {
					"rotation": {
						"1.0": [0, 0, 0],
						"1.25": [0, 0, 107],
						"1.4167": [0, 0, 125],
						"1.8333": [0, 0, 22],
						"2.0": [0, 0, 17],
						"2.5417": [0, 0, 107],
						"3.0": [0, 0, 0]
					},
					"position": {
						"1.0": [0, 0, 0],
						"1.25": [0, -1.5, 0],
						"1.4167": [0, -2.2, 0],
						"1.8333": [0.1, 0.3, 0],
						"2.0": [0.1, 0.5, 0],
						"2.5417": [0, -1.5, 0],
						"3.0": [0, 0, 0]
					}
				},
				"wing1": {
					"rotation": {
						"1.0": [0, 0, 0],
						"1.25": [0, 0, -107],
						"1.4167": [0, 0, -125],
						"1.8333": [0, 0, -22],
						"2.0": [0, 0, -17],
						"2.5417": [0, 0, -107],
						"3.0": [0, 0, 0]
					},
					"position": {
						"1.0": [0, 0, 0],
						"1.25": [0, -1.5, 0],
						"1.4167": [0, -2.2, 0],
						"1.8333": [-0.1, 0.3, 0],
						"2.0": [-0.1, 0.5, 0],
						"2.5417": [0, -1.5, 0],
						"3.0": [0, 0, 0]
					}
				},
				"leg0": {
					"rotation": {
						"0.0": [-3, 0, 0.5],
						"1.0": [10, 0, -0.2],
						"1.375": [45, 0, 0.09],
						"2.0": [-3, 0, 0.5],
						"3.0": [10, 0, -0.2],
						"3.375": [45, 0, 0.09],
						"4.0": [-3, 0, 0.5]
					},
					"position": {
						"0.0": [0, 0.1, -2.4],
						"1.0": [0, 0.2, 0.6],
						"1.375": [0, 2.26, -1.02],
						"2.0": [0, 0.1, -2.4],
						"3.0": [0, 0.2, 0.6],
						"3.375": [0, 2.26, -1.02],
						"4.0": [0, 0.1, -2.4]
					}
				},
				"leg1": {
					"rotation": {
						"0.0": [10, 0, 0.2],
						"0.375": [45, 0, -0.09],
						"1.0": [-3, 0, -0.5],
						"2.0": [10, 0, 0.2],
						"2.375": [45, 0, -0.09],
						"3.0": [-3, 0, -0.5],
						"4.0": [10, 0, 0.2]
					},
					"position": {
						"0.0": [0, 0.2, 0.6],
						"0.375": [0, 2.26, -1.02],
						"1.0": [0, 0.1, -2.4],
						"2.0": [0, 0.2, 0.6],
						"2.375": [0, 2.26, -1.02],
						"3.0": [0, 0.1, -2.4],
						"4.0": [0, 0.2, 0.6]
					}
				}
			}
		},
		"animation.chicken.flapping_wing": {
			"loop": true,
			"animation_length": 0.25,
			"bones": {
				"upper_body": {
					"rotation": {
						"0.0": [5, 0, 0.5],
						"0.125": [1, 0, -1],
						"0.25": [5, 0, 0.5]
					},
					"position": {
						"0.0": [0, -0.3, 0],
						"0.125": [0, -0.3, 0],
						"0.25": [0, -0.3, 0]
					}
				},
				"body": {
					"rotation": [2, 0, 0],
					"position": {
						"0.0": [0, -0.4, 0],
						"0.125": [0, 0.3, 0],
						"0.25": [0, -0.4, 0]
					}
				},
				"head": {
					"rotation": {
						"0.0": [-5, 0, -1],
						"0.125": [9, 0, 1],
						"0.25": [-5, 0, -1]
					},
					"position": {
						"0.0": [0, -0.3, 0],
						"0.125": [0, 0, 0],
						"0.25": [0, -0.3, 0]
					}
				},
				"comb": {
					"rotation": {
						"0.0": [0, 0, -5],
						"0.0417": [0, 0, -7],
						"0.1667": [0, 0, 5],
						"0.2083": [0, 0, 7],
						"0.25": [0, 0, -5]
					}
				},
				"leg0": {
					"rotation": {
						"0.0": [-25, 0, 3],
						"0.1667": [-35, 0, 3],
						"0.25": [-25, 0, 3]
					},
					"position": [-0.3, 0, -0.3]
				},
				"leg1": {
					"rotation": {
						"0.0": [-36, 0, -8],
						"0.125": [-28, 0, -8],
						"0.25": [-36, 0, -8]
					},
					"position": [0.2, 0, 0.4]
				},
				"Root": {
					"rotation": {
						"0.0": [3, 0, 0],
						"0.125": [0, 0, 0],
						"0.25": [3, 0, 0]
					}
				},
				"wing0": {
					"rotation": {
						"0.0": [0, 0, 107],
						"0.0417": [0, 0, 112],
						"0.125": [0, 0, 22],
						"0.1667": [0, 0, 17],
						"0.25": [0, 0, 107]
					},
					"position": {
						"0.0": [0, -1.5, 0],
						"0.0417": [0, -1.8, 0],
						"0.125": [0.1, 0.3, 0],
						"0.1667": [0.1, 0.5, 0],
						"0.25": [0, -1.5, 0]
					}
				},
				"wing1": {
					"rotation": {
						"0.0": [0, 0, -107],
						"0.0417": [0, 0, -112],
						"0.125": [0, 0, -22],
						"0.1667": [0, 0, -17],
						"0.25": [0, 0, -107]
					},
					"position": {
						"0.0": [0, -1.5, 0],
						"0.0417": [0, -1.8, 0],
						"0.125": [-0.1, 0.3, 0],
						"0.1667": [-0.1, 0.5, 0],
						"0.25": [0, -1.5, 0]
					}
				}
			}
		},
		"animation.chicken.swimming": {
			"loop": true,
			"animation_length": 2,
			"bones": {
				"upper_body": {
					"rotation": {
						"0.0": [3, 0, -1.7],
						"0.2083": [4.5, 0, 0],
						"0.5833": [2, 0, 0],
						"1.0": [3, 0, 1.7],
						"1.2083": [4.5, 0, 0],
						"1.5833": [2, 0, 0],
						"2.0": [3, 0, -1.7]
					},
					"position": {
						"0.0": [0, -0.3, 0],
						"0.2083": [0, -0.5, 0],
						"0.5833": [0, 0, 0],
						"1.0": [0, -0.3, 0],
						"1.2083": [0, -0.5, 0],
						"1.5833": [0, 0, 0],
						"2.0": [0, -0.3, 0]
					}
				},
				"body": {
					"rotation": {
						"0.0": [-2, 0, 4],
						"0.5": [1, 0, 0],
						"1.0": [-2, 0, -4],
						"1.5": [1, 0, 0],
						"2.0": [-2, 0, 4]
					},
					"position": {
						"0.0": [0, 0, 0],
						"0.5": [0, 0, -0.1],
						"1.0": [0, 0, 0],
						"1.5": [0, 0, -0.1],
						"2.0": [0, 0, 0]
					}
				},
				"head": {
					"rotation": {
						"0.0": [-4, 0, -0.8],
						"0.5": [3, 0, 0],
						"1.0": [-4, 0, -0.8],
						"1.5": [3, 0, 0],
						"2.0": [-4, 0, -0.8]
					},
					"position": {
						"0.0": [0, -0.1, 0],
						"0.5": [0, -0.2, 0],
						"1.0": [0, -0.1, 0],
						"1.5": [0, -0.2, 0],
						"2.0": [0, -0.1, 0]
					}
				},
				"Root": {
					"rotation": [-3, 0, 0],
					"position": {
						"0.0": [0, -2.9, 0],
						"0.5417": [0, -2.9, 0],
						"1.0": [0, "0-2.9", 0],
						"1.4583": [0, -2.9, 0],
						"2.0": [0, -2.9, 0]
					}
				},
				"comb": {
					"rotation": {
						"0.0": [0, 0, -3],
						"0.25": [0, 0, -4],
						"1.0": [0, 0, 3],
						"1.25": [0, 0, 4],
						"2.0": [0, 0, -3]
					}
				},
				"leg0": {
					"rotation": {
						"0.0": [-12, 0, 0.9],
						"0.125": [-15, 0, 0.9],
						"0.375": [-22, 0, 0.9],
						"1.0": [30, 0, -0.2],
						"1.125": [33, 0, -0.2],
						"1.4167": [40, 0, -0.2],
						"2.0": [-12, 0, 0.9]
					},
					"position": {
						"0.0": [0, 0.1, -1.6],
						"0.125": [0, 0.1, -1.6],
						"0.375": [0, 0.1, -0.4],
						"1.0": [0, 0.2, -0.6],
						"1.125": [0, 0.2, -0.6],
						"1.4167": [0, 0.2, -0.9],
						"2.0": [0, 0.1, -1.6]
					}
				},
				"leg1": {
					"rotation": {
						"0.0": [30, 0, 0.2],
						"0.125": [33, 0, 0.2],
						"0.375": [40, 0, 0.2],
						"1.0": [-12, 0, -0.9],
						"1.125": [-15, 0, -0.9],
						"1.4167": [-22, 0, -0.9],
						"2.0": [30, 0, 0.2]
					},
					"position": {
						"0.0": [0, 0.2, -0.6],
						"0.125": [0, 0.2, -0.6],
						"0.375": [0, 0.2, -0.9],
						"1.0": [0, 0.1, -1.6],
						"1.125": [0, 0.1, -1.6],
						"1.4167": [0, 0.1, -0.4],
						"2.0": [0, 0.2, -0.6]
					}
				}
			}
		},
		"animation.chicken.swimming_wing": {
			"loop": true,
			"animation_length": 1.29167,
			"bones": {
				"wing0": {
					"rotation": {
						"0.0": [0, 0, 50],
						"0.2917": [0, 0, 30],
						"0.625": [0, 0, 74],
						"0.9583": [0, 0, 112],
						"1.2917": [0, 0, 50]
					},
					"position": {
						"0.0": [0.2, -0.4, 0],
						"0.2917": [0.2, 0.2, 0],
						"0.625": [0.2, -0.1, 0],
						"0.9583": [0.2, -1.2, 0],
						"1.2917": [0.2, -0.4, 0]
					}
				},
				"wing1": {
					"rotation": {
						"0.0": [0, 0, -50],
						"0.2917": [0, 0, -30],
						"0.625": [0, 0, -74],
						"0.9583": [0, 0, -112],
						"1.2917": [0, 0, -50]
					},
					"position": {
						"0.0": [-0.2, -0.4, 0],
						"0.2917": [-0.2, 0.2, 0],
						"0.625": [-0.2, -0.1, 0],
						"0.9583": [-0.2, -1.2, 0],
						"1.2917": [-0.2, -0.4, 0]
					}
				}
			}
		},
		"animation.chicken.hurt": {
			"animation_length": 0.375,
			"bones": {
				"upper_body": {
					"rotation": {
						"0.0": [0, 0, 0],
						"0.0833": [5, 0, 0],
						"0.2083": [-1.5, 0, 0],
						"0.3333": [0, 0, 0]
					},
					"position": {
						"0.0": [0, 0, 0],
						"0.0833": [0, -1.8, 0],
						"0.2083": [0, -1.15, 0],
						"0.3333": [0, 0, 0]
					}
				},
				"head": {
					"rotation": {
						"0.0": [0, 0, 0],
						"0.125": [-20, 0, 0],
						"0.25": [14.5, 0, 0],
						"0.375": [0, 0, 0]
					},
					"position": {
						"0.0": [0, 0, 0],
						"0.375": [0, 0, 0]
					}
				},
				"comb": {
					"rotation": {
						"0.0": [0, 0, 0],
						"0.0833": [9, 0, 0],
						"0.1667": [-25, 0, 0],
						"0.25": [8, 0, 0],
						"0.375": [0, 0, 0]
					}
				},
				"wing0": {
					"rotation": {
						"0.0": [0, 0, 0],
						"0.0833": [0, 0, 15],
						"0.2083": [0, 0, 0]
					}
				},
				"wing1": {
					"rotation": {
						"0.0": [0, 0, 0],
						"0.0833": [0, 0, -15],
						"0.2083": [0, 0, 0]
					}
				}
			}
		},
		"animation.chicken.looking": {
			"loop": "hold_on_last_frame",
			"bones": {
				"body": {
					"rotation": [0, "math.clamp(query.target_y_rotation, -25, 25)*0.198", "math.clamp(query.target_y_rotation, -8, 8)*-0.144"]
				},
				"head": {
					"rotation": ["query.target_x_rotation", "query.target_y_rotation", "math.clamp(query.target_y_rotation, -25, 25)*0.084"]
				}
			}
		},
		"animation.chicken.baby": {
			"loop": true,
			"bones": {
				"head": {
					"scale": 2
				}
			}
		}
	}
}