{
	"format_version": "1.8.0",
	"animations": {
		"animation.creeper.v1.8.base": {
			"loop": true,
			"animation_length": 2.5,
			"bones": {
				"upper_body": {
					"rotation": {
						"0.0": [5.99334, 0.2787, -0.1867],
						"1.2917": [3.9994, 0.06975, 0.1976],
						"2.5": [5.99334, 0.2787, -0.1867]
					},
					"position": {
						"0.0": [0, -0.8, 0],
						"1.2917": [0, -0.25, 0],
						"2.5": [0, -0.8, 0]
					}
				},
				"head": {
					"rotation": {
						"0.0": [-2.5, 0, 0],
						"0.5": [1.5, 0, 0],
						"1.25": [-2.5, 0, 0],
						"1.75": [-4.5, 0, 0],
						"2.5": [-2.5, 0, 0]
					}
				},
				"leg0": {
					"rotation": {
						"0.0": [2.68714, -35.94422, -1.38766],
						"0.1667": [2.2871, -35.94422, -1.38766],
						"1.25": [5.6871, -35.94422, -1.38766],
						"1.4167": [6.1871, -35.94422, -1.38766],
						"2.5": [2.68714, -35.94422, -1.38766]
					},
					"position": {
						"0.0": [-1.2, 0.3, -1.2],
						"0.1667": [-1.2, 0.3, -1.2],
						"1.25": [-1.2, 0.3, -1.5],
						"1.4167": [-1.2, 0.3, -1.5],
						"2.5": [-1.2, 0.3, -1.2]
					}
				},
				"leg1": {
					"rotation": {
						"0.0": [7.29985, 24.96881, 0.91668],
						"0.1667": [6.8998, 24.96881, 0.91668],
						"1.25": [10.2998, 24.96881, 0.91668],
						"1.4167": [10.7998, 24.96881, 0.91668],
						"2.5": [7.29985, 24.96881, 0.91668]
					},
					"position": {
						"0.0": [1.1, 0.1, -1.1],
						"0.1667": [1.1, 0.1, -1.1],
						"1.25": [1.1, 0.1, -1.4],
						"1.4167": [1.1, 0.1, -1.4],
						"2.5": [1.1, 0.1, -1.1]
					}
				},
				"leg2": {
					"rotation": {
						"0.0": [-2.87208, 25.99419, 0.34801],
						"0.1667": [-2.4721, 25.99419, 0.34801],
						"1.25": [-6.8721, 25.99419, 0.34801],
						"1.4167": [-7.5721, 25.99419, 0.34801],
						"2.5": [-2.87208, 25.99419, 0.34801]
					},
					"position": {
						"0.0": [-1.4, 0, 0.2],
						"0.1667": [-1.4, 0, 0.2],
						"1.25": [-1.4, 0, 0.7],
						"1.4167": [-1.4, 0, 0.7],
						"2.5": [-1.4, 0, 0.2]
					}
				},
				"leg3": {
					"rotation": {
						"0.0": [-4, -17, 0],
						"0.1667": [-3.6, -17, 0],
						"1.25": [-8, -17, 0],
						"1.4167": [-8.7, -17, 0],
						"2.5": [-4, -17, 0]
					},
					"position": {
						"0.0": [0.7, 0.2, 0.1],
						"0.1667": [0.7, 0.2, 0.1],
						"1.25": [0.7, 0.2, 0.6],
						"1.4167": [0.7, 0.2, 0.6],
						"2.5": [0.7, 0.2, 0.1]
					}
				},
				"body": {
					"scale": {
						"0.0": [1, 1, 1],
						"1.2917": [1, 1, 1.04],
						"2.5": [1, 1, 1]
					}
				}
			}
		},
		"animation.creeper.v1.8.base_face": {
			"loop": true,
			"animation_length": 10,
			"bones": {
				"eyelid_right": {
					"position": {
						"0.9583": [0, 0, 0],
						"1.0": [0, 0, -0.1],
						"1.25": [0, 0, -0.1],
						"1.2917": [0, 0, 0],
						"6.5": [0, 0, 0],
						"6.5417": [0, 0, -0.1],
						"6.7917": [0, 0, -0.1],
						"6.8333": [0, 0, 0]
					},
					"scale": {
						"1.0": [1, 0.01, 1],
						"1.125": [1, 1, 1],
						"1.25": [1, 0.01, 1],
						"6.5417": [1, 0.01, 1],
						"6.6667": [1, 1, 1],
						"6.7917": [1, 0.01, 1]
					}
				},
				"eyelid_left": {
					"position": {
						"0.9583": [0, 0, 0],
						"1.0": [0, 0, -0.1],
						"1.25": [0, 0, -0.1],
						"1.2917": [0, 0, 0],
						"6.5": [0, 0, 0],
						"6.5417": [0, 0, -0.1],
						"6.7917": [0, 0, -0.1],
						"6.8333": [0, 0, 0]
					},
					"scale": {
						"1.0": [1, 0.01, 1],
						"1.125": [1, 1, 1],
						"1.25": [1, 0.01, 1],
						"6.5417": [1, 0.01, 1],
						"6.6667": [1, 1, 1],
						"6.7917": [1, 0.01, 1]
					}
				}
			}
		},
		"animation.creeper.v1.8.walking": {
			"loop": true,
			"animation_length": 1.5,
			"anim_time_update": "query.modified_distance_moved * 0.178",
			"bones": {
				"Root": {
					"position": {
						"0.0": [0, 0, 0],
						"0.3846": [0, 0.4, 0],
						"0.7692": [0, 0, 0],
						"1.1538": [0, 0.4, 0],
						"1.5": [0, 0, 0]
					}
				},
				"upper_body": {
					"rotation": {
						"0.0": [10.98529, 0.57217, -1.245],
						"0.3846": [7.9808, -0.55625, 0],
						"0.7692": [10.98529, 0.57217, 1.245],
						"1.1538": [7.9808, -0.55625, 0],
						"1.5": [10.98529, 0.57217, -1.245]
					},
					"position": {
						"0.0": [0, -1.4, 0],
						"0.1538": [0, -1.55, 0],
						"0.3846": [0, -0.9, 0],
						"0.5385": [0, -0.7, 0],
						"0.7692": [0, -1.4, 0],
						"0.9231": [0, -1.55, 0],
						"1.1538": [0, -0.9, 0],
						"1.3077": [0, -0.7, 0],
						"1.5": [0, -1.4, 0]
					}
				},
				"body": {
					"rotation": {
						"0.0": [0, -4, 0],
						"0.7692": [0, 3, 0],
						"1.5": [0, -4, 0]
					},
					"position": {
						"0.0": [0, 0, 0.4],
						"0.7692": [0, 0, 0.2],
						"1.5": [0, 0, 0.4]
					}
				},
				"head": {
					"rotation": {
						"0.0": [-3, 0, -2],
						"0.1923": [4, 0, -2],
						"0.5385": [-6, 0, 0],
						"0.7692": [-3, 0, 2],
						"0.9615": [4, 0, 2],
						"1.2308": [-6, 0, 0],
						"1.5": [-3, 0, -2]
					}
				},
				"leg0": {
					"rotation": {
						"0.0": [17.9196, -10.6421, 1.97571],
						"0.7692": [-6.1451, 21.6054, -1.6672],
						"1.5": [17.9196, -10.6421, 1.97571]
					},
					"position": {
						"0.0": [-1.5, 0.4, -0.3],
						"0.3846": [-1.6, 2.15, -0.35],
						"0.7692": [-1.7, 0.5, -2.5],
						"1.5": [-1.5, 0.4, -0.3]
					}
				},
				"leg1": {
					"rotation": {
						"0.0": [-6.1451, -21.60542, 1.66723],
						"0.7692": [17.9196, 10.6421, -1.9757],
						"1.5": [-6.1451, -21.60542, 1.66723]
					},
					"position": {
						"0.0": [1.7, 0.5, -2.5],
						"0.7692": [1.5, 0.4, -0.3],
						"1.1538": [1.6, 2.15, -0.35],
						"1.5": [1.7, 0.5, -2.5]
					}
				},
				"leg2": {
					"rotation": {
						"0.0": [-24.97724, 20.46382, -6.97858],
						"0.3846": [0.32217, -2.04392, 0.22749],
						"0.7692": [16.21406, -14.30162, -15.54054],
						"1.5": [-24.97724, 20.46382, -6.97858]
					},
					"position": {
						"0.0": [-1.1, 0.7, 0.2],
						"0.3846": [-1.33, 0.5, 0.1],
						"0.7692": [-1.8, 0.1, 1.4],
						"1.1538": [-1.45, 2.3, 0.4],
						"1.5": [-1.1, 0.7, 0.2]
					}
				},
				"leg3": {
					"rotation": {
						"0.0": [15.73245, 3.72377, 12.47996],
						"0.7692": [-24.97724, -20.4638, 6.9786],
						"1.1538": [0.32217, 2.0439, -0.2275],
						"1.5": [15.73245, 3.72377, 12.47996]
					},
					"position": {
						"0.0": [1.8, 0.1, 1.5],
						"0.3846": [1.45, 2.3, 0.4],
						"0.7692": [1.1, 0.7, 0.2],
						"1.1538": [1.33, 0.5, 0.1],
						"1.5": [1.8, 0.1, 1.5]
					}
				}
			}
		},
		"animation.creeper.v1.8.avoid_mob": {
			"loop": true,
			"animation_length": 1.5,
			"anim_time_update": "query.modified_distance_moved * 0.172",
			"bones": {
				"Root": {
					"position": {
						"0.0": [0, 0, 0],
						"0.3846": [0, 0.4, 0],
						"0.7692": [0, 0, 0],
						"1.1538": [0, 0.4, 0],
						"1.5": [0, 0, 0]
					}
				},
				"upper_body": {
					"rotation": {
						"0.0": [-9.01471, 0.57217, -1.845],
						"0.3846": [-7.0192, -0.55625, 0],
						"0.7692": [-9.01471, 0.57217, 1.845],
						"1.1538": [-7.0192, -0.55625, 0],
						"1.5": [-9.01471, 0.57217, -1.845]
					},
					"position": {
						"0.0": [0, -1.4, 0.3],
						"0.1538": [0, -1.6, 0],
						"0.3846": [0, -0.8, 0],
						"0.5385": [0, -0.5, 0],
						"0.7692": [0, -1.4, 0.3],
						"0.9231": [0, -1.6, 0],
						"1.1538": [0, -0.8, 0],
						"1.3077": [0, -0.5, 0],
						"1.5": [0, -1.4, 0.3]
					}
				},
				"body": {
					"rotation": {
						"0.0": [0, -4, 0],
						"0.7692": [0, 3, 0],
						"1.5": [0, -4, 0]
					},
					"position": {
						"0.0": [0, 0, 0.4],
						"0.7692": [0, 0, 0.2],
						"1.5": [0, 0, 0.4]
					}
				},
				"head": {
					"rotation": {
						"0.0": [-4, 0, -2],
						"0.1154": [-8, 0, -2],
						"0.5": [4, 0, 0],
						"0.8077": [-3, 0, 2],
						"0.9231": [-8, 0, 2],
						"1.2308": [4, 0, 0],
						"1.5": [-4, 0, -2]
					}
				},
				"leg0": {
					"rotation": {
						"0.0": [17.9196, -10.6421, 1.97571],
						"0.3846": [26.8872, 5.48165, 0.15426],
						"0.7692": [-6.1451, 21.6054, -1.6672],
						"1.5": [17.9196, -10.6421, 1.97571]
					},
					"position": {
						"0.0": [-1.5, 0.4, -0.3],
						"0.3846": [-1.6, 2.15, -0.35],
						"0.7692": [-1.7, 0.5, -2.5],
						"1.5": [-1.5, 0.4, -0.3]
					}
				},
				"leg1": {
					"rotation": {
						"0.0": [-6.1451, -21.60542, 1.66723],
						"0.7692": [17.9196, 10.6421, -1.9757],
						"1.1538": [26.8872, -5.4817, -0.1543],
						"1.5": [-6.1451, -21.60542, 1.66723]
					},
					"position": {
						"0.0": [1.7, 0.5, -2.5],
						"0.7692": [1.5, 0.4, -0.3],
						"1.1538": [1.6, 2.15, -0.35],
						"1.5": [1.7, 0.5, -2.5]
					}
				},
				"leg2": {
					"rotation": {
						"0.0": [-24.97724, 20.46382, -6.97858],
						"0.3846": [0.32217, -2.04392, 0.22749],
						"0.7692": [16.21406, -14.30162, -15.54054],
						"1.1538": [23.3776, 8.37, -9.7293],
						"1.5": [-24.97724, 20.46382, -6.97858]
					},
					"position": {
						"0.0": [-1.1, 0.7, 0.2],
						"0.3846": [-1.33, 0.5, 0.1],
						"0.7692": [-1.8, 0.1, 1.4],
						"1.1538": [-1.45, 2.3, 0.4],
						"1.5": [-1.1, 0.7, 0.2]
					}
				},
				"leg3": {
					"rotation": {
						"0.0": [15.73245, 3.72377, 12.47996],
						"0.3846": [23.3776, -8.37002, 9.72928],
						"0.7692": [-24.97724, -20.4638, 6.9786],
						"1.1538": [0.32217, 2.0439, -0.2275],
						"1.5": [15.73245, 3.72377, 12.47996]
					},
					"position": {
						"0.0": [1.8, 0.1, 1.5],
						"0.3846": [1.45, 2.3, 0.4],
						"0.7692": [1.1, 0.7, 0.2],
						"1.1538": [1.33, 0.5, 0.1],
						"1.5": [1.8, 0.1, 1.5]
					}
				}
			}
		},
		"animation.creeper.v1.8.walking_no_ground": {
			"loop": true,
			"animation_length": 1.5,
			"anim_time_update": "query.modified_distance_moved * 0.09",
			"bones": {
				"Root": {
					"position": {
						"0.0": [0, 0, 0],
						"0.3846": [0, 0.4, 0],
						"0.7692": [0, 0, 0],
						"1.1538": [0, 0.4, 0],
						"1.5": [0, 0, 0]
					}
				},
				"upper_body": {
					"rotation": {
						"0.0": [10.98529, 0.57217, -1.245],
						"0.3846": [7.9808, -0.55625, 0],
						"0.7692": [10.98529, 0.57217, 1.245],
						"1.1538": [7.9808, -0.55625, 0],
						"1.5": [10.98529, 0.57217, -1.245]
					},
					"position": {
						"0.0": [0, -1.4, 0],
						"0.1538": [0, -1.55, 0],
						"0.3846": [0, -0.9, 0],
						"0.5385": [0, -0.7, 0],
						"0.7692": [0, -1.4, 0],
						"0.9231": [0, -1.55, 0],
						"1.1538": [0, -0.9, 0],
						"1.3077": [0, -0.7, 0],
						"1.5": [0, -1.4, 0]
					}
				},
				"body": {
					"rotation": {
						"0.0": [0, -4, 0],
						"0.7692": [0, 3, 0],
						"1.5": [0, -4, 0]
					},
					"position": {
						"0.0": [0, 0, 0.4],
						"0.7692": [0, 0, -0.4],
						"1.5": [0, 0, 0.4]
					}
				},
				"head": {
					"rotation": {
						"0.0": [-3, 0, -2],
						"0.2692": [4, 0, -2],
						"0.5385": [-6, 0, 0],
						"0.7692": [-3, 0, 2],
						"1.0385": [4, 0, 2],
						"1.2692": [-6, 0, 0],
						"1.5": [-3, 0, -2]
					}
				},
				"leg0": {
					"rotation": {
						"0.0": [17.9196, -10.6421, 1.97571],
						"0.7692": [-6.1451, 21.6054, -1.6672],
						"1.5": [17.9196, -10.6421, 1.97571]
					},
					"position": {
						"0.0": [-1.5, 0.4, -0.3],
						"0.3846": [-1.6, 2.15, -0.35],
						"0.7692": [-1.7, 0.5, -2.5],
						"1.5": [-1.5, 0.4, -0.3]
					}
				},
				"leg1": {
					"rotation": {
						"0.0": [-6.1451, -21.60542, 1.66723],
						"0.7692": [17.9196, 10.6421, -1.9757],
						"1.5": [-6.1451, -21.60542, 1.66723]
					},
					"position": {
						"0.0": [1.7, 0.5, -2.5],
						"0.7692": [1.5, 0.4, -0.3],
						"1.1538": [1.6, 2.15, -0.35],
						"1.5": [1.7, 0.5, -2.5]
					}
				},
				"leg2": {
					"rotation": {
						"0.0": [-24.97724, 20.46382, -6.97858],
						"0.3846": [0.32217, -2.04392, 0.22749],
						"0.7692": [16.21406, -14.30162, -15.54054],
						"1.5": [-24.97724, 20.46382, -6.97858]
					},
					"position": {
						"0.0": [-1.1, 0.7, 0.2],
						"0.3846": [-1.33, 0.5, 0.1],
						"0.7692": [-1.8, 0.1, 1.4],
						"1.1538": [-1.45, 2.3, 0.4],
						"1.5": [-1.1, 0.7, 0.2]
					}
				},
				"leg3": {
					"rotation": {
						"0.0": [15.73245, 3.72377, 12.47996],
						"0.7692": [-24.97724, -20.4638, 6.9786],
						"1.1538": [0.32217, 2.0439, -0.2275],
						"1.5": [15.73245, 3.72377, 12.47996]
					},
					"position": {
						"0.0": [1.8, 0.1, 1.5],
						"0.3846": [1.45, 2.3, 0.4],
						"0.7692": [1.1, 0.7, 0.2],
						"1.1538": [1.33, 0.5, 0.1],
						"1.5": [1.8, 0.1, 1.5]
					}
				}
			}
		},
		"animation.creeper.v1.8.avoid_no_ground": {
			"loop": true,
			"animation_length": 1.5,
			"anim_time_update": "query.modified_distance_moved * 0.09",
			"bones": {
				"Root": {
					"position": {
						"0.0": [0, 0, 0],
						"0.3846": [0, 0.4, 0],
						"0.7692": [0, 0, 0],
						"1.1538": [0, 0.4, 0],
						"1.5": [0, 0, 0]
					}
				},
				"upper_body": {
					"rotation": {
						"0.0": [-9.01471, 0.57217, -1.445],
						"0.3846": [-5.0192, -0.55625, -0.445],
						"0.7692": [-9.01471, 0.57217, 1.445],
						"1.1538": [-5.0192, -0.55625, 0.445],
						"1.5": [-9.01471, 0.57217, -1.445]
					},
					"position": {
						"0.0": [0, -1.4, 0.3],
						"0.1538": [0, -1.8, 0],
						"0.3846": [0, -0.5, 0],
						"0.5385": [0, 0.2, 0],
						"0.7692": [0, -1.4, 0.3],
						"0.9231": [0, -1.8, 0],
						"1.1538": [0, -0.5, 0],
						"1.3077": [0, 0.2, 0],
						"1.5": [0, -1.4, 0.3]
					}
				},
				"body": {
					"rotation": {
						"0.0": [0, -4, 0],
						"0.7692": [0, 3, 0],
						"1.5": [0, -4, 0]
					},
					"position": {
						"0.0": [0, 0, 0.4],
						"0.7692": [0, 0, -0.4],
						"1.5": [0, 0, 0.4]
					}
				},
				"head": {
					"rotation": {
						"0.0": [-4, 0, -2],
						"0.2692": [-12, 0, -2],
						"0.5385": [2, 0, 0],
						"0.8077": [-3, 0, 2],
						"1.0385": [-12, 0, 2],
						"1.2692": [2, 0, 0],
						"1.5": [-4, 0, -2]
					}
				},
				"leg0": {
					"rotation": {
						"0.0": [17.9196, -10.6421, 1.97571],
						"0.3846": [26.8872, 5.48165, 0.15426],
						"0.7692": [-6.1451, 21.6054, -1.6672],
						"1.5": [17.9196, -10.6421, 1.97571]
					},
					"position": {
						"0.0": [-1.5, 0.4, -0.3],
						"0.3846": [-1.6, 2.15, -0.35],
						"0.7692": [-1.7, 0.5, -2.5],
						"1.5": [-1.5, 0.4, -0.3]
					}
				},
				"leg1": {
					"rotation": {
						"0.0": [-6.1451, -21.60542, 1.66723],
						"0.7692": [17.9196, 10.6421, -1.9757],
						"1.1538": [26.8872, -5.4817, -0.1543],
						"1.5": [-6.1451, -21.60542, 1.66723]
					},
					"position": {
						"0.0": [1.7, 0.5, -2.5],
						"0.7692": [1.5, 0.4, -0.3],
						"1.1538": [1.6, 2.15, -0.35],
						"1.5": [1.7, 0.5, -2.5]
					}
				},
				"leg2": {
					"rotation": {
						"0.0": [-24.97724, 20.46382, -6.97858],
						"0.3846": [0.32217, -2.04392, 0.22749],
						"0.7692": [16.21406, -14.30162, -15.54054],
						"1.1538": [23.3776, 8.37, -9.7293],
						"1.5": [-24.97724, 20.46382, -6.97858]
					},
					"position": {
						"0.0": [-1.1, 0.7, 0.2],
						"0.3846": [-1.33, 0.5, 0.1],
						"0.7692": [-1.8, 0.1, 1.4],
						"1.1538": [-1.45, 2.3, 0.4],
						"1.5": [-1.1, 0.7, 0.2]
					}
				},
				"leg3": {
					"rotation": {
						"0.0": [15.73245, 3.72377, 12.47996],
						"0.3846": [23.3776, -8.37002, 9.72928],
						"0.7692": [-24.97724, -20.4638, 6.9786],
						"1.1538": [0.32217, 2.0439, -0.2275],
						"1.5": [15.73245, 3.72377, 12.47996]
					},
					"position": {
						"0.0": [1.8, 0.1, 1.5],
						"0.3846": [1.45, 2.3, 0.4],
						"0.7692": [1.1, 0.7, 0.2],
						"1.1538": [1.33, 0.5, 0.1],
						"1.5": [1.8, 0.1, 1.5]
					}
				}
			}
		},
		"animation.creeper.v1.8.death_face": {
			"loop": "hold_on_last_frame",
			"animation_length": 0.16667,
			"bones": {
				"eyelid_right": {
					"position": {
						"0.0": [0, 0, 0],
						"0.0417": [0, 0, -0.1]
					},
					"scale": {
						"0.0417": [1, 0.01, 1],
						"0.1667": [1, 1, 1]
					}
				},
				"eyelid_left": {
					"position": {
						"0.0": [0, 0, 0],
						"0.0417": [0, 0, -0.1]
					},
					"scale": {
						"0.0417": [1, 0.01, 1],
						"0.1667": [1, 1, 1]
					}
				}
			}
		},
		"animation.creeper.v1.8.in_water": {
			"loop": true,
			"animation_length": 2,
			"bones": {
				"Root": {
					"position": {
						"0.0": [0, 0, 0],
						"0.4828": [0, 0.4, 0],
						"1.0": [0, 0, 0],
						"1.5172": [0, 0.4, 0],
						"2.0": [0, 0, 0]
					}
				},
				"upper_body": {
					"rotation": {
						"0.0": [10.98529, 0.57217, -2.145],
						"0.4828": [2.98076, -0.55625, 0],
						"1.0": [10.98529, 0.57217, 2.145],
						"1.5172": [2.98076, -0.55625, 0],
						"2.0": [10.98529, 0.57217, -2.145]
					},
					"position": {
						"0.0": [0, -1.4, 0],
						"0.4828": [0, -1.4, 0],
						"1.0": [0, -1.4, 0],
						"1.5172": [0, -1.4, 0],
						"2.0": [0, -1.4, 0]
					}
				},
				"body": {
					"rotation": {
						"0.0": [0, -7, 0],
						"1.0": [0, 7, 0],
						"2.0": [0, -7, 0]
					},
					"position": {
						"0.0": [0, 0, 0.2],
						"1.0": [0, 0, -0.2],
						"2.0": [0, 0, 0.2]
					}
				},
				"head": {
					"rotation": {
						"0.0": [-8.9773, 0.522, -1.5727],
						"0.4828": [1.8227, 0.522, 0],
						"0.9655": [-8.9773, -0.522, 1.5727],
						"1.5172": [1.8227, -0.522, 0],
						"2.0": [-8.9773, 0.522, -1.5727]
					},
					"position": {
						"0.0": [0, 0, 0],
						"0.9655": [0, 0, -0.2],
						"2.0": [0, 0, 0]
					}
				},
				"leg0": {
					"rotation": {
						"0.0": [17.9196, -10.6421, 1.97571],
						"0.1379": [25.9196, -10.6421, 1.97571],
						"0.4483": [31.40849, 0.63807, -2.01489],
						"1.0": [-8.83348, 20.6917, -9.1093],
						"1.1379": [-18.83348, 20.6917, -9.1093],
						"1.4483": [-15.60237, 9.41153, -5.11869],
						"2.0": [17.9196, -10.6421, 1.97571]
					},
					"position": {
						"0.0": [-1.5, 0.4, -0.3],
						"0.1379": [-1.5, 0.4, -0.3],
						"0.4483": [-1.57, 0.44, -2.09],
						"1.0": [-1.7, 0.5, -2.5],
						"1.1379": [-1.7, 0.5, -2.5],
						"1.4483": [-1.63, 0.46, -1.21],
						"2.0": [-1.5, 0.4, -0.3]
					}
				},
				"leg1": {
					"rotation": {
						"0.0": [-8.83348, -20.69166, 9.10931],
						"0.1379": [-15.83348, -20.69166, 9.10931],
						"0.4483": [-25.52237, -9.41151, 5.11871],
						"1.0": [17.9196, 10.6421, -1.9757],
						"1.1379": [27.9196, 10.6421, -1.9757],
						"1.4483": [28.68849, -0.63805, 2.0149],
						"2.0": [-8.83348, -20.69166, 9.10931]
					},
					"position": {
						"0.0": [1.7, 0.5, -2.5],
						"0.1379": [1.7, 0.5, -2.5],
						"0.4483": [1.63, 0.46, -1.41],
						"1.0": [1.5, 0.4, -0.3],
						"1.1379": [1.5, 0.4, -0.3],
						"1.4483": [1.57, 0.24, -1.69],
						"2.0": [1.7, 0.5, -2.5]
					}
				},
				"leg2": {
					"rotation": {
						"0.0": [-20.866, 41.6291, -4.88084],
						"0.1724": [-30.30151, 43.16819, -5.83428],
						"0.4483": [-27.54559, 20.58139, -4.8881],
						"1.0": [14.98415, -6.1121, -3.7699],
						"1.1379": [26.98415, -6.1121, -3.7699],
						"1.4483": [29.5523, 11.21132, -4.17302],
						"2.0": [-20.866, 41.6291, -4.88084]
					},
					"position": {
						"0.0": [-1.1, 0.7, 0.2],
						"0.1724": [-1.1, 0.7, 0.2],
						"0.4483": [-1.42, 0.43, 1.35],
						"1.0": [-1.8, 0.1, 1.4],
						"1.1379": [-1.8, 0.1, 1.4],
						"1.4483": [-1.5, 0.36, 0.08],
						"2.0": [-1.1, 0.7, 0.2]
					}
				},
				"leg3": {
					"rotation": {
						"0.0": [14.98415, 6.11208, 3.76987],
						"0.1379": [21.98415, 6.11208, 3.76987],
						"0.4483": [24.48352, -8.85465, 9.97066],
						"1.0": [-30.96203, -35.46217, 20.99428],
						"1.1379": [-38.96203, -35.46217, 20.99428],
						"1.4483": [-35.54141, -20.49544, 14.79349],
						"2.0": [14.98415, 6.11208, 3.76987]
					},
					"position": {
						"0.0": [1.8, 0.1, 1.5],
						"0.1379": [1.8, 0.1, 1.5],
						"0.4483": [1.55, 0.32, 0.43],
						"1.0": [1.1, 0.7, 0.2],
						"1.1379": [1.1, 0.7, 0.2],
						"1.4483": [1.35, 0.48, 1.37],
						"2.0": [1.8, 0.1, 1.5]
					}
				}
			}
		},
		"animation.creeper.v1.8.hurt": {
			"animation_length": 0.375,
			"bones": {
				"upper_body": {
					"rotation": {
						"0.0": [0, 0, 0],
						"0.125": [-5.9362, -1.24529, -5.86981],
						"0.25": [5, 0, 0],
						"0.375": [0, 0, 0]
					},
					"position": {
						"0.0": [0, 0, 0],
						"0.1667": [0, -1.5, 1.4],
						"0.375": [0, 0, 0]
					}
				},
				"head": {
					"rotation": {
						"0.0": [0, 0, 0],
						"0.125": [-25, 0, 0],
						"0.25": [16.14, 0, 0],
						"0.375": [0, 0, 0]
					},
					"position": {
						"0.0": [0, 0, 0],
						"0.125": [0, 0, 0.8],
						"0.25": [0, 0, 0.6],
						"0.375": [0, 0, 0]
					}
				}
			}
		},
		"animation.creeper.v1.8.hurt2": {
			"animation_length": 0.375,
			"bones": {
				"upper_body": {
					"rotation": {
						"0.0": [0, 0, 0],
						"0.125": [5.9362, -1.24529, 5.86981],
						"0.25": [-5, 0, 0],
						"0.375": [0, 0, 0]
					},
					"position": {
						"0.0": [0, 0, 0],
						"0.1667": [0, -1.5, -1.4],
						"0.375": [0, 0, 0]
					}
				},
				"head": {
					"rotation": {
						"0.0": [0, 0, 0],
						"0.125": [26, 0, 0],
						"0.25": [-16.14, 0, 0],
						"0.375": [0, 0, 0]
					},
					"position": {
						"0.0": [0, 0, 0],
						"0.125": [0, 0, -0.8],
						"0.25": [0, 0, -0.6],
						"0.375": [0, 0, 0]
					}
				}
			}
		},
		"animation.creeper.v1.8.swelling_time": {
			"loop": true,
			"bones": {
				"body": {
					"scale": ["variable.swelling_scale1", "variable.swelling_scale2", "variable.swelling_scale1"]
				},
				"head": {
					"scale": ["variable.swelling_scale1", "variable.swelling_scale2", "variable.swelling_scale1"]
				},
				"leg0": {
					"scale": ["variable.swelling_scale1", "variable.swelling_scale2", "variable.swelling_scale1"]
				},
				"leg1": {
					"scale": ["variable.swelling_scale1", "variable.swelling_scale2", "variable.swelling_scale1"]
				},
				"leg2": {
					"scale": ["variable.swelling_scale1", "variable.swelling_scale2", "variable.swelling_scale1"]
				},
				"leg3": {
					"scale": ["variable.swelling_scale1", "variable.swelling_scale2", "variable.swelling_scale1"]
				}
			}
		},
		"animation.creeper.v1.8.looking": {
			"loop": "hold_on_last_frame",
			"bones": {
				"body": {
					"rotation": [0, "math.clamp(query.target_y_rotation, -25, 25)*0.448", "math.clamp(query.target_y_rotation, -8, 8)*-0.084"]
				},
				"head": {
					"rotation": ["query.target_x_rotation", "query.target_y_rotation", "math.clamp(query.target_y_rotation, -35, 35)*0.074"]
				},
				"leg0": {
					"rotation": [0, "math.clamp(query.target_y_rotation, -15, 35)*0.498", "math.clamp(query.target_y_rotation, -10, 25)*0.184"]
				},
				"leg1": {
					"rotation": [0, "math.clamp(query.target_y_rotation, -15, 35)*0.498", "math.clamp(query.target_y_rotation, -10, 25)*0.184"]
				},
				"leg2": {
					"rotation": [0, "math.clamp(query.target_y_rotation, -15, 35)*0.598", "math.clamp(query.target_y_rotation, -5, 25)*-0.474"]
				},
				"leg3": {
					"rotation": [0, "math.clamp(query.target_y_rotation, -35, 15)*0.598", "math.clamp(query.target_y_rotation, -25, 5)*-0.474"]
				}
			}
		}
	}
}