{
	"format_version": "1.8.0",
	"animations": {
		"animation.enderman.base": {
			"loop": true,
			"animation_length": 3,
			"bones": {
				"Root": {
					"rotation": {
						"0.0": [0, 0, 0],
						"1.5": [-0.6, 0, 0],
						"3.0": [0, 0, 0]
					}
				},
				"upper_body": {
					"rotation": {
						"0.0": [1.5, 0, 0],
						"1.5": [0, 0, 0],
						"3.0": [1.5, 0, 0]
					},
					"position": {
						"0.0": [0, -0.45, 0],
						"1.5": [0, 0.1, 0],
						"3.0": [0, -0.45, 0]
					}
				},
				"head": {
					"rotation": {
						"0.0": [2, 0, 0],
						"0.5": [5, 0, 0],
						"1.5": [0, 0, 0],
						"2.0": [-2, 0, 0],
						"3.0": [2, 0, 0]
					},
					"position": {
						"0.0": [0, -0.2, 0],
						"0.5": [0, -0.4, 0],
						"1.5": [0, -0.2, 0],
						"2.0": [0, 0, 0],
						"3.0": [0, -0.2, 0]
					}
				},
				"rightArm": {
					"rotation": {
						"0.0": [0, 0, 2.5],
						"0.25": [0, 0, 2.2],
						"1.5": [0, 0, 4.2],
						"1.7917": [0, 0, 3.9],
						"3.0": [0, 0, 2.5]
					},
					"position": {
						"0.0": [0, -0.5, 0],
						"0.25": [0, -0.6, 0],
						"1.5": [0, 0.1, 0],
						"1.7917": [0, 0.25, 0],
						"3.0": [0, -0.5, 0]
					}
				},
				"leftArm": {
					"rotation": {
						"0.0": [0, 0, -2.5],
						"0.25": [0, 0, -2.2],
						"1.5": [0, 0, -4.2],
						"1.7917": [0, 0, -3.9],
						"3.0": [0, 0, -2.5]
					},
					"position": {
						"0.0": [0, -0.5, 0],
						"0.25": [0, -0.6, 0],
						"1.5": [0, 0.1, 0],
						"1.7917": [0, 0.25, 0],
						"3.0": [0, -0.5, 0]
					}
				},
				"rightLeg": {
					"rotation": [0, 7, 1.5],
					"position": [0.3, 0, -0.4]
				},
				"leftLeg": {
					"rotation": [0, -4, -1.5],
					"position": [-0.3, 0, 0.3]
				},
				"body1": {
					"scale": {
						"0.0": [1, 1, 1],
						"1.5": [1, 1, 1.04],
						"3.0": [1, 1, 1]
					}
				}
			}
		},
		"animation.enderman.base_carrying": {
			"loop": true,
			"animation_length": 3,
			"bones": {
				"Root": {
					"rotation": {
						"0.0": [0, 0, 0],
						"1.4583": [-0.6, 0, 0],
						"2.875": [0, 0, 0]
					}
				},
				"upper_body": {
					"rotation": {
						"0.0": [1.5, 0, 0],
						"1.5": [0, 0, 0],
						"3.0": [1.5, 0, 0]
					},
					"position": {
						"0.0": [0, -0.45, 0],
						"1.5": [0, 0.1, 0],
						"3.0": [0, -0.45, 0]
					}
				},
				"head": {
					"rotation": {
						"0.0": [2.5, 0, 0],
						"0.25": [2.9, 0, 0],
						"1.5": [1.3, 0, 0],
						"1.75": [0.9, 0, 0],
						"3.0": [2.5, 0, 0]
					},
					"position": {
						"0.0": [0, 0, 0],
						"0.25": [0, 0, 0],
						"1.5": [0, -0.19, 0],
						"1.75": [0, -0.19, 0],
						"3.0": [0, 0, 0]
					}
				},
				"rightArm": {
					"rotation": {
						"0.0": [-19.77884, 6.2634, 0.5],
						"0.3333": [-19.9788, 6.2634, 0.5],
						"1.5833": [-16.6806, 6.2634, 0.5],
						"2.0417": [-15.6806, 6.2634, 0.5],
						"3.0": [-19.77884, 6.2634, 0.5]
					},
					"position": {
						"0.0": [0, -1.1, -0.9],
						"0.3333": [0, -1.2, -0.9],
						"1.5833": [0, -0.6, -0.9],
						"2.0417": [0, -0.8, -0.9],
						"3.0": [0, -1.1, -0.9]
					}
				},
				"leftArm": {
					"rotation": {
						"0.0": [-20.68064, -6.2634, -0.5],
						"0.3333": [-20.9806, -6.2634, -0.5],
						"1.5833": [-17.6806, -6.2634, -0.5],
						"2.0417": [-16.6806, -6.2634, -0.5],
						"3.0": [-20.68064, -6.2634, -0.5]
					},
					"position": {
						"0.0": [0, -1.1, -0.8],
						"0.3333": [0, -1.2, -0.8],
						"1.5833": [0, -0.6, -0.8],
						"2.0417": [0, -0.8, -0.8],
						"3.0": [0, -1.1, -0.8]
					}
				},
				"rightLeg": {
					"rotation": [0, 7, 1.5],
					"position": [0.3, 0, -0.4]
				},
				"leftLeg": {
					"rotation": [0, -4, -1.5],
					"position": [-0.3, 0, 0.3]
				},
				"body1": {
					"scale": {
						"0.0": [1, 1, 1],
						"1.5": [1, 1, 1.04],
						"3.0": [1, 1, 1]
					}
				}
			}
		},
		"animation.enderman.walking": {
			"loop": true,
			"animation_length": 2,
			"anim_time_update": "query.modified_distance_moved * 0.15",
			"bones": {
				"Root": {
					"position": {
						"0.0": [0, -0.6, 0],
						"0.5": [0, 0.2, 0],
						"1.0": [0, -0.6, 0],
						"1.5": [0, 0.2, 0],
						"2.0": [0, -0.6, 0]
					}
				},
				"upper_body": {
					"rotation": {
						"0.0": [3.99454, 0.20917, -1.9927],
						"0.5": [-1, 0, 0],
						"1.0": [3.99029, -0.2788, 2.9903],
						"1.5": [-1, 0, 0],
						"2.0": [3.99454, 0.20917, -1.9927]
					},
					"position": {
						"0.0": [0, -1.2, 0],
						"0.125": [0, -1.4, 0],
						"0.5": [0, 0.1, 0],
						"0.625": [0, 0.3, 0],
						"1.0": [0, -1.2, 0],
						"1.125": [0, -1.4, 0],
						"1.5": [0, 0.1, 0],
						"1.625": [0, 0.3, 0],
						"2.0": [0, -1.2, 0]
					}
				},
				"head": {
					"rotation": {
						"0.0": [1.8997, 0.0332, -1.0995],
						"0.4583": [8.5, 0.0332, 0],
						"1.0": [1.8997, -0.0332, 1.0995],
						"1.5": [8.5, -0.0332, 0],
						"2.0": [1.8997, 0.0332, -1.0995]
					},
					"position": {
						"0.0": [0, 0, 0],
						"0.4583": [0, -0.3, -0.2],
						"1.0": [0, 0, 0],
						"1.5": [0, -0.3, -0.2],
						"2.0": [0, 0, 0]
					}
				},
				"body": {
					"rotation": {
						"0.0": [0, 4, 0],
						"1.0": [0, -4, 0],
						"2.0": [0, 4, 0]
					},
					"position": {
						"0.0": [0, 0, 0],
						"0.4583": [0, 0, -0.3],
						"1.0": [0, 0, 0],
						"1.5": [0, 0, -0.3],
						"2.0": [0, 0, 0]
					}
				},
				"rightArm": {
					"rotation": {
						"0.0": [21.98788, -0.74908, 1.85447],
						"0.0833": [26.5879, -0.74908, 1.85447],
						"1.0": [-26, 0, 4],
						"1.1667": [-27, 0, 4],
						"2.0": [21.98788, -0.74908, 1.85447]
					},
					"position": {
						"0.0": [0, -0.3, 0],
						"0.125": [0, -0.3, 0],
						"1.0": [0, 0.2, 0],
						"1.1667": [0, 0.2, 0],
						"2.0": [0, -0.3, 0]
					}
				},
				"leftArm": {
					"rotation": {
						"0.0": [-26, 0, -4],
						"0.1667": [-27, 0, -4],
						"1.0": [21.98788, -0.74908, -1.8545],
						"1.0833": [26.9879, -0.74908, -1.8545],
						"2.0": [-26, 0, -4]
					},
					"position": {
						"0.0": [0, 0.2, 0],
						"0.1667": [0, 0.2, 0],
						"1.0": [0, -0.3, 0],
						"1.125": [0, -0.3, 0],
						"2.0": [0, 0.2, 0]
					}
				},
				"rightLeg": {
					"rotation": {
						"0.0": [-15.02857, 8.95149, -1.37039],
						"1.0": [18, 0, 0],
						"1.3333": [28.07, 0, 0],
						"2.0": [-15.02857, 8.95149, -1.37039]
					},
					"position": {
						"0.0": [0, -0.4, -1.7],
						"0.625": [0, 0.25, -0.33],
						"1.0": [0, 0, 0.5],
						"1.3333": [0, 0.7, -3.93],
						"1.6667": [0, 2, -1.53],
						"2.0": [0, -0.4, -1.7]
					}
				},
				"leftLeg": {
					"rotation": {
						"0.0": [18, 0, 0],
						"0.2917": [28.07, 0, 0],
						"1.0": [-15.05423, -9.6171, 1.3334],
						"2.0": [18, 0, 0]
					},
					"position": {
						"0.0": [0, 0, 0.5],
						"0.2917": [0, 0.7, -3.93],
						"0.625": [0, 2, -1.53],
						"1.0": [0, -0.4, -1.7],
						"1.625": [0, 0.25, -0.32],
						"2.0": [0, 0, 0.5]
					}
				}
			}
		},
		"animation.enderman.walking_carrying": {
			"loop": true,
			"animation_length": 2,
			"anim_time_update": "query.modified_distance_moved * 0.15",
			"bones": {
				"Root": {
					"position": {
						"0.0": [0, -0.6, 0],
						"0.5": [0, 0.2, 0],
						"1.0": [0, -0.6, 0],
						"1.5": [0, 0.2, 0],
						"2.0": [0, -0.6, 0]
					}
				},
				"upper_body": {
					"rotation": {
						"0.0": [3.99454, 0.20917, -1.9927],
						"0.5": [-1, 0, 0],
						"1.0": [3.99029, -0.2788, 2.9903],
						"1.5": [-1, 0, 0],
						"2.0": [3.99454, 0.20917, -1.9927]
					},
					"position": {
						"0.0": [0, -1.2, 0],
						"0.125": [0, -1.4, 0],
						"0.5": [0, 0.1, 0],
						"0.625": [0, 0.3, 0],
						"1.0": [0, -1.2, 0],
						"1.125": [0, -1.4, 0],
						"1.5": [0, 0.1, 0],
						"1.625": [0, 0.3, 0],
						"2.0": [0, -1.2, 0]
					}
				},
				"head": {
					"rotation": {
						"0.0": [1.8997, 0.0332, -1.0995],
						"0.4583": [8.5, 0.0332, 0],
						"1.0": [1.8997, -0.0332, 1.0995],
						"1.5": [8.5, -0.0332, 0],
						"2.0": [1.8997, 0.0332, -1.0995]
					},
					"position": {
						"0.0": [0, 0, 0],
						"0.4583": [0, -0.3, -0.2],
						"1.0": [0, 0, 0],
						"1.5": [0, -0.3, -0.2],
						"2.0": [0, 0, 0]
					}
				},
				"body": {
					"rotation": {
						"0.0": [0, 4, 0],
						"1.0": [0, -4, 0],
						"2.0": [0, 4, 0]
					},
					"position": {
						"0.0": [0, 0, 0],
						"0.4583": [0, 0, -0.3],
						"1.0": [0, 0, 0],
						"1.5": [0, 0, -0.3],
						"2.0": [0, 0, 0]
					}
				},
				"rightArm": {
					"rotation": {
						"0.0": [-28.7788, 6.2634, 0.5],
						"0.125": [-28.7788, 6.2634, 0.5],
						"0.5": [-20.7788, 6.2634, 0.5],
						"0.625": [-20.7788, 6.2634, 0.5],
						"1.0": [-28.7788, 6.2634, 0.5],
						"1.125": [-28.7788, 6.2634, 0.5],
						"1.5": [-20.7788, 6.2634, 0.5],
						"1.625": [-20.7788, 6.2634, 0.5],
						"2.0": [-28.7788, 6.2634, 0.5]
					},
					"position": {
						"0.0": [0, -1.2, -0.9],
						"0.125": [0, -1.2, -0.9],
						"0.5": [0, -0.7, -0.9],
						"0.625": [0, -0.7, -0.9],
						"1.0": [0, -1.2, -0.9],
						"1.125": [0, -1.2, -0.9],
						"1.5": [0, -0.7, -0.9],
						"1.625": [0, -0.7, -0.9],
						"2.0": [0, -1.2, -0.9]
					}
				},
				"leftArm": {
					"rotation": {
						"0.0": [-28.6806, -6.2634, -0.5],
						"0.125": [-28.6806, -6.2634, -0.5],
						"0.5": [-20.7788, -6.2634, -0.5],
						"0.625": [-20.7788, -6.2634, -0.5],
						"1.0": [-28.6806, -6.2634, -0.5],
						"1.125": [-28.6806, -6.2634, -0.5],
						"1.5": [-20.7788, -6.2634, -0.5],
						"1.625": [-20.7788, -6.2634, -0.5],
						"2.0": [-28.6806, -6.2634, -0.5]
					},
					"position": {
						"0.0": [0, -1.2, -0.9],
						"0.125": [0, -1.2, -0.9],
						"0.5": [0, -0.7, -0.9],
						"0.625": [0, -0.7, -0.9],
						"1.0": [0, -1.2, -0.9],
						"1.125": [0, -1.2, -0.9],
						"1.5": [0, -0.7, -0.9],
						"1.625": [0, -0.7, -0.9],
						"2.0": [0, -1.2, -0.9]
					}
				},
				"rightLeg": {
					"rotation": {
						"0.0": [-15.02857, 8.95149, -1.37039],
						"1.0": [18, 0, 0],
						"1.3333": [28.07, 0, 0],
						"2.0": [-15.02857, 8.95149, -1.37039]
					},
					"position": {
						"0.0": [0, -0.4, -1.7],
						"0.625": [0, 0.25, -0.33],
						"1.0": [0, 0, 0.5],
						"1.3333": [0, 0.7, -3.93],
						"1.6667": [0, 2, -1.53],
						"2.0": [0, -0.4, -1.7]
					}
				},
				"leftLeg": {
					"rotation": {
						"0.0": [18, 0, 0],
						"0.2917": [28.07, 0, 0],
						"1.0": [-15.05423, -9.6171, 1.3334],
						"2.0": [18, 0, 0]
					},
					"position": {
						"0.0": [0, 0, 0.5],
						"0.2917": [0, 0.7, -3.93],
						"0.625": [0, 2, -1.53],
						"1.0": [0, -0.4, -1.7],
						"1.625": [0, 0.25, -0.32],
						"2.0": [0, 0, 0.5]
					}
				}
			}
		},
		"animation.enderman.base_face": {
			"loop": true,
			"animation_length": 10,
			"bones": {
				"right": {
					"scale": [1, 1.23, 1]
				},
				"eye_layer_x": {
					"scale": [1, 1.15, 1]
				},
				"top": {
					"position": [0, 0.21, 0]
				},
				"eyelid_layer_right": {
					"scale": [1, "1+math.clamp(-variable.eye_target_y, 0, 41)*-0.0045", 1]
				},
				"left": {
					"scale": [1, 1.23, 1]
				},
				"eye_layer_x2": {
					"scale": [1, 1.15, 1]
				},
				"top2": {
					"position": [0, 0.21, 0]
				},
				"eyelid_layer_left": {
					"scale": [1, "1+math.clamp(-variable.eye_target_y, 0, 41)*-0.0045", 1]
				},
				"eyelid_right": {
					"position": {
						"1.0": [0, "math.clamp(variable.eye_target_y, -41, 0)*-0.005", 0],
						"1.1667": [0, -1, 0],
						"1.375": [0, "math.clamp(variable.eye_target_y, -41, 0)*-0.005", 0],
						"6.5": [0, "math.clamp(variable.eye_target_y, -41, 0)*-0.005", 0],
						"6.6667": [0, -1, 0],
						"6.875": [0, "math.clamp(variable.eye_target_y, -41, 0)*-0.005", 0]
					},
					"scale": {
						"1.0": [1, 1.23, 1],
						"1.1667": [1, 1.23, 1],
						"1.375": [1, 1.23, 1],
						"6.5": [1, 1.23, 1],
						"6.6667": [1, 1.23, 1],
						"6.875": [1, 1.23, 1]
					}
				},
				"eyelid_left": {
					"position": {
						"1.0": [0, "math.clamp(variable.eye_target_y, -41, 0)*-0.005", 0],
						"1.1667": [0, -1, 0],
						"1.375": [0, "math.clamp(variable.eye_target_y, -41, 0)*-0.005", 0],
						"6.5": [0, "math.clamp(variable.eye_target_y, -41, 0)*-0.005", 0],
						"6.6667": [0, -1, 0],
						"6.875": [0, "math.clamp(variable.eye_target_y, -41, 0)*-0.005", 0]
					},
					"scale": {
						"1.0": [1, 1.23, 1],
						"1.1667": [1, 1.23, 1],
						"1.375": [1, 1.23, 1],
						"6.5": [1, 1.23, 1],
						"6.6667": [1, 1.23, 1],
						"6.875": [1, 1.23, 1]
					}
				}
			}
		},
		"animation.enderman.death_face": {
			"loop": "hold_on_last_frame",
			"animation_length": 0.125,
			"bones": {
				"right": {
					"scale": [1, 1.23, 1]
				},
				"eye_layer_x": {
					"scale": [1, 1.15, 1]
				},
				"top": {
					"position": [0, 0.21, 0]
				},
				"eyelid_layer_right": {
					"scale": {
						"0.0": [1, 1, 1],
						"0.125": [1, 0.8, 1]
					}
				},
				"left": {
					"scale": [1, 1.23, 1]
				},
				"eye_layer_x2": {
					"scale": [1, 1.15, 1]
				},
				"top2": {
					"position": [0, 0.21, 0]
				},
				"eyelid_layer_left": {
					"scale": {
						"0.0": [1, 1, 1],
						"0.125": [1, 0.78, 1]
					}
				},
				"eyelid_right": {
					"position": {
						"0.0": [0, 0, 0],
						"0.125": [0, 0.2, 0]
					},
					"scale": [1, 1.23, 1]
				},
				"eyelid_left": {
					"position": {
						"0.0": [0, 0, 0],
						"0.125": [0, 0.2, 0]
					},
					"scale": [1, 1.23, 1]
				},
				"facial": {
					"position": {
						"0.0": [0, 0, 0],
						"0.125": [0, 2.5, 0]
					}
				},
				"eyeball_right": {
					"position": {
						"0.0": [0, 0, 0],
						"0.125": [0, 0.4, 0]
					},
					"scale": {
						"0.0": [1, 1, 1],
						"0.125": [0.62, 0.62, 1]
					}
				},
				"eyeball_left": {
					"position": {
						"0.0": [0, 0, 0],
						"0.125": [0, 0.4, 0]
					},
					"scale": {
						"0.0": [1, 1, 1],
						"0.125": [0.62, 0.62, 1]
					}
				}
			}
		},
		"animation.enderman.angry_move": {
			"loop": true,
			"animation_length": 2,
			"anim_time_update": "query.modified_distance_moved * 0.225",
			"bones": {
				"Root": {
					"position": {
						"0.0": [0, -0.6, 0],
						"0.5": [0, 0.4, 0],
						"1.0": [0, -0.6, 0],
						"1.5": [0, 0.4, 0],
						"2.0": [0, -0.6, 0]
					}
				},
				"upper_body": {
					"rotation": {
						"0.0": [23.98883, 0.46786, -2.95868],
						"1.0": [23.98883, 0.46786, 2.9587],
						"2.0": [23.98883, 0.46786, -2.95868]
					},
					"position": {
						"0.0": [0, -1.6, 0],
						"0.125": [0, -1.7, 0],
						"0.5": [0, 0.5, 0],
						"0.625": [0, 0.55, 0],
						"1.0": [0, -1.6, 0],
						"1.125": [0, -1.7, 0],
						"1.5": [0, 0.5, 0],
						"1.625": [0, 0.55, 0],
						"2.0": [0, -1.6, 0]
					}
				},
				"head": {
					"rotation": {
						"0.0": [2.9995, -0.0523, 1.9986],
						"0.5": [8.5, 0, 0],
						"1.0": [2.9995, 0.0523, -1.9986],
						"1.5": [8.5, 0, 0],
						"2.0": [2.9995, -0.0523, 1.9986]
					},
					"position": {
						"0.0": [0, 0, 0],
						"0.5": [0, -0.5, 0],
						"1.0": [0, 0, 0],
						"1.5": [0, -0.5, 0],
						"2.0": [0, 0, 0]
					}
				},
				"body": {
					"rotation": {
						"0.0": [0, 4, 0],
						"1.0": [0, -4, 0],
						"2.0": [0, 4, 0]
					},
					"position": {
						"0.0": [0, 0, 0.3],
						"0.5": [0, 0, -0.3],
						"1.0": [0, 0, 0.3],
						"1.5": [0, 0, -0.3],
						"2.0": [0, 0, 0.3]
					}
				},
				"rightArm": {
					"rotation": {
						"0.0": [27.98788, -3.0491, 2.5545],
						"0.125": [30.9879, -3.0491, 2.5545],
						"1.0": [-18.95703, 1.30133, 7.78273],
						"1.2083": [-25.957, 1.30133, 7.78273],
						"2.0": [27.98788, -3.0491, 2.5545]
					},
					"position": {
						"0.0": [0, -0.3, 0.9],
						"0.125": [0, -0.3, 0.9],
						"1.0": [0, 1, -1.7],
						"1.2083": [0, 1, -1.7],
						"2.0": [0, -0.3, 0.9]
					}
				},
				"leftArm": {
					"rotation": {
						"0.0": [-18.97583, -1.9763, -7.8368],
						"0.2083": [-25.9758, -1.9763, -7.8368],
						"1.0": [27.83967, -3.09096, -2.5659],
						"1.125": [30.8397, -3.09096, -2.5659],
						"2.0": [-18.97583, -1.9763, -7.8368]
					},
					"position": {
						"0.0": [0, 1, -1.7],
						"0.2083": [0, 1, -1.7],
						"1.0": [0, -0.3, 0.9],
						"1.125": [0, -0.3, 0.9],
						"2.0": [0, 1, -1.7]
					}
				},
				"rightLeg": {
					"rotation": {
						"0.0": [-15.02857, 8.95149, -1.37039],
						"1.0": [22, 0, 0],
						"1.4583": [30, 0, 0],
						"2.0": [-15.02857, 8.95149, -1.37039]
					},
					"position": {
						"0.0": [0, -0.4, -2.7],
						"0.5833": [0, 0.35, -1.1],
						"1.0": [0, -1.1, 0.5],
						"1.4583": [0, 1.5, -4.6],
						"1.7083": [0, 2.5, -2.43],
						"2.0": [0, -0.4, -2.7]
					}
				},
				"leftLeg": {
					"rotation": {
						"0.0": [22, 0, 0],
						"0.4167": [30, 0, 0],
						"1.0": [-15.0286, -8.9515, 1.3704],
						"2.0": [22, 0, 0]
					},
					"position": {
						"0.0": [0, -1.1, 0.5],
						"0.4167": [0, 1.5, -4.6],
						"0.6667": [0, 2.5, -2.43],
						"1.0": [0, -0.4, -2.7],
						"1.5": [0, 0.35, -1.1],
						"2.0": [0, -1.1, 0.5]
					}
				},
				"facial": {
					"position": {
						"0.0": [0, 4, 0],
						"0.5": [0, 2.8, 0],
						"1.0": [0, 4, 0],
						"1.5": [0, 2.8, 0],
						"2.0": [0, 4, 0]
					}
				}
			}
		},
		"animation.enderman.angry_carrying": {
			"loop": true,
			"animation_length": 2,
			"anim_time_update": "query.modified_distance_moved * 0.225",
			"bones": {
				"Root": {
					"position": {
						"0.0": [0, -0.6, 0],
						"0.5": [0, 0.4, 0],
						"1.0": [0, -0.6, 0],
						"1.5": [0, 0.4, 0],
						"2.0": [0, -0.6, 0]
					}
				},
				"upper_body": {
					"rotation": {
						"0.0": [23.98883, 0.46786, -2.95868],
						"1.0": [23.98883, 0.46786, 2.9587],
						"2.0": [23.98883, 0.46786, -2.95868]
					},
					"position": {
						"0.0": [0, -1.6, 0],
						"0.125": [0, -1.7, 0],
						"0.5": [0, 0.5, 0],
						"0.625": [0, 0.55, 0],
						"1.0": [0, -1.6, 0],
						"1.125": [0, -1.7, 0],
						"1.5": [0, 0.5, 0],
						"1.625": [0, 0.55, 0],
						"2.0": [0, -1.6, 0]
					}
				},
				"head": {
					"rotation": {
						"0.0": [2.9995, -0.0523, 1.9986],
						"0.5": [8.5, 0, 0],
						"1.0": [2.9995, 0.0523, -1.9986],
						"1.5": [8.5, 0, 0],
						"2.0": [2.9995, -0.0523, 1.9986]
					},
					"position": {
						"0.0": [0, 0, 0],
						"0.5": [0, -0.5, 0],
						"1.0": [0, 0, 0],
						"1.5": [0, -0.5, 0],
						"2.0": [0, 0, 0]
					}
				},
				"body": {
					"rotation": {
						"0.0": [0, 4, 0],
						"1.0": [0, -4, 0],
						"2.0": [0, 4, 0]
					},
					"position": {
						"0.0": [0, 0, 0.3],
						"0.5": [0, 0, -0.3],
						"1.0": [0, 0, 0.3],
						"1.5": [0, 0, -0.3],
						"2.0": [0, 0, 0.3]
					}
				},
				"rightArm": {
					"rotation": {
						"0.0": [-47.7788, 6.2634, 0.5],
						"0.2083": [-47.7788, 6.2634, 0.5],
						"0.5": [-41.7788, 6.2634, 0.5],
						"0.7083": [-41.7788, 6.2634, 0.5],
						"1.0": [-47.7788, 6.2634, 0.5],
						"1.2083": [-47.7788, 6.2634, 0.5],
						"1.5": [-41.7788, 6.2634, 0.5],
						"1.7083": [-41.7788, 6.2634, 0.5],
						"2.0": [-47.7788, 6.2634, 0.5]
					},
					"position": {
						"0.0": [0, -1.4, -0.9],
						"0.2083": [0, -1.4, -0.9],
						"0.5": [0, -0.7, -0.9],
						"0.7083": [0, -0.7, -0.9],
						"1.0": [0, -1.4, -0.9],
						"1.2083": [0, -1.4, -0.9],
						"1.5": [0, -0.7, -0.9],
						"1.7083": [0, -0.7, -0.9],
						"2.0": [0, -1.4, -0.9]
					}
				},
				"leftArm": {
					"rotation": {
						"0.0": [-47.7788, -6.2634, -0.5],
						"0.2083": [-47.7788, -6.2634, -0.5],
						"0.5": [-41.7788, -6.2634, -0.5],
						"0.7083": [-41.7788, -6.2634, -0.5],
						"1.0": [-47.7788, -6.2634, -0.5],
						"1.2083": [-47.7788, -6.2634, -0.5],
						"1.5": [-41.7788, -6.2634, -0.5],
						"1.7083": [-41.7788, -6.2634, -0.5],
						"2.0": [-47.7788, -6.2634, -0.5]
					},
					"position": {
						"0.0": [0, -1.4, -0.9],
						"0.2083": [0, -1.4, -0.9],
						"0.5": [0, -0.7, -0.9],
						"0.7083": [0, -0.7, -0.9],
						"1.0": [0, -1.4, -0.9],
						"1.2083": [0, -1.4, -0.9],
						"1.5": [0, -0.7, -0.9],
						"1.7083": [0, -0.7, -0.9],
						"2.0": [0, -1.4, -0.9]
					}
				},
				"rightLeg": {
					"rotation": {
						"0.0": [-15.02857, 8.95149, -1.37039],
						"1.0": [22, 0, 0],
						"1.4583": [30, 0, 0],
						"2.0": [-15.02857, 8.95149, -1.37039]
					},
					"position": {
						"0.0": [0, -0.4, -2.7],
						"0.5833": [0, 0.35, -1.1],
						"1.0": [0, -1.1, 0.5],
						"1.4583": [0, 1.5, -4.6],
						"1.7083": [0, 2.5, -2.43],
						"2.0": [0, -0.4, -2.7]
					}
				},
				"leftLeg": {
					"rotation": {
						"0.0": [22, 0, 0],
						"0.4167": [30, 0, 0],
						"1.0": [-15.0286, -8.9515, 1.3704],
						"2.0": [22, 0, 0]
					},
					"position": {
						"0.0": [0, -1.1, 0.5],
						"0.4167": [0, 1.5, -4.6],
						"0.6667": [0, 2.5, -2.43],
						"1.0": [0, -0.4, -2.7],
						"1.5": [0, 0.35, -1.1],
						"2.0": [0, -1.1, 0.5]
					}
				},
				"facial": {
					"position": {
						"0.0": [0, 4, 0],
						"0.5": [0, 2.8, 0],
						"1.0": [0, 4, 0],
						"1.5": [0, 2.8, 0],
						"2.0": [0, 4, 0]
					}
				}
			}
		},
		"animation.enderman.angry_stand": {
			"loop": true,
			"animation_length": 2.875,
			"bones": {
				"Root": {
					"rotation": {
						"0.0": [0, 0, 0],
						"1.4583": [-0.6, 0, 0],
						"2.875": [0, 0, 0]
					}
				},
				"upper_body": {
					"rotation": {
						"0.0": [9, 0, 0],
						"0.0833": [10, 0, 0.5],
						"0.1667": [8, 0, -0.5],
						"0.25": [10, 0, 0.5],
						"0.3333": [8, 0, -0.5],
						"0.4167": [10, 0, 0.5],
						"0.5": [8, 0, -0.5],
						"0.5833": [10, 0, 0.5],
						"0.6667": [8, 0, -0.5],
						"0.75": [10, 0, 0.5],
						"0.8333": [8, 0, -0.5],
						"0.9167": [10, 0, 0.5],
						"1.0": [8, 0, -0.5],
						"1.0833": [10, 0, 0.5],
						"1.1667": [8, 0, -0.5],
						"1.25": [10, 0, 0.5],
						"1.3333": [8, 0, -0.5],
						"1.4167": [6.9, 0, 0],
						"1.5": [10, 0, 0.5],
						"1.5833": [8, 0, -0.5],
						"1.6667": [10, 0, 0.5],
						"1.75": [8, 0, -0.5],
						"1.8333": [10, 0, 0.5],
						"1.9167": [8, 0, -0.5],
						"2.0": [10, 0, 0.5],
						"2.0833": [8, 0, -0.5],
						"2.1667": [10, 0, 0.5],
						"2.25": [8, 0, -0.5],
						"2.3333": [10, 0, 0.5],
						"2.4167": [8, 0, -0.5],
						"2.5": [10, 0, 0.5],
						"2.5833": [8, 0, -0.5],
						"2.6667": [10, 0, 0.5],
						"2.7917": [8, 0, -0.5],
						"2.875": [9, 0, 0]
					},
					"position": {
						"0.0": [0, -0.4, 0],
						"0.5": [0, 0, 0],
						"1.0": [0, -0.4, 0],
						"1.4167": [0, 0, 0],
						"2.0": [0, -0.4, 0],
						"2.4583": [0, 0, 0],
						"2.875": [0, -0.4, 0]
					}
				},
				"head": {
					"rotation": {
						"0.0": [2.5, 0, 0],
						"1.375": [5.5, 0, 0],
						"2.875": [2.5, 0, 0]
					},
					"position": {
						"0.0": [0, 0, 0],
						"1.375": [0, -0.18, 0],
						"2.875": [0, 0, 0]
					}
				},
				"rightArm": {
					"rotation": {
						"0.0": [-10.9463, 1.04004, 5.4095],
						"0.375": [-11.2463, 1.04004, 5.9095],
						"1.5": [-6.9463, 1.04004, 3.4095],
						"1.875": [-6.5463, 1.04004, 3.1095],
						"2.875": [-10.9463, 1.04004, 5.4095]
					},
					"position": {
						"0.0": [0, -0.3, -0.3],
						"0.375": [0, -0.3, -0.3],
						"1.5": [0, -0.3, -0.3],
						"1.875": [0, -0.3, -0.3],
						"2.875": [0, -0.3, -0.3]
					}
				},
				"leftArm": {
					"rotation": {
						"0.0": [-10.9463, -1.04004, -5.4095],
						"0.375": [-11.2463, -1.04004, -5.9095],
						"1.5": [-6.9463, -1.04004, -3.4095],
						"1.875": [-6.5463, -1.04004, -3.1095],
						"2.875": [-10.9463, -1.04004, -5.4095]
					},
					"position": {
						"0.0": [0, -0.3, -0.3],
						"0.375": [0, -0.3, -0.3],
						"1.5": [0, -0.3, -0.3],
						"1.875": [0, -0.3, -0.3],
						"2.875": [0, -0.3, -0.3]
					}
				},
				"rightLeg": {
					"rotation": [0.24552, 6.99571, 3.51501],
					"position": [0.3, 0, -0.4]
				},
				"leftLeg": {
					"rotation": [0.06992, -3.99939, -3.5024],
					"position": [-0.3, 0, 0.3]
				},
				"facial": {
					"position": {
						"0.0": [0, 4, 0],
						"0.7083": [0, 3.6, 0],
						"1.4167": [0, 4, 0],
						"2.1667": [0, 3.6, 0],
						"2.875": [0, 4, 0]
					}
				},
				"body1": {
					"scale": {
						"0.0": [1, 1, 1],
						"1.5": [1, 1, 1.04],
						"2.875": [1, 1, 1]
					}
				}
			}
		},
		"animation.enderman.angry_stand_carrying": {
			"loop": true,
			"animation_length": 2.875,
			"bones": {
				"Root": {
					"rotation": {
						"0.0": [0, 0, 0],
						"1.4583": [-0.6, 0, 0],
						"2.875": [0, 0, 0]
					}
				},
				"upper_body": {
					"rotation": {
						"0.0": [9, 0, 0],
						"0.0833": [10, 0, 0.5],
						"0.1667": [8, 0, -0.5],
						"0.25": [10, 0, 0.5],
						"0.3333": [8, 0, -0.5],
						"0.4167": [10, 0, 0.5],
						"0.5": [8, 0, -0.5],
						"0.5833": [10, 0, 0.5],
						"0.6667": [8, 0, -0.5],
						"0.75": [10, 0, 0.5],
						"0.8333": [8, 0, -0.5],
						"0.9167": [10, 0, 0.5],
						"1.0": [8, 0, -0.5],
						"1.0833": [10, 0, 0.5],
						"1.1667": [8, 0, -0.5],
						"1.25": [10, 0, 0.5],
						"1.3333": [8, 0, -0.5],
						"1.4167": [6.9, 0, 0],
						"1.5": [10, 0, 0.5],
						"1.5833": [8, 0, -0.5],
						"1.6667": [10, 0, 0.5],
						"1.75": [8, 0, -0.5],
						"1.8333": [10, 0, 0.5],
						"1.9167": [8, 0, -0.5],
						"2.0": [10, 0, 0.5],
						"2.0833": [8, 0, -0.5],
						"2.1667": [10, 0, 0.5],
						"2.25": [8, 0, -0.5],
						"2.3333": [10, 0, 0.5],
						"2.4167": [8, 0, -0.5],
						"2.5": [10, 0, 0.5],
						"2.5833": [8, 0, -0.5],
						"2.6667": [10, 0, 0.5],
						"2.7917": [8, 0, -0.5],
						"2.875": [9, 0, 0]
					},
					"position": {
						"0.0": [0, -0.4, 0],
						"0.5": [0, 0, 0],
						"1.0": [0, -0.4, 0],
						"1.4167": [0, 0, 0],
						"2.0": [0, -0.4, 0],
						"2.4583": [0, 0, 0],
						"2.875": [0, -0.4, 0]
					}
				},
				"head": {
					"rotation": {
						"0.0": [2.5, 0, 0],
						"1.375": [5.5, 0, 0],
						"2.875": [2.5, 0, 0]
					},
					"position": {
						"0.0": [0, 0, 0],
						"1.375": [0, -0.18, 0],
						"2.875": [0, 0, 0]
					}
				},
				"rightArm": {
					"rotation": {
						"0.0": [-19.77884, 6.2634, 0.5],
						"0.4167": [-19.9788, 6.2634, 0.5],
						"1.5833": [-16.6806, 6.2634, 0.5],
						"2.0417": [-15.6806, 6.2634, 0.5],
						"2.875": [-19.77884, 6.2634, 0.5]
					},
					"position": {
						"0.0": [0, -1.1, -0.9],
						"0.4167": [0, -1.1, -0.9],
						"1.5833": [0, -0.5, -0.9],
						"2.0417": [0, -0.5, -0.9],
						"2.875": [0, -1.1, -0.9]
					}
				},
				"leftArm": {
					"rotation": {
						"0.0": [-20.68064, -6.2634, -0.5],
						"0.4167": [-20.9806, -6.2634, -0.5],
						"1.5833": [-17.6806, -6.2634, -0.5],
						"2.0417": [-16.6806, -6.2634, -0.5],
						"2.875": [-20.68064, -6.2634, -0.5]
					},
					"position": {
						"0.0": [0, -1.1, -0.8],
						"0.4167": [0, -1.1, -0.8],
						"1.5833": [0, -0.5, -0.8],
						"2.0417": [0, -0.5, -0.8],
						"2.875": [0, -1.1, -0.8]
					}
				},
				"rightLeg": {
					"rotation": [0.24552, 6.99571, 3.51501],
					"position": [0.3, 0, -0.4]
				},
				"leftLeg": {
					"rotation": [0.06992, -3.99939, -3.5024],
					"position": [-0.3, 0, 0.3]
				},
				"facial": {
					"position": {
						"0.0": [0, 4, 0],
						"0.7083": [0, 3.6, 0],
						"1.4167": [0, 4, 0],
						"2.1667": [0, 3.6, 0],
						"2.875": [0, 4, 0]
					}
				},
				"body1": {
					"scale": {
						"0.0": [1, 1, 1],
						"1.5": [1, 1, 1.04],
						"2.875": [1, 1, 1]
					}
				}
			}
		},
		"animation.enderman.angry_face": {
			"loop": true,
			"bones": {
				"right": {
					"scale": [1, 1.23, 1]
				},
				"eye_layer_x": {
					"scale": [1, 1.15, 1]
				},
				"top": {
					"position": [0, 0.21, 0]
				},
				"eyelid_layer_right": {
					"scale": [1, 0.8, 1]
				},
				"left": {
					"scale": [1, 1.23, 1]
				},
				"eye_layer_x2": {
					"scale": [1, 1.15, 1]
				},
				"top2": {
					"position": [0, 0.21, 0]
				},
				"eyelid_layer_left": {
					"scale": [1, 0.78, 1]
				},
				"eyelid_right": {
					"position": [0, 0.2, 0]
				},
				"eyelid_left": {
					"position": [0, 0.2, 0]
				},
				"facial": {
					"position": [0, 0, 0]
				},
				"eyeball_right": {
					"scale": [0.7, 0.7, 1]
				},
				"eyeball_left": {
					"scale": [0.7, 0.7, 1]
				}
			}
		},
		"animation.enderman.attack_time": {
			"loop": "hold_on_last_frame",
			"animation_length": 1,
			"bones": {
				"Root": {
					"position": {
						"0.0": [0, -0.6, 0],
						"0.125": [0, 0.4, 0],
						"0.25": [0, -0.6, 0],
						"0.375": [0, 0.4, 0],
						"0.5": [0, -0.6, 0]
					}
				},
				"upper_body": {
					"rotation": {
						"0.0": [23.98883, 0.46786, -2.95868],
						"0.125": [37.87494, -3.22259, 1.77432],
						"0.2917": [23.98883, 0.46786, -2.95868],
						"0.5417": [8.98468, -0.36574, 3.98653],
						"0.7917": [23.98883, 0.46786, -2.95868],
						"1.0": [8.98468, -0.36574, 3.98653]
					},
					"position": {
						"0.0": [0, -1.6, 0],
						"0.125": [0, 0.5, -0.5],
						"0.2917": [0, -3.2, 0],
						"0.4167": [0, 0.5, 0],
						"0.5417": [0, -1.6, 0],
						"0.6667": [0, 0.5, 0],
						"0.7917": [0, -1.6, 0],
						"0.875": [0, 0.5, 0],
						"1.0": [0, -1.6, 0]
					}
				},
				"head": {
					"rotation": {
						"0.0": [3, "query.target_y_rotation", 0],
						"0.125": [19.77296, "-3.067+query.target_y_rotation", 8.46534],
						"0.25": [-9.96271, "-0.8671+query.target_y_rotation", -4.92442],
						"0.4167": [3, "query.target_y_rotation", 0]
					},
					"position": {
						"0.0": [0, 0, 0],
						"0.125": [0, -0.5, 0],
						"0.25": [0, 0, 0],
						"0.375": [0, -0.5, 0],
						"0.5": [0, 0, 0]
					}
				},
				"body": {
					"rotation": {
						"0.0": [0, 4, 0],
						"0.25": [0, -4, 0],
						"0.5": [0, 4, 0]
					},
					"position": {
						"0.0": [0, 0, 0],
						"0.125": [0, 0, -0.3],
						"0.25": [0, 0, 0],
						"0.375": [0, 0, -0.3],
						"0.5": [0, 0, 0]
					}
				},
				"rightArm": {
					"rotation": {
						"0.0": [27.98788, -3.0491, 2.5545],
						"0.125": [-142.38862, -9.79948, -13.22278],
						"0.1667": [-134.4468, -10.61764, -5.61003],
						"0.375": [26.12062, -6.37618, 13.07645],
						"0.4583": [-38.95703, 1.30133, 7.78273],
						"0.6667": [27.98788, -3.0491, 2.5545],
						"0.9583": [-18.95703, 1.30133, 7.78273]
					},
					"position": {
						"0.0": [0, -0.3, 0.9],
						"0.1667": [0, 1.68, 0.9],
						"0.2917": [0, 0.05, 0.9],
						"0.375": [0, 0.3, 0.9],
						"0.5": [0, 1, -1.7],
						"0.6667": [0, -0.3, 0.9],
						"1.0": [0, 1, -1.7]
					}
				},
				"leftArm": {
					"rotation": {
						"0.0": [-18.97583, -1.9763, -7.8368],
						"0.1667": [32.37411, 1.33967, -4.00737],
						"0.2917": [-43.16033, -3.09096, 2.56594],
						"0.5": [31.02417, -1.9763, -7.8368],
						"0.75": [-18.97583, -1.9763, -7.8368],
						"1.0": [0.02417, -1.9763, -7.8368]
					},
					"position": {
						"0.0": [0, 1, -1.7],
						"0.2917": [0, -0.3, 0.9],
						"0.5": [0, 1, 0.4],
						"0.75": [0, 1, -1.7],
						"1.0": [0, 1, -1.7]
					}
				},
				"rightLeg": {
					"rotation": {
						"0.0": [-15.02857, 8.95149, -1.37039],
						"0.25": [18, 0, 0],
						"0.375": [16, 0, 0],
						"0.5": [-15.02857, 8.95149, -1.37039],
						"0.75": [18, 0, 0],
						"0.875": [16, 0, 0],
						"1.0": [-15.02857, 8.95149, -1.37039]
					},
					"position": {
						"0.0": [0, -0.4, -2.7],
						"0.25": [0, 0, 0.5],
						"0.3333": [0, 5.5, -0.23],
						"0.4167": [0, 2, -1.53],
						"0.5": [0, -0.4, -2.7],
						"0.75": [0, 0, 0.5],
						"0.8333": [0, 5.5, -0.23],
						"0.9167": [0, 2, -1.53],
						"1.0": [0, -0.4, -2.7]
					}
				},
				"leftLeg": {
					"rotation": {
						"0.0": [18, 0, 0],
						"0.125": [16, 0, 0],
						"0.25": [-15.05423, -9.6171, 1.3334],
						"0.5": [18, 0, 0],
						"0.625": [16, 0, 0],
						"0.75": [-15.05423, -9.6171, 1.3334],
						"1.0": [18, 0, 0]
					},
					"position": {
						"0.0": [0, 0, 0.5],
						"0.0833": [0, 5.5, -0.23],
						"0.1667": [0, 2, -1.53],
						"0.25": [0, -0.4, -2.7],
						"0.5": [0, 0, 0.5],
						"0.5833": [0, 5.5, -0.23],
						"0.6667": [0, 2, -1.53],
						"0.75": [0, -0.4, -2.7],
						"1.0": [0, 0, 0.5]
					}
				},
				"facial": {
					"position": {
						"0.0": [0, 4, 0],
						"0.125": [0, 2.8, 0],
						"0.2083": [0, 4.9, 0],
						"0.3333": [0, 4.9, 0],
						"0.5417": [0, 2.8, 0],
						"0.6667": [0, 4, 0]
					}
				}
			}
		},
		"animation.enderman.attack_time2": {
			"loop": "hold_on_last_frame",
			"animation_length": 1,
			"bones": {
				"Root": {
					"position": {
						"0.0": [0, -0.6, 0],
						"0.125": [0, 0.4, 0],
						"0.25": [0, -0.6, 0],
						"0.375": [0, 0.4, 0],
						"0.5": [0, -0.6, 0]
					}
				},
				"upper_body": {
					"rotation": {
						"0.0": [23.98883, 0.46786, -2.95868],
						"0.125": [37.89528, 2.92794, -6.11435],
						"0.2917": [23.98883, 0.46786, -2.95868],
						"0.5417": [8.98468, -0.36574, 3.98653],
						"0.7917": [23.98883, 0.46786, -2.95868],
						"1.0": [8.98468, -0.36574, 3.98653]
					},
					"position": {
						"0.0": [0, -1.6, 0],
						"0.125": [0, 0.5, -0.5],
						"0.2917": [0, -3.2, 0],
						"0.4167": [0, 0.5, 0],
						"0.5417": [0, -1.6, 0],
						"0.6667": [0, 0.5, 0],
						"0.7917": [0, -1.6, 0],
						"0.875": [0, 0.5, 0],
						"1.0": [0, -1.6, 0]
					}
				},
				"head": {
					"rotation": {
						"0.0": [3, "query.target_y_rotation", 0],
						"0.125": [19.77296, "-3.067+query.target_y_rotation", -8.4653],
						"0.25": [-9.96271, "-0.8671+query.target_y_rotation", 4.9244],
						"0.4167": [3, "query.target_y_rotation", 0]
					},
					"position": {
						"0.0": [0, 0, 0],
						"0.125": [0, -0.5, 0],
						"0.25": [0, 0, 0],
						"0.375": [0, -0.5, 0],
						"0.5": [0, 0, 0]
					}
				},
				"body": {
					"rotation": {
						"0.0": [0, 4, 0],
						"0.25": [0, -4, 0],
						"0.5": [0, 4, 0]
					},
					"position": {
						"0.0": [0, 0, 0],
						"0.125": [0, 0, -0.3],
						"0.25": [0, 0, 0],
						"0.375": [0, 0, -0.3],
						"0.5": [0, 0, 0]
					}
				},
				"rightArm": {
					"rotation": {
						"0.0": [-18.97583, -1.9763, 7.8368],
						"0.1667": [32.37411, 1.33967, 4.0074],
						"0.2917": [-43.16033, -3.09096, 2.56594],
						"0.5": [31.02417, -1.9763, 7.8368],
						"0.75": [-18.97583, -1.9763, 7.8368],
						"1.0": [0.02417, -1.9763, 7.8368]
					},
					"position": {
						"0.0": [0, 1, -1.7],
						"0.2917": [0, -0.3, 0.9],
						"0.5": [0, 1, 0.4],
						"0.75": [0, 1, -1.7],
						"1.0": [0, 1, -1.7]
					}
				},
				"leftArm": {
					"rotation": {
						"0.0": [27.98788, -3.0491, -2.5545],
						"0.125": [-142.38862, -9.79948, -13.22278],
						"0.1667": [-134.4468, -10.61764, -5.61003],
						"0.375": [26.12062, -6.37618, -13.0765],
						"0.4583": [-38.87146, -3.09908, -13.22864],
						"0.6667": [27.98788, -3.0491, -2.5545],
						"0.9583": [-18.95703, 1.30133, -7.7827]
					},
					"position": {
						"0.0": [0, -0.3, 0.9],
						"0.1667": [0, 1.68, 0.9],
						"0.2917": [0, 0.05, 0.9],
						"0.375": [0, 0.3, 0.9],
						"0.5": [0, 1, -1.7],
						"0.6667": [0, -0.3, 0.9],
						"1.0": [0, 1, -1.7]
					}
				},
				"rightLeg": {
					"rotation": {
						"0.0": [-15.02857, 8.95149, -1.37039],
						"0.25": [18, 0, 0],
						"0.375": [16, 0, 0],
						"0.5": [-15.02857, 8.95149, -1.37039],
						"0.75": [18, 0, 0],
						"0.875": [16, 0, 0],
						"1.0": [-15.02857, 8.95149, -1.37039]
					},
					"position": {
						"0.0": [0, -0.4, -2.7],
						"0.25": [0, 0, 0.5],
						"0.3333": [0, 5.5, -0.23],
						"0.4167": [0, 2, -1.53],
						"0.5": [0, -0.4, -2.7],
						"0.75": [0, 0, 0.5],
						"0.8333": [0, 5.5, -0.23],
						"0.9167": [0, 2, -1.53],
						"1.0": [0, -0.4, -2.7]
					}
				},
				"leftLeg": {
					"rotation": {
						"0.0": [18, 0, 0],
						"0.125": [16, 0, 0],
						"0.25": [-15.05423, -9.6171, 1.3334],
						"0.5": [18, 0, 0],
						"0.625": [16, 0, 0],
						"0.75": [-15.05423, -9.6171, 1.3334],
						"1.0": [18, 0, 0]
					},
					"position": {
						"0.0": [0, 0, 0.5],
						"0.0833": [0, 5.5, -0.23],
						"0.1667": [0, 2, -1.53],
						"0.25": [0, -0.4, -2.7],
						"0.5": [0, 0, 0.5],
						"0.5833": [0, 5.5, -0.23],
						"0.6667": [0, 2, -1.53],
						"0.75": [0, -0.4, -2.7],
						"1.0": [0, 0, 0.5]
					}
				},
				"facial": {
					"position": {
						"0.0": [0, 4, 0],
						"0.125": [0, 2.8, 0],
						"0.2083": [0, 4.9, 0],
						"0.3333": [0, 4.9, 0],
						"0.5417": [0, 2.8, 0],
						"0.6667": [0, 4, 0]
					}
				}
			}
		},
		"animation.enderman.attack_time_stand": {
			"loop": "hold_on_last_frame",
			"animation_length": 1,
			"bones": {
				"Root": {
					"position": [0, -0.6, 0]
				},
				"upper_body": {
					"rotation": {
						"0.0": [23.98883, 0.46786, -2.95868],
						"0.125": [37.87494, -3.22259, 1.77432],
						"0.2917": [23.98883, 0.46786, -2.95868],
						"0.5": [-5, 0, 0],
						"0.7083": [3, 0, 0]
					},
					"position": {
						"0.0": [0, -1.6, 0],
						"0.125": [0, 0.5, -0.5],
						"0.2917": [0, -2, 0],
						"0.375": [0, 0.5, 0],
						"0.5": [0, -0.4, 0],
						"1.0": [0, 0, 0]
					}
				},
				"head": {
					"rotation": {
						"0.0": [3, "query.target_y_rotation", 0],
						"0.125": [19.77296, "-3.067+query.target_y_rotation", 8.46534],
						"0.25": [-9.96271, "-0.8671+query.target_y_rotation", -4.92442],
						"0.4167": [3, "query.target_y_rotation", 0]
					},
					"position": {
						"0.0": [0, 0, 0],
						"0.125": [0, -0.5, 0],
						"0.25": [0, 0, 0],
						"0.375": [0, -0.5, 0],
						"0.5": [0, 0, 0]
					}
				},
				"body": {
					"rotation": {
						"0.0": [0, 4, 0],
						"0.25": [0, -4, 0],
						"0.5": [0, 4, 0]
					},
					"position": {
						"0.0": [0, 0, 0],
						"0.125": [0, 0, -0.3],
						"0.25": [0, 0, 0],
						"0.375": [0, 0, -0.3],
						"0.5": [0, 0, 0]
					}
				},
				"rightArm": {
					"rotation": {
						"0.0": [27.98788, -3.0491, 2.5545],
						"0.125": [-142.38862, -9.79948, -13.22278],
						"0.1667": [-134.4468, -10.61764, -5.61003],
						"0.375": [26.12062, -6.37618, 13.07645],
						"0.4583": [-38.95703, 1.30133, 7.78273],
						"0.6667": [11.98788, -3.0491, 2.5545],
						"0.9167": [-8, 0, 2.5]
					},
					"position": {
						"0.0": [0, -0.3, 0.9],
						"0.1667": [0, 1.68, 0.9],
						"0.2917": [0, 0.05, 0.9],
						"0.375": [0, 0.3, 0.9],
						"0.5": [0, 1, -1.7],
						"0.6667": [0, -0.3, 0.9],
						"0.9167": [0, -0.3, -0.3]
					}
				},
				"leftArm": {
					"rotation": {
						"0.0": [-18.97583, -1.9763, -7.8368],
						"0.1667": [32.37411, 1.33967, -4.00737],
						"0.2917": [-43.16033, -3.09096, 2.56594],
						"0.5": [31.02417, -1.9763, -7.8368],
						"0.6667": [-18.97583, -1.9763, -7.8368],
						"0.875": [-8, 0, -2.5]
					},
					"position": {
						"0.0": [0, 1, -1.7],
						"0.2917": [0, -0.3, 0.9],
						"0.5": [0, 1, 0.4],
						"0.7083": [0, 1, -1.7],
						"0.8333": [0, -0.3, -0.3]
					}
				},
				"rightLeg": {
					"rotation": {
						"0.0": [0, 7, 1.5],
						"0.25": [5, 7, 1.5],
						"0.5417": [0, 7, 1.5]
					},
					"position": {
						"0.0": [0.3, 0, -0.4],
						"0.25": [0.3, 0, -2.8],
						"0.5417": [0.3, 0, -0.4]
					}
				},
				"leftLeg": {
					"rotation": {
						"0.0": [0, -4, -1.5],
						"0.1667": [5, -4, -1.5],
						"0.3333": [0, -4, -1.5]
					},
					"position": {
						"0.0": [-0.3, 0, 0.3],
						"0.3333": [-0.3, 0, 0.3]
					}
				},
				"facial": {
					"position": {
						"0.0": [0, 4, 0],
						"0.125": [0, 2.8, 0],
						"0.2083": [0, 4.9, 0],
						"0.3333": [0, 4.9, 0],
						"0.5417": [0, 2.8, 0],
						"0.6667": [0, 4, 0]
					}
				}
			}
		},
		"animation.enderman.attack_time_stand2": {
			"loop": "hold_on_last_frame",
			"animation_length": 1,
			"bones": {
				"Root": {
					"position": [0, -0.6, 0]
				},
				"upper_body": {
					"rotation": {
						"0.0": [23.98883, 0.46786, -2.95868],
						"0.125": [37.87494, -3.22259, 1.77432],
						"0.2917": [23.98883, 0.46786, -2.95868],
						"0.5": [-5, 0, 0],
						"0.7083": [3, 0, 0]
					},
					"position": {
						"0.0": [0, -1.6, 0],
						"0.125": [0, 0.5, -0.5],
						"0.2917": [0, -2, 0],
						"0.375": [0, 0.5, 0],
						"0.5": [0, -0.4, 0],
						"1.0": [0, 0, 0]
					}
				},
				"head": {
					"rotation": {
						"0.0": [3, "query.target_y_rotation", 0],
						"0.125": [19.77296, "-3.067+query.target_y_rotation", -8.4653],
						"0.25": [-9.96271, "-0.8671+query.target_y_rotation", 4.9244],
						"0.4167": [3, "query.target_y_rotation", 0]
					},
					"position": {
						"0.0": [0, 0, 0],
						"0.125": [0, -0.5, 0],
						"0.25": [0, 0, 0],
						"0.375": [0, -0.5, 0],
						"0.5": [0, 0, 0]
					}
				},
				"body": {
					"rotation": {
						"0.0": [0, 4, 0],
						"0.25": [0, -4, 0],
						"0.5": [0, 4, 0]
					},
					"position": {
						"0.0": [0, 0, 0],
						"0.125": [0, 0, -0.3],
						"0.25": [0, 0, 0],
						"0.375": [0, 0, -0.3],
						"0.5": [0, 0, 0]
					}
				},
				"rightArm": {
					"rotation": {
						"0.0": [-18.97583, -1.9763, 7.8368],
						"0.1667": [32.37411, 1.33967, 4.0074],
						"0.2917": [-43.16033, -3.09096, 2.56594],
						"0.5": [31.02417, -1.9763, 7.8368],
						"0.6667": [-18.97583, -1.9763, 7.8368],
						"0.875": [-8, 0, 2.5]
					},
					"position": {
						"0.0": [0, 1, -1.7],
						"0.2917": [0, -0.3, 0.9],
						"0.5": [0, 1, 0.4],
						"0.7083": [0, 1, -1.7],
						"0.8333": [0, -0.3, -0.3]
					}
				},
				"leftArm": {
					"rotation": {
						"0.0": [27.98788, -3.0491, 2.5545],
						"0.125": [-142.38862, -9.79948, -13.2228],
						"0.1667": [-134.4468, -10.61764, -5.61],
						"0.375": [26.12062, -6.37618, -13.0765],
						"0.4583": [-38.95703, 1.30133, -7.7827],
						"0.6667": [11.98788, -3.0491, -2.5545],
						"0.9167": [-8, 0, -2.5]
					},
					"position": {
						"0.0": [0, -0.3, 0.9],
						"0.1667": [0, 1.68, 0.9],
						"0.2917": [0, 0.05, 0.9],
						"0.375": [0, 0.3, 0.9],
						"0.5": [0, 1, -1.7],
						"0.6667": [0, -0.3, 0.9],
						"0.9167": [0, -0.3, -0.3]
					}
				},
				"rightLeg": {
					"rotation": {
						"0.0": [0, 7, 1.5],
						"0.25": [5, 7, 1.5],
						"0.5417": [0, 7, 1.5]
					},
					"position": {
						"0.0": [0.3, 0, -0.4],
						"0.25": [0.3, 0, -2.8],
						"0.5417": [0.3, 0, -0.4]
					}
				},
				"leftLeg": {
					"rotation": {
						"0.0": [0, -4, -1.5],
						"0.1667": [5, -4, -1.5],
						"0.3333": [0, -4, -1.5]
					},
					"position": {
						"0.0": [-0.3, 0, 0.3],
						"0.3333": [-0.3, 0, 0.3]
					}
				},
				"facial": {
					"position": {
						"0.0": [0, 4, 0],
						"0.125": [0, 2.8, 0],
						"0.2083": [0, 4.9, 0],
						"0.3333": [0, 4.9, 0],
						"0.5417": [0, 2.8, 0],
						"0.6667": [0, 4, 0]
					}
				}
			}
		},
		"animation.enderman.hurt": {
			"animation_length": 0.41667,
			"bones": {
				"upper_body": {
					"rotation": {
						"0.0": [0, 0, 0],
						"0.125": [-1.8557, -1.0383, -0.8913],
						"0.2917": [7, 0, 0],
						"0.4167": [0, 0, 0]
					},
					"position": {
						"0.0": [0, 0, 0],
						"0.1667": [0, -1.5, 1.4],
						"0.4167": [0, 0, 0]
					}
				},
				"head": {
					"rotation": {
						"0.0": [0, 0, 0],
						"0.0833": [-16.93902, -1.46016, -5.7826],
						"0.2083": [17.14, 0, 0],
						"0.3333": [0, 0, 0]
					},
					"position": {
						"0.0": [0, 0, 0],
						"0.0833": [0, 0, 0.8],
						"0.25": [0, 0, 0.6],
						"0.3333": [0, 0, 0]
					}
				},
				"facial": {
					"position": {
						"0.0": [0, -0.1, 0],
						"0.0833": [0, 4.3, 0],
						"0.2083": [0, 4.3, 0],
						"0.2917": [0, -0.7, 0],
						"0.375": [0, 0, 0]
					}
				},
				"right": {
					"scale": {
						"0.0": [1, 1.23, 1],
						"0.2917": [1, 1.23, 1]
					}
				},
				"eye_layer_x": {
					"scale": [1, 1.15, 1]
				},
				"top": {
					"position": [0, 0.21, 0]
				},
				"eyelid_layer_right": {
					"scale": {
						"0.0": [1, 0.8, 1],
						"0.3333": [1, 0.8, 1],
						"0.4167": [1, 1, 1]
					}
				},
				"left": {
					"scale": [1, 1.23, 1]
				},
				"eye_layer_x2": {
					"scale": [1, 1.15, 1]
				},
				"top2": {
					"position": [0, 0.21, 0]
				},
				"eyelid_layer_left": {
					"scale": {
						"0.0": [1, 0.78, 1],
						"0.3333": [1, 0.78, 1],
						"0.4167": [1, 1, 1]
					}
				},
				"eyeball_right": {
					"scale": {
						"0.0": [0.68, 0.68, 1],
						"0.3333": [0.68, 0.68, 1],
						"0.4167": [1, 1, 1]
					}
				},
				"eyeball_left": {
					"scale": {
						"0.0": [0.68, 0.68, 1],
						"0.3333": [0.68, 0.68, 1],
						"0.4167": [1, 1, 1]
					}
				},
				"eyelid_right": {
					"position": {
						"0.0": [0, 0.2, 0],
						"0.3333": [0, 0.2, 0],
						"0.4167": [0, 0, 0]
					}
				},
				"eyelid_left": {
					"position": {
						"0.0": [0, 0.2, 0],
						"0.3333": [0, 0.2, 0],
						"0.4167": [0, 0, 0]
					}
				},
				"rightArm": {
					"rotation": {
						"0.0": [0, 0, 0],
						"0.125": [-32, 0, 0],
						"0.2917": [0, 0, 0]
					},
					"position": {
						"0.0": [0, 0, 0],
						"0.1667": [0, -1.6, 0],
						"0.2917": [0, 0, 0]
					}
				},
				"leftArm": {
					"rotation": {
						"0.0": [0, 0, 0],
						"0.125": [-32, 0, 0],
						"0.2917": [0, 0, 0]
					},
					"position": {
						"0.0": [0, 0, 0],
						"0.1667": [0, -1.5, 0],
						"0.2917": [0, 0, 0]
					}
				}
			}
		},
		"animation.enderman.hurt2": {
			"animation_length": 0.41667,
			"bones": {
				"upper_body": {
					"rotation": {
						"0.0": [0, 0, 0],
						"0.125": [1.8557, -1.0383, 0.8913],
						"0.2917": [-7, 0, 0],
						"0.4167": [0, 0, 0]
					},
					"position": {
						"0.0": [0, 0, 0],
						"0.1667": [0, -1.5, -1.4],
						"0.4167": [0, 0, 0]
					}
				},
				"head": {
					"rotation": {
						"0.0": [0, 0, 0],
						"0.0833": [16.93902, -1.46016, 6.1826],
						"0.1667": [-17.14, 0, 0],
						"0.3333": [0, 0, 0]
					},
					"position": {
						"0.0": [0, 0, 0],
						"0.0833": [0, 0, -0.8],
						"0.25": [0, 0, -0.6],
						"0.3333": [0, 0, 0]
					}
				},
				"facial": {
					"position": {
						"0.0": [0, -0.1, 0],
						"0.0833": [0, 4.3, 0],
						"0.2083": [0, 4.3, 0],
						"0.2917": [0, -0.7, 0],
						"0.375": [0, 0, 0]
					}
				},
				"right": {
					"scale": {
						"0.0": [1, 1.23, 1],
						"0.2917": [1, 1.23, 1]
					}
				},
				"eye_layer_x": {
					"scale": [1, 1.15, 1]
				},
				"top": {
					"position": [0, 0.21, 0]
				},
				"eyelid_layer_right": {
					"scale": {
						"0.0": [1, 0.8, 1],
						"0.3333": [1, 0.8, 1],
						"0.4167": [1, 1, 1]
					}
				},
				"left": {
					"scale": [1, 1.23, 1]
				},
				"eye_layer_x2": {
					"scale": [1, 1.15, 1]
				},
				"top2": {
					"position": [0, 0.21, 0]
				},
				"eyelid_layer_left": {
					"scale": {
						"0.0": [1, 0.78, 1],
						"0.3333": [1, 0.78, 1],
						"0.4167": [1, 1, 1]
					}
				},
				"eyeball_right": {
					"scale": {
						"0.0": [0.68, 0.68, 1],
						"0.3333": [0.68, 0.68, 1],
						"0.4167": [1, 1, 1]
					}
				},
				"eyeball_left": {
					"scale": {
						"0.0": [0.68, 0.68, 1],
						"0.3333": [0.68, 0.68, 1],
						"0.4167": [1, 1, 1]
					}
				},
				"eyelid_right": {
					"position": {
						"0.0": [0, 0.2, 0],
						"0.3333": [0, 0.2, 0],
						"0.4167": [0, 0, 0]
					}
				},
				"eyelid_left": {
					"position": {
						"0.0": [0, 0.2, 0],
						"0.3333": [0, 0.2, 0],
						"0.4167": [0, 0, 0]
					}
				},
				"rightArm": {
					"rotation": {
						"0.0": [0, 0, 0],
						"0.125": [-32, 0, 0],
						"0.2917": [0, 0, 0]
					},
					"position": {
						"0.0": [0, 0, 0],
						"0.1667": [0, -1.6, 0],
						"0.2917": [0, 0, 0]
					}
				},
				"leftArm": {
					"rotation": {
						"0.0": [0, 0, 0],
						"0.125": [-32, 0, 0],
						"0.2917": [0, 0, 0]
					},
					"position": {
						"0.0": [0, 0, 0],
						"0.1667": [0, -1.5, 0],
						"0.2917": [0, 0, 0]
					}
				}
			}
		},
		"animation.enderman.looking": {
			"loop": "hold_on_last_frame",
			"bones": {
				"head": {
					"rotation": ["query.target_x_rotation", "query.target_y_rotation", "math.clamp(query.target_y_rotation, -35, 35)*0.074"]
				},
				"body": {
					"rotation": [0, "math.clamp(query.target_y_rotation, -35, 35)*0.288", "math.clamp(query.target_y_rotation, -15, 15)*-0.034"]
				},
				"rightLeg": {
					"rotation": [0, "math.clamp(query.target_y_rotation, -15, 35)*0.368", "math.clamp(query.target_y_rotation, -5, 25)*0.034"]
				},
				"leftLeg": {
					"rotation": [0, "math.clamp(query.target_y_rotation, -35, 15)*0.368", "math.clamp(query.target_y_rotation, -25, 5)*0.034"]
				},
				"eyeball_right": {
					"position": ["math.clamp(-variable.eye_target_x, -75, 75)*0.0075", "math.clamp(-variable.eye_target_y, -65, 80)*0.008", 0]
				},
				"eyeball_left": {
					"position": ["math.clamp(-variable.eye_target_x, -75, 75)*0.0075", "math.clamp(-variable.eye_target_y, -65, 80)*0.008", 0]
				}
			}
		}
	}
}