{
	"format_version": "1.8.0",
	"animations": {
		"animation.llama.v1.8.base": {
			"loop": true,
			"animation_length": 3,
			"bones": {
				"body1": {
					"rotation": {
						"0.0": [2, 0, 0],
						"0.5833": [2.5, 0, 0],
						"1.5": [1, 0, 0],
						"2.0833": [0.5, 0, 0],
						"3.0": [2, 0, 0]
					},
					"position": {
						"0.0": [0, -0.2, 0],
						"1.5": [0, 0.6, 0],
						"3.0": [0, -0.2, 0]
					}
				},
				"head": {
					"rotation": {
						"0.0": [-1, 0, 0],
						"0.5": [0.5, 0, 0],
						"1.5": [-1, 0, 0],
						"2.0": [-2.5, 0, 0],
						"3.0": [-1, 0, 0]
					},
					"position": {
						"0.0": [0, 0, 0],
						"0.5": [0, -0.25, 0],
						"1.5": [0, 0, 0],
						"2.0": [0, 0.25, 0],
						"3.0": [0, 0, 0]
					}
				},
				"m_up": {
					"scale": {
						"0.0": [1, 1, 1],
						"1.5": [1.02, 1.09, 1],
						"3.0": [1, 1, 1]
					}
				},
				"m_down": {
					"rotation": {
						"0.0": [2, 0, 0],
						"0.9583": [5, 0, 0],
						"1.5417": [4, 0, 0],
						"3.0": [2, 0, 0]
					}
				},
				"body2": {
					"scale": {
						"0.0": [1, 1, 1],
						"1.5": [1.04, 1, 1.01],
						"3.0": [1, 1, 1]
					}
				},
				"leg0": {
					"rotation": {
						"0.0": [-0.00015, 7.98255, 0.99983],
						"1.5": [0.5998, 7.98255, 0.99983],
						"3.0": [-0.00015, 7.98255, 0.99983]
					},
					"position": {
						"0.0": [-0.4, 0, 0.5],
						"1.5": [-0.4, 0, 0.27],
						"3.0": [-0.4, 0, 0.5]
					}
				},
				"leg1": {
					"rotation": {
						"0.0": [4.00086, -2.09978, -1.14225],
						"1.5": [4.8009, -2.09978, -1.14225],
						"3.0": [4.00086, -2.09978, -1.14225]
					},
					"position": {
						"0.0": [0.2, 0, -0.4],
						"1.5": [0.2, 0, -0.6],
						"3.0": [0.2, 0, -0.4]
					}
				},
				"leg2": {
					"rotation": {
						"0.0": [2.07876, 10.97239, 0.79461],
						"1.5": [3.07876, 10.97239, 0.79461],
						"3.0": [2.07876, 10.97239, 0.79461]
					},
					"position": {
						"0.0": [0, 0, -1.5],
						"1.5": [0, 0, -1.8],
						"3.0": [0, 0, -1.5]
					}
				},
				"leg3": {
					"rotation": {
						"0.0": [-0.99741, -0.99985, -0.08726],
						"1.5": [0.00259, -0.99985, -0.08726],
						"3.0": [-0.99741, -0.99985, -0.08726]
					},
					"position": {
						"0.0": [0, 0, -1.2],
						"1.5": [0, 0, -1.5],
						"3.0": [0, 0, -1.2]
					}
				}
			}
		},
		"animation.llama.v1.8.ear_wagging": {
			"loop": true,
			"animation_length": 2.25,
			"bones": {
				"ear_left": {
					"rotation": {
						"0.5833": [0, 8, 0],
						"0.7917": [12.5, 6, -1],
						"1.2083": [-15, 6, 1],
						"1.5833": [0, 8, 0]
					},
					"position": {
						"0.5833": [0, 0, 0],
						"0.7917": [0, -0.2, 0],
						"1.2083": [0, -0.2, 0],
						"1.5833": [0, 0, 0]
					}
				},
				"ear_right": {
					"rotation": {
						"0.5833": [0, -8, 0],
						"0.7917": [12.5, -6, 1],
						"1.2083": [-15, -6, -1],
						"1.5833": [0, -8, 0]
					},
					"position": {
						"0.5833": [0, 0, 0],
						"0.7917": [0, -0.2, 0],
						"1.2083": [0, -0.2, 0],
						"1.5833": [0, 0, 0]
					}
				}
			}
		},
		"animation.llama.v1.8.base_face": {
			"loop": true,
			"animation_length": 10,
			"bones": {
				"eyelid_right": {
					"position": {
						"1.0": [0, 0, 0.2],
						"1.0417": [0, 0, 0],
						"1.2083": [0, 0, 0],
						"1.375": [0, 0, 0],
						"1.4167": [0, 0, 0.2],
						"6.0": [0, 0, 0.2],
						"6.0417": [0, 0, 0],
						"6.2083": [0, 0, 0],
						"6.375": [0, 0, 0],
						"6.4167": [0, 0, 0.2]
					},
					"scale": {
						"1.0": [1, 0.01, 1],
						"1.0417": [1, 0.01, 1],
						"1.2083": [1, 1.01, 1],
						"1.375": [1, 0.01, 1],
						"1.4167": [1, 0.01, 1],
						"6.0": [1, 0.01, 1],
						"6.0417": [1, 0.01, 1],
						"6.2083": [1, 1.01, 1],
						"6.375": [1, 0.01, 1],
						"6.4167": [1, 0.01, 1]
					}
				},
				"eyelid_left": {
					"position": {
						"1.0": [0, 0, 0.2],
						"1.0417": [0, 0, 0],
						"1.2083": [0, 0, 0],
						"1.375": [0, 0, 0],
						"1.4167": [0, 0, 0.2],
						"6.0": [0, 0, 0.2],
						"6.0417": [0, 0, 0],
						"6.2083": [0, 0, 0],
						"6.375": [0, 0, 0],
						"6.4167": [0, 0, 0.2]
					},
					"scale": {
						"1.0": [1, 0.01, 1],
						"1.0417": [1, 0.01, 1],
						"1.2083": [1, 1.01, 1],
						"1.375": [1, 0.01, 1],
						"1.4167": [1, 0.01, 1],
						"6.0": [1, 0.01, 1],
						"6.0417": [1, 0.01, 1],
						"6.2083": [1, 1.01, 1],
						"6.375": [1, 0.01, 1],
						"6.4167": [1, 0.01, 1]
					}
				},
				"eyebrown_left": {
					"position": [
						0,
						"math.clamp(-variable.eye_target_x, 0, 35)*0.013+math.clamp(variable.eye_target_y, -35, 0)*-0.012+math.clamp(variable.eye_target_y, 0, 60)*-0.0066",
						0
					]
				},
				"eyebrown_right": {
					"position": [
						0,
						"math.clamp(-variable.eye_target_x, -35, 0)*-0.013+math.clamp(variable.eye_target_y, -35, 0)*-0.012+math.clamp(variable.eye_target_y, 0, 60)*-0.0066",
						0
					]
				}
			}
		},
		"animation.llama.v1.8.death_face": {
			"loop": "hold_on_last_frame",
			"animation_length": 0.20833,
			"bones": {
				"eyelid_right": {
					"position": {
						"0.0": [0, 0, 0.2],
						"0.0417": [0, 0, 0],
						"0.2083": [0, 0, 0]
					},
					"scale": {
						"0.0": [1, 0.01, 1],
						"0.0417": [1, 0.01, 1],
						"0.2083": [1, 1.01, 1]
					}
				},
				"eyelid_left": {
					"position": {
						"0.0": [0, 0, 0.2],
						"0.0417": [0, 0, 0],
						"0.2083": [0, 0, 0]
					},
					"scale": {
						"0.0": [1, 0.01, 1],
						"0.0417": [1, 0.01, 1],
						"0.2083": [1, 1.01, 1]
					}
				},
				"eyebrown_left": {
					"position": {
						"0.0": [0, 0, 0],
						"0.2083": [0, -0.3, 0]
					}
				},
				"eyebrown_right": {
					"position": {
						"0.0": [0, 0, 0],
						"0.2083": [0, -0.3, 0]
					}
				}
			}
		},
		"animation.llama.v1.8.walking": {
			"loop": true,
			"animation_length": 2,
			"anim_time_update": "query.modified_distance_moved * 0.222",
			"bones": {
				"ear_left": {
					"rotation": {
						"0.0": [-20, 3, -2],
						"0.125": [-23, 3, -2],
						"0.5": [20, 3, -2],
						"1.0": [-20, 3, 1],
						"1.125": [-23, 3, 1],
						"1.5": [20, 3, -2],
						"2.0": [-20, 3, -2]
					},
					"position": {
						"0.0": [-0.1, -0.3, 0],
						"0.5": [-0.1, -0.3, 0],
						"1.0": [-0.1, -0.3, 0],
						"1.5": [-0.1, -0.3, 0],
						"2.0": [-0.1, -0.3, 0]
					}
				},
				"ear_right": {
					"rotation": {
						"0.0": [-20, -3, 2],
						"0.125": [-23, -3, 2],
						"0.5": [20, -3, 2],
						"1.0": [-20, -3, -1],
						"1.125": [-23, -3, -1],
						"1.5": [20, -3, 2],
						"2.0": [-20, -3, 2]
					},
					"position": {
						"0.0": [0.1, -0.3, 0],
						"0.5": [0.1, -0.3, 0],
						"1.0": [0.1, -0.3, 0],
						"1.5": [0.1, -0.3, 0],
						"2.0": [0.1, -0.3, 0]
					}
				},
				"root": {
					"rotation": {
						"0.0": [0, 0, -0.1],
						"1.0": [0, 0, 0.1],
						"2.0": [0, 0, -0.1]
					},
					"position": {
						"0.0": [0, 0, 0],
						"0.5": [0, 0.3, 0],
						"1.0": [0, 0, 0],
						"1.5": [0, 0.3, 0],
						"2.0": [0, 0, 0]
					}
				},
				"body1": {
					"rotation": {
						"0.0": [3, 0, -0.5],
						"0.5": [-2, 0, 0],
						"1.0": [3, 0, 0.5],
						"1.4583": [-2, 0, 0],
						"2.0": [3, 0, -0.5]
					},
					"position": {
						"0.0": [0, -0.4, 0],
						"0.25": [0, -1, 0],
						"0.625": [0, 0.2, 0],
						"1.0": [0, -0.4, 0],
						"1.2083": [0, -1, 0],
						"1.625": [0, 0.2, 0],
						"2.0": [0, -0.4, 0]
					}
				},
				"head": {
					"rotation": {
						"0.0": [0, 0, -2],
						"0.25": [7, 0, -0.5],
						"0.625": [-3, 0, 0],
						"1.0": [0, 0, 2],
						"1.25": [7, 0, 0.5],
						"1.625": [-3, 0, 0],
						"2.0": [0, 0, -2]
					},
					"position": {
						"0.0": [0, 0, 0],
						"1.0": [0, 0, 0],
						"2.0": [0, 0, 0]
					}
				},
				"m_down": {
					"rotation": {
						"0.0": [0, 0, 0],
						"0.7083": [4, 0, 0],
						"2.0": [0, 0, 0]
					}
				},
				"body2": {
					"rotation": {
						"0.0": [0, 0.5, 0],
						"1.0": [0, -0.5, 0],
						"2.0": [0, 0.5, 0]
					},
					"position": {
						"0.0": [0, 0, -0.3],
						"0.5": [0, 0, 0.5],
						"1.0": [0, 0, -0.3],
						"1.5": [0, 0, 0.5],
						"2.0": [0, 0, -0.3]
					}
				},
				"chest1": {
					"rotation": {
						"0.0": [0, 0, 0],
						"0.5": [-9, 0, 0],
						"1.0": [0, 0, 0],
						"1.5": [-9, 0, 0],
						"2.0": [0, 0, 0]
					},
					"position": {
						"0.0": [0, -0.1, 0],
						"0.1667": [0, -0.2, 0],
						"0.5": [0, 0.25, 0.7],
						"0.6667": [0, 0.35, 0.6],
						"1.0": [0, 0, 0],
						"1.1667": [0, -0.2, 0],
						"1.5": [0, 0.25, 0.7],
						"1.6667": [0, 0.35, 0.6],
						"2.0": [0, -0.1, 0]
					}
				},
				"chest2": {
					"rotation": {
						"0.0": [0, 0, 0],
						"0.5": [9, 0, 0],
						"1.0": [0, 0, 0],
						"1.5": [9, 0, 0],
						"2.0": [0, 0, 0]
					},
					"position": {
						"0.0": [0, -0.1, 0],
						"0.1667": [0, -0.2, 0],
						"0.5": [0, 0.25, 0.7],
						"0.6667": [0, 0.35, 0.6],
						"1.0": [0, 0, 0],
						"1.1667": [0, -0.2, 0],
						"1.5": [0, 0.25, 0.7],
						"1.6667": [0, 0.35, 0.6],
						"2.0": [0, -0.1, 0]
					}
				},
				"leg0": {
					"rotation": {
						"0.0": [23, 0, -0.7],
						"0.3333": [47.3333, 0, -0.8],
						"0.6667": [-1.125, 0, -0.8875],
						"1.0": [-14, 0, -0.2],
						"2.0": [23, 0, -0.7]
					},
					"position": {
						"0.0": [0.1, 0, 0.7],
						"0.3333": [0.1, -2, -3.7],
						"0.6667": [0, 2, 0.1],
						"1.0": [0, 0.3, 1.5],
						"2.0": [0, 0, 0.7]
					}
				},
				"leg1": {
					"rotation": {
						"0.0": [-14, 0, 0.2],
						"1.0": [23, 0, 0.7],
						"1.3333": [47.3333, 0, 0.8],
						"1.6667": [-1.125, 0, 0.8875],
						"2.0": [-14, 0, 0.2]
					},
					"position": {
						"0.0": [0, 0.3, 1.5],
						"1.0": [-0.1, 0, 0.7],
						"1.3333": [-0.1, -2, -3.7],
						"1.6667": [0, 2, 0.1],
						"2.0": [0, 0.3, 1.5]
					}
				},
				"leg2": {
					"rotation": {
						"0.0": [-25, 0, 1],
						"1.0": [18, 0, -0.9],
						"1.2917": [45, 0, 0.05],
						"2.0": [-25, 0, 1]
					},
					"position": {
						"0.0": [-0.2, 0, -1.4],
						"1.0": [0, 0, 0.2],
						"1.2917": [-0.2, -1.4, -4.4],
						"1.625": [-0.1, 3.1, -3.74],
						"2.0": [-0.2, 0, -1.4]
					}
				},
				"leg3": {
					"rotation": {
						"0.0": [18, 0, 0.9],
						"0.2917": [45, 0, -0.05],
						"1.0": [-25, 0, -1],
						"2.0": [18, 0, 0.9]
					},
					"position": {
						"0.0": [0, 0, 0.2],
						"0.2917": [0.2, -1.4, -4.4],
						"0.625": [0.1, 3.1, -3.74],
						"1.0": [0.2, 0, -1.4],
						"2.0": [0, 0, 0.2]
					}
				}
			}
		},
		"animation.llama.v1.8.running": {
			"loop": true,
			"animation_length": 2,
			"anim_time_update": "query.modified_distance_moved * 0.262",
			"bones": {
				"ear_left": {
					"rotation": {
						"0.0": [-20, 3, -2],
						"0.125": [-23, 3, -2],
						"0.875": [-39, 3, 1],
						"1.0": [-23, 3, 1],
						"1.375": [20, 3, -2],
						"2.0": [-20, 3, -2]
					},
					"position": {
						"0.0": [-0.1, -0.3, 0],
						"0.875": [-0.1, -0.3, 0],
						"1.375": [-0.1, -0.3, 0],
						"2.0": [-0.1, -0.3, 0]
					}
				},
				"ear_right": {
					"rotation": {
						"0.0": [-20, -3, 2],
						"0.125": [-23, -3, 2],
						"0.875": [-32, -3, -1],
						"1.0": [-23, -3, -1],
						"1.375": [20, -3, 2],
						"2.0": [-20, -3, 2]
					},
					"position": {
						"0.0": [0.1, -0.3, 0],
						"0.875": [0.1, -0.3, 0],
						"1.375": [0.1, -0.3, 0],
						"2.0": [0.1, -0.3, 0]
					}
				},
				"root": {
					"rotation": {
						"0.0": [-5, 0, 0],
						"0.4167": [6, 0, 0],
						"0.6667": [6, 0, 0],
						"1.0": [11, 0, 0],
						"1.5": [9, 0, 0],
						"2.0": [-5, 0, 0]
					},
					"position": {
						"0.0": [0, 1.9, 0],
						"0.4167": [0, 0.9, 0],
						"0.6667": [0, 0.9, 0],
						"1.0": [0, 1, 0],
						"1.5": [0, 0.4, 0],
						"2.0": [0, 1.9, 0]
					}
				},
				"body1": {
					"rotation": {
						"0.0": [0, 0, 0],
						"0.5": [-9, 0, 0],
						"1.0": [4, 0, 0],
						"1.125": [3.25, 0, 0],
						"1.3333": [-4.52, 0, 0],
						"2.0": [0, 0, 0]
					},
					"position": {
						"0.0": [0, -0.9, -1.5],
						"0.5": [0, -2.15, -0.35],
						"1.0": [0, -2, 1.7],
						"1.3333": [0, -2.23, 0.03],
						"1.625": [0, -1.15, -0.64],
						"2.0": [0, -0.9, -1.5]
					}
				},
				"head": {
					"rotation": {
						"0.0": [4, 0, 0],
						"1.0": [-14, 0, 0],
						"1.3333": [8.5, 0, 0],
						"2.0": [4, 0, 0]
					},
					"position": {
						"0.0": [0, 1, 0.3],
						"1.0": [0, -1.3, -2.1],
						"2.0": [0, 1, 0]
					}
				},
				"m_down": {
					"rotation": {
						"0.0": [0, 0, 0],
						"1.0417": [16, 0, 0],
						"2.0": [0, 0, 0]
					}
				},
				"body2": {
					"rotation": {
						"0.0": [-4, 0, 0],
						"0.5": [5, 0, 0],
						"1.0": [-1, 0, 0],
						"1.5": [-6, 0, 0],
						"2.0": [-4, 0, 0]
					},
					"position": {
						"0.0": [0, 0.7, 0],
						"0.5": [0, 0.35, -0.65],
						"1.0": [0, -0.9, -1.3],
						"1.5": [0, -0.45, -1.65],
						"2.0": [0, 0.7, 0]
					}
				},
				"chest1": {
					"rotation": {
						"0.0": [4, 0, 0],
						"0.8333": [-27, 0, 0],
						"1.0": [-36.16, 0, 0],
						"1.375": [10.63, 0, 0],
						"1.625": [-7.02, 0, 0],
						"2.0": [4, 0, 0]
					},
					"position": {
						"0.0": [0, 0.6, 0],
						"0.8333": [0, 1.2, -1.2],
						"1.375": [0, -1.42, -1.9],
						"2.0": [0, 0.6, 0]
					}
				},
				"chest2": {
					"rotation": {
						"0.0": [-4, 0, 0],
						"0.8333": [27, 0, 0],
						"1.0": [36.16, 0, 0],
						"1.375": [-10.63, 0, 0],
						"1.625": [7.02, 0, 0],
						"2.0": [-4, 0, 0]
					},
					"position": {
						"0.0": [0, 0.6, 0],
						"0.8333": [0, 1.2, -1.2],
						"1.375": [0, -1.42, -1.9],
						"2.0": [0, 0.6, 0]
					}
				},
				"leg0": {
					"rotation": {
						"0.0": [31.9963, -0.87461, 0.48485],
						"0.2917": [50.87, 0, 0],
						"0.75": [4.20984, -0.37483, 0.20779],
						"1.0833": [-38.0037, -0.87461, 0.48485],
						"1.25": [-18.97429, -0.87461, 0.48485],
						"1.5833": [-9.94488, -0.87461, 0.48485],
						"2.0": [31.9963, -0.87461, 0.48485]
					},
					"position": {
						"0.0": [-0.07, 0.2, -1.9],
						"0.2917": [-0.35, -0.23, -2.62],
						"0.75": [-0.05, -0.68, -2.33],
						"1.0833": [-0.07, -2.1, 0.6],
						"1.2917": [-0.07, -1.02, -1.38],
						"1.625": [-0.07, -1.08, -1.04],
						"2.0": [-0.07, 0.2, -1.9]
					}
				},
				"leg1": {
					"rotation": {
						"0.0": [25, 0, 0],
						"0.4167": [47.87, 0, 0],
						"1.0833": [-26, 0, 0],
						"1.2917": [-8.04, 0, 0],
						"1.625": [4.09, 0, 0],
						"2.0": [25, 0, 0]
					},
					"position": {
						"0.0": [0.05, 0.2, -2.2],
						"0.4167": [0.25, -1.23, -2.72],
						"0.75": [0.05, -0.88, -1.53],
						"0.9167": [0.05, -0.89, -1.46],
						"1.0833": [0.05, -1.2, 0.6],
						"1.2917": [0.05, -1.19, -1.86],
						"1.625": [0.05, -1.19, -2.08],
						"2.0": [0.05, 0.2, -2.2]
					}
				},
				"leg2": {
					"rotation": {
						"0.0": [-27.08127, 4.56677, -1.438],
						"1.0": [14.83935, 4.82355, -2.40772],
						"1.4167": [26.54771, 3.67482, 0.35675],
						"1.625": [-6.6055, 3.99337, -0.28423],
						"2.0": [-27.08127, 4.56677, -1.438]
					},
					"position": {
						"0.0": [-0.1, 1.6, -3.7],
						"0.5": [-0.23, -0.14, 1.23],
						"1.0": [-0.3, -0.1, -0.8],
						"1.4167": [-0.19, 1.07, -5.17],
						"1.7083": [-0.15, 0.77, -1.2],
						"2.0": [-0.1, 1.6, -3.7]
					}
				},
				"leg3": {
					"rotation": {
						"0.0": [-34.06948, -2.67532, 1.97474],
						"0.8333": [19.41565, -1.79276, 1.32863],
						"1.2083": [38.44243, -1.46011, 0.3852],
						"1.5417": [-1.12156, -1.61201, 0.58389],
						"2.0": [-34.06948, -2.67532, 1.97474]
					},
					"position": {
						"0.0": [0.1, 1.6, -3.1],
						"0.2917": [0.15, 0.01, 0.24],
						"0.4583": [0.18, -0.11, 0.56],
						"0.8333": [0.17, -0.61, -2.17],
						"1.2083": [0.17, -1.04, -3.59],
						"1.5417": [0.16, 2.72, -4.28],
						"2.0": [0.1, 1.6, -3.1]
					}
				}
			}
		},
		"animation.llama.v1.8.swimming": {
			"loop": true,
			"animation_length": 2,
			"bones": {
				"ear_left": {
					"rotation": {
						"0.0": [-10, 3, -2],
						"0.125": [-13, 3, -2],
						"0.5": [10, 3, -2],
						"1.0": [-10, 3, 1],
						"1.125": [-13, 3, 1],
						"1.5": [10, 3, -2],
						"2.0": [-10, 3, -2]
					},
					"position": {
						"0.0": [-0.1, -0.3, 0],
						"0.5": [-0.1, -0.3, 0],
						"1.0": [-0.1, -0.3, 0],
						"1.5": [-0.1, -0.3, 0],
						"2.0": [-0.1, -0.3, 0]
					}
				},
				"ear_right": {
					"rotation": {
						"0.0": [-10, -3, 2],
						"0.125": [-13, -3, 2],
						"0.5": [10, -3, 2],
						"1.0": [-10, -3, -1],
						"1.125": [-13, -3, -1],
						"1.5": [10, -3, 2],
						"2.0": [-10, -3, 2]
					},
					"position": {
						"0.0": [0.1, -0.3, 0],
						"0.5": [0.1, -0.3, 0],
						"1.0": [0.1, -0.3, 0],
						"1.5": [0.1, -0.3, 0],
						"2.0": [0.1, -0.3, 0]
					}
				},
				"root": {
					"rotation": {
						"0.0": [-2, 0, -0.5],
						"1.0": [-1, 0, 0.5],
						"2.0": [-2, 0, -0.5]
					},
					"position": {
						"0.0": [0, -5.5, 0],
						"0.5": [0, -5.1, 0],
						"1.0": [0, -5.5, 0],
						"1.5": [0, -5.1, 0],
						"2.0": [0, -5.5, 0]
					}
				},
				"body1": {
					"rotation": {
						"0.0": [1, 0, -0.6],
						"0.5": [-4, 0, 0],
						"1.0": [1, 0, 0.6],
						"1.4583": [-4, 0, 0],
						"2.0": [1, 0, -0.6]
					},
					"position": {
						"0.0": [0, -0.4, 0],
						"0.25": [0, -1, 0],
						"0.625": [0, 0.2, -1],
						"1.0": [0, -0.4, 0],
						"1.2083": [0, -1, 0],
						"1.625": [0, 0.2, -1],
						"2.0": [0, -0.4, 0]
					}
				},
				"head": {
					"rotation": {
						"0.0": [0, 0, -2],
						"0.25": [7, 0, -0.5],
						"0.625": [-3, 0, 0],
						"1.0": [0, 0, 2],
						"1.25": [7, 0, 0.5],
						"1.625": [-3, 0, 0],
						"2.0": [0, 0, -2]
					},
					"position": {
						"0.0": [0, 0, 0],
						"1.0": [0, 0, 0],
						"2.0": [0, 0, 0]
					}
				},
				"m_down": {
					"rotation": {
						"0.0": [2, 0, 0],
						"0.7083": [6, 0, 0],
						"2.0": [2, 0, 0]
					}
				},
				"body2": {
					"rotation": {
						"0.0": [0, 0.5, -3],
						"1.0": [0, -0.5, 3],
						"2.0": [0, 0.5, -3]
					},
					"position": {
						"0.0": [0, 0, -0.3],
						"0.5": [0, 0, 0.5],
						"1.0": [0, 0, -0.3],
						"1.5": [0, 0, 0.5],
						"2.0": [0, 0, -0.3]
					}
				},
				"chest1": {
					"rotation": {
						"0.0": [0, 0, 0],
						"0.5": [-9, 0, 0],
						"1.0": [0, 0, 0],
						"1.5": [-9, 0, 0],
						"2.0": [0, 0, 0]
					},
					"position": {
						"0.0": [0, -0.1, 0],
						"0.1667": [0, -0.2, 0],
						"0.5": [0, 0.25, 0.7],
						"0.6667": [0, 0.35, 0.6],
						"1.0": [0, 0, 0],
						"1.1667": [0, -0.2, 0],
						"1.5": [0, 0.25, 0.7],
						"1.6667": [0, 0.35, 0.6],
						"2.0": [0, -0.1, 0]
					}
				},
				"chest2": {
					"rotation": {
						"0.0": [0, 0, 0],
						"0.5": [9, 0, 0],
						"1.0": [0, 0, 0],
						"1.5": [9, 0, 0],
						"2.0": [0, 0, 0]
					},
					"position": {
						"0.0": [0, -0.1, 0],
						"0.1667": [0, -0.2, 0],
						"0.5": [0, 0.25, 0.7],
						"0.6667": [0, 0.35, 0.6],
						"1.0": [0, 0, 0],
						"1.1667": [0, -0.2, 0],
						"1.5": [0, 0.25, 0.7],
						"1.6667": [0, 0.35, 0.6],
						"2.0": [0, -0.1, 0]
					}
				},
				"leg0": {
					"rotation": {
						"0.0": [30, 0, -0.7],
						"0.125": [33, 0, -0.7],
						"0.4583": [46, 0, -0.7],
						"1.0": [-8, 0, -1],
						"1.125": [-15, 0, -1],
						"1.4583": [-26, 0, -1],
						"2.0": [30, 0, -0.7]
					},
					"position": {
						"0.0": [-0.1, -1.5, -1.4],
						"0.125": [-0.1, -1.7, -1.8],
						"0.4583": [-0.14, -0.8, -3.02],
						"1.0": [-0.2, 0.4, 0.2],
						"1.125": [0.2, 0.4, 1.2],
						"1.4583": [0.11, -0.1, 2.06],
						"2.0": [-0.1, -1.5, -1.4]
					}
				},
				"leg1": {
					"rotation": {
						"0.0": [-8, 0, 1],
						"0.125": [-15, 0, 1],
						"0.4583": [-26, 0, 1],
						"1.0": [30, 0, 0.7],
						"1.125": [33, 0, 0.7],
						"1.4583": [46, 0, 0.7],
						"2.0": [-8, 0, 1]
					},
					"position": {
						"0.0": [0.2, 0.4, 0.2],
						"0.125": [-0.2, 0.4, 1.2],
						"0.4583": [-0.11, -0.1, 2.06],
						"1.0": [0.1, -1.5, -1.4],
						"1.125": [0.1, -1.7, -1.8],
						"1.4583": [0.14, -0.8, -3.02],
						"2.0": [0.2, 0.4, 0.2]
					}
				},
				"leg2": {
					"rotation": {
						"0.0": [-25, 0, 1],
						"0.125": [-28, 0, 1],
						"0.4583": [-38, 0, 1],
						"1.0": [18, 0, -0.9],
						"1.125": [21, 0, -0.9],
						"1.4583": [31, 0, -0.9],
						"2.0": [-25, 0, 1]
					},
					"position": {
						"0.0": [-0.2, 0.3, -2.2],
						"0.125": [-0.2, 0.4, -2.2],
						"0.4583": [-0.11, 0.7, 1.26],
						"1.0": [0, 0, -0.8],
						"1.125": [0, 0, -0.8],
						"1.4583": [-0.08, 0.4, -3.15],
						"2.0": [-0.2, 0.3, -2.2]
					}
				},
				"leg3": {
					"rotation": {
						"0.0": [18, 0, 0.9],
						"0.125": [21, 0, 0.9],
						"0.4583": [31, 0, 0.9],
						"1.0": [-25, 0, -1],
						"1.125": [-28, 0, -1],
						"1.4583": [-38, 0, -1],
						"2.0": [18, 0, 0.9]
					},
					"position": {
						"0.0": [0, 0, 0.2],
						"0.125": [0, 0, -0.8],
						"0.4583": [0.08, 0.4, -3.15],
						"1.0": [0.2, 0.3, -2.2],
						"1.125": [0.2, 0.4, -2.2],
						"1.4583": [0.11, 0.7, 1.26],
						"2.0": [0, 0, 0.2]
					}
				}
			}
		},
		"animation.llama.v1.8.baby": {
			"loop": true,
			"bones": {
				"root": {
					"position": [0, -5.1, 0]
				},
				"head": {
					"position": [0, 2, 0],
					"scale": [1.3, 1.2, 1.2]
				},
				"body2": {
					"scale": [1.2, 1, 1]
				},
				"leg0": {
					"position": [0, -1, 0],
					"scale": [0.91, 0.56, 0.91]
				},
				"leg1": {
					"position": [0, -1, 0],
					"scale": [0.91, 0.56, 0.91]
				},
				"leg2": {
					"position": [0, -1, 0],
					"scale": [0.91, 0.56, 0.91]
				},
				"leg3": {
					"position": [0, -1, 0],
					"scale": [0.91, 0.56, 0.91]
				}
			}
		},
		"animation.llama.v1.8.hurt": {
			"animation_length": 0.33333,
			"bones": {
				"body1": {
					"rotation": {
						"0.0": [0, 0, 0],
						"0.0833": [9, 0, 0],
						"0.2083": [-8, 0, 0],
						"0.3333": [0, 0, 0]
					},
					"position": {
						"0.0": [0, 0, 0],
						"0.0833": [0, -2.8, 0.8],
						"0.2083": [0, -2, 0],
						"0.3333": [0, 0, 0]
					}
				},
				"head": {
					"rotation": {
						"0.0": [0, 0, 0],
						"0.0417": [-10, 0, 0],
						"0.1667": [19, 0, 0],
						"0.3333": [0, 0, 0]
					},
					"position": {
						"0.0": [0, 0, 0],
						"0.0417": [0, -0.2, 0],
						"0.3333": [0, 0, 0]
					}
				},
				"body2": {
					"scale": {
						"0.0": [1, 1, 1],
						"0.0833": [1, 1, 0.85],
						"0.2083": [1, 1, 1]
					}
				},
				"eyebrown_left": {
					"position": {
						"0.0": [0, 0.9, 0],
						"0.25": [0, 0.9, 0],
						"0.3333": [0, 0, 0]
					}
				},
				"eyebrown_right": {
					"position": {
						"0.0": [0, 0.9, 0],
						"0.25": [0, 0.9, 0],
						"0.3333": [0, 0, 0]
					}
				},
				"m_down": {
					"rotation": {
						"0.0": [0, 0, 0],
						"0.125": [26, 0, 0],
						"0.1667": [26, 0, 0],
						"0.3333": [0, 0, 0]
					}
				},
				"ear_left": {
					"rotation": {
						"0.0": [0, 0, 0],
						"0.0833": [-30, 0, 0],
						"0.2083": [28, 0, 0],
						"0.3333": [0, 0, 0]
					}
				},
				"ear_right": {
					"rotation": {
						"0.0": [0, 0, 0],
						"0.0833": [-30, 0, 0],
						"0.2083": [28, 0, 0],
						"0.3333": [0, 0, 0]
					}
				},
				"chest1": {
					"rotation": {
						"0.0": [0, 0, 0],
						"0.0417": [8, 0, 0],
						"0.1667": [-21, 0, 0],
						"0.2917": [6, 0, 0],
						"0.3333": [0, 0, 0]
					}
				},
				"chest2": {
					"rotation": {
						"0.0": [0, 0, 0],
						"0.0417": [-8, 0, 0],
						"0.1667": [21, 0, 0],
						"0.2917": [-6, 0, 0],
						"0.3333": [0, 0, 0]
					}
				},
				"leg0": {
					"rotation": {
						"0.0": [0, 0, 0],
						"0.125": [7, 0, 0],
						"0.3333": [0, 0, 0]
					},
					"position": {
						"0.0": [0, 0, 0],
						"0.125": [0, 0, -1.7],
						"0.3333": [0, 0, 0]
					}
				},
				"leg1": {
					"rotation": {
						"0.0": [0, 0, 0],
						"0.125": [7, 0, 0],
						"0.3333": [0, 0, 0]
					},
					"position": {
						"0.0": [0, 0, 0],
						"0.125": [0, 0, -1.7],
						"0.3333": [0, 0, 0]
					}
				},
				"leg2": {
					"rotation": {
						"0.0": [0, 0, 0],
						"0.125": [17, 0, 0],
						"0.3333": [0, 0, 0]
					},
					"position": {
						"0.0": [0, 0, 0],
						"0.125": [0, 0, -2.6],
						"0.3333": [0, 0, 0]
					}
				},
				"leg3": {
					"rotation": {
						"0.0": [0, 0, 0],
						"0.125": [17, 0, 0],
						"0.3333": [0, 0, 0]
					},
					"position": {
						"0.0": [0, 0, 0],
						"0.125": [0, 0, -2.6],
						"0.3333": [0, 0, 0]
					}
				}
			}
		},
		"animation.llama.v1.8.looking": {
			"loop": "hold_on_last_frame",
			"animation_length": 2.25,
			"bones": {
				"ear_left": {
					"rotation": {
						"0.5833": [0, 8, 0],
						"0.7917": [12.5, 6, -1],
						"1.2083": [-15, 6, 1],
						"1.5833": [0, 8, 0]
					},
					"position": {
						"0.5833": [0, 0, 0],
						"0.7917": [0, -0.2, 0],
						"1.2083": [0, -0.2, 0],
						"1.5833": [0, 0, 0]
					}
				},
				"ear_right": {
					"rotation": {
						"0.5833": [0, -8, 0],
						"0.7917": [12.5, -6, 1],
						"1.2083": [-15, -6, -1],
						"1.5833": [0, -8, 0]
					},
					"position": {
						"0.5833": [0, 0, 0],
						"0.7917": [0, -0.2, 0],
						"1.2083": [0, -0.2, 0],
						"1.5833": [0, 0, 0]
					}
				},
				"head": {
					"rotation": ["query.target_x_rotation", "math.clamp(query.target_y_rotation, -45, 45)", "math.clamp(query.target_y_rotation, -25, 25)*-0.084"]
				},
				"body2": {
					"rotation": [0, "math.clamp(query.target_y_rotation, -25, 25)*0.198", "math.clamp(query.target_y_rotation, -10, 10)*-0.144"]
				},
				"leg0": {
					"rotation": [0, "math.clamp(query.target_y_rotation, -15, 35)*0.298", "math.clamp(query.target_y_rotation, -10, 25)*-0.084"]
				},
				"leg1": {
					"rotation": [0, "math.clamp(query.target_y_rotation, -15, 35)*0.298", "math.clamp(query.target_y_rotation, -10, 25)*-0.084"]
				},
				"leg2": {
					"rotation": [0, "math.clamp(query.target_y_rotation, -15, 35)*0.598", "math.clamp(query.target_y_rotation, -5, 25)*0.124"],
					"position": ["math.clamp(query.target_y_rotation, -5, 35)*-0.03", 0, "math.clamp(query.target_y_rotation, -15, 35)*-0.018"]
				},
				"leg3": {
					"rotation": [0, "math.clamp(query.target_y_rotation, -35, 15)*0.598", "math.clamp(query.target_y_rotation, -25, 5)*0.124"],
					"position": ["math.clamp(query.target_y_rotation, -35, 5)*-0.03", 0, "math.clamp(query.target_y_rotation, -45, 15)*0.018"]
				}
			}
		}
	}
}