{
	"format_version": "1.8.0",
	"animations": {
		"animation.parrot.base": {
			"loop": true,
			"animation_length": 2.5,
			"bones": {
				"Root": {
					"position": [0, 0.2, 0]
				},
				"upper_body": {
					"rotation": {
						"0.0": [21, 0, 0],
						"1.25": [18, 0, 0],
						"2.5": [21, 0, 0]
					},
					"position": {
						"0.0": [0, -0.3, 0.5],
						"1.25": [0, 0.2, 0.5],
						"2.4583": [0, -0.3, 0.5]
					}
				},
				"wing_right": {
					"rotation": {
						"0.0": [16.03706, -3.84481, -1.10421],
						"1.25": [11.8985, -4.39506, 0.8236],
						"2.5": [16.03706, -3.84481, -1.10421]
					},
					"position": {
						"0.0": [-0.14, 0, 0],
						"0.5417": [-0.14, -0.1, 0],
						"1.25": [-0.14, 0, 0],
						"1.75": [-0.14, 0.1, 0],
						"2.5": [-0.14, 0, 0]
					}
				},
				"wing_left": {
					"rotation": {
						"0.0": [16.03706, 3.8448, 1.1042],
						"1.25": [11.8985, 4.3951, -0.8236],
						"2.5": [16.03706, 3.8448, 1.1042]
					},
					"position": {
						"0.0": [0.14, 0, 0],
						"0.5417": [0.14, -0.1, 0],
						"1.25": [0.14, 0, 0],
						"1.75": [0.14, 0.1, 0],
						"2.5": [0.14, 0, 0]
					}
				},
				"head": {
					"rotation": {
						"0.0": [-17, 0, 0],
						"0.5833": [-15, 0, 0],
						"1.25": [-17, 0, 0],
						"1.625": [-19, 0, 0],
						"2.5": [-17, 0, 0]
					},
					"position": {
						"0.0": [0, 0, 0],
						"0.5": [0, -0.15, 0],
						"1.25": [0, 0, 0],
						"1.7917": [0, 0.15, 0],
						"2.5": [0, 0, 0]
					}
				},
				"feather": {
					"rotation": {
						"0.0": [0, 0, -3.5],
						"0.25": [0, 0, -4.6],
						"1.25": [0, 0, 3.5],
						"1.4583": [0, 0, 4.6],
						"2.5": [0, 0, -3.5]
					}
				},
				"body1": {
					"rotation": {
						"0.0": [7, 0, 0],
						"2.5": [7, 0, 0]
					},
					"position": {
						"0.0": [0, 0, -0.3],
						"2.5": [0, 0, -0.3]
					},
					"scale": {
						"0.0": [1, 1, 1],
						"1.25": [1.06, 1, 1.05],
						"2.5": [1, 1, 1]
					}
				},
				"tail": {
					"rotation": {
						"0.0": [33, 0, 0],
						"0.5": [30, 0, 0],
						"1.25": [33, 0, 0],
						"1.7917": [36, 0, 0],
						"2.5": [33, 0, 0]
					},
					"position": {
						"0.0": [0, -1.7, -0.2],
						"1.25": [0, -1.7, -0.2],
						"2.5": [0, -1.7, -0.2]
					}
				},
				"leg0": {
					"rotation": {
						"0.0": [6.02469, -5.98351, -0.31516],
						"1.25": [3.02469, -5.98351, -0.31516],
						"2.5": [6.02469, -5.98351, -0.31516]
					},
					"position": {
						"0.0": [0, 0.4, 0],
						"1.25": [0, 0.4, 0.1],
						"2.5": [0, 0.4, 0]
					}
				},
				"leg1": {
					"rotation": {
						"0.0": [2.02142, 12.99815, 0.1074],
						"1.25": [-1.9786, 12.99815, 0.1074],
						"2.5": [2.02142, 12.99815, 0.1074]
					},
					"position": {
						"0.0": [0, 0.32, 0.1],
						"1.25": [0, 0.32, 0.2],
						"2.5": [0, 0.32, 0.1]
					}
				}
			}
		},
		"animation.parrot.step": {
			"loop": "hold_on_last_frame",
			"animation_length": 0.58333,
			"bones": {
				"Root": {
					"position": [0, 0.2, 0]
				},
				"upper_body": {
					"rotation": {
						"0.0": [21, 0, 0],
						"0.2083": [26, 0, 0],
						"0.5833": [29, 0, -2]
					},
					"position": {
						"0.0": [0, -0.1, 0.5],
						"0.125": [0, -0.3, 0.5],
						"0.2917": [0, 0, 0.5],
						"0.5833": [0, 0, 0.6]
					}
				},
				"wing_right": {
					"rotation": {
						"0.0": [15.97534, -2.6447, -5.3441],
						"0.0417": [15.41299, -1.2481, -9.7264],
						"0.2083": [11.29437, -11.672, 30.8689],
						"0.2917": [10.6705, -12.2436, 33.8793],
						"0.5": [16.03706, -3.8448, -1.1042]
					},
					"position": {
						"0.0": [-0.34, 0, 0],
						"0.0417": [-0.44, 0, 0],
						"0.125": [0.01, 0.2, 0],
						"0.2083": [0.46, 0, 0],
						"0.2917": [0.46, -0.2, 0],
						"0.5": [-0.14, 0, 0]
					}
				},
				"wing_left": {
					"rotation": {
						"0.0": [15.97534, 2.64471, 5.34412],
						"0.0417": [15.41299, 1.24815, 9.72644],
						"0.2083": [11.29437, 11.67198, -30.86893],
						"0.2917": [10.6705, 12.24364, -33.87931],
						"0.5": [16.03706, 3.8448, 1.1042]
					},
					"position": {
						"0.0": [0.34, 0, 0],
						"0.0417": [0.44, 0, 0],
						"0.125": [-0.01, 0.2, 0],
						"0.2083": [-0.46, 0, 0],
						"0.2917": [-0.46, -0.2, 0],
						"0.5": [0.14, 0, 0]
					}
				},
				"head": {
					"rotation": {
						"0.0": [-17, 0, 0],
						"0.1667": [-10, 0, 0],
						"0.4167": [-18, 0, 0],
						"0.5833": [-17, 0, 0]
					},
					"position": {
						"0.0": [0, 0, 0],
						"0.5833": [0, 0, 0]
					}
				},
				"feather": {
					"rotation": {
						"0.0": [0, 0, -2.5],
						"0.1667": [0, 0, -6.6],
						"0.3333": [0, 0, 6.4],
						"0.5": [0, 0, -2.5]
					}
				},
				"body1": {
					"rotation": [7, 0, 0],
					"position": [0, 0, -0.3],
					"scale": 1
				},
				"tail": {
					"rotation": {
						"0.0": [33, 0, 0],
						"0.25": [30, 0, 0],
						"0.5": [33, 0, 0]
					},
					"position": {
						"0.0": [0, -1.7, -0.2],
						"0.5": [0, -1.7, -0.2]
					}
				},
				"leg0": {
					"rotation": {
						"0.0": [44.02469, -5.98351, -0.31516],
						"0.1667": [55.66874, -5.44909, -1.96211],
						"0.375": [-1.43889, -5.109, -3.01017],
						"0.5833": [-24.38828, -4.8175, -1.9085]
					},
					"position": {
						"0.0": [0, 0.4, 0.2],
						"0.1667": [0, 0.67, -0.58],
						"0.375": [0, 0.67, -0.48],
						"0.5833": [0, 0.12, -0.4]
					}
				},
				"leg1": {
					"rotation": {
						"0.0": [-24.38828, 4.81745, 1.9085],
						"0.5417": [44.02469, 5.9835, 0.3152]
					},
					"position": {
						"0.0": [0, 0.12, -0.4],
						"0.25": [0, 0.4, -0.22],
						"0.5417": [0, 0.4, 0.2]
					}
				}
			}
		},
		"animation.parrot.base_face": {
			"loop": true,
			"animation_length": 10,
			"bones": {
				"eyelid_right": {
					"position": {
						"1.0": ["0.1+math.clamp(variable.eye_target_y, 0, 1)*-0.0965", 0, 0],
						"1.0417": [0, 0, 0],
						"1.1667": [0, 0, 0],
						"1.2917": [0, 0, 0],
						"1.3333": ["0.1+math.clamp(variable.eye_target_y, 0, 1)*-0.0965", 0, 0],
						"6.5": ["0.1+math.clamp(variable.eye_target_y, 0, 1)*-0.0965", 0, 0],
						"6.5417": [0, 0, 0],
						"6.6667": [0, 0, 0],
						"6.7917": [0, 0, 0],
						"6.8333": ["0.1+math.clamp(variable.eye_target_y, 0, 1)*-0.0965", 0, 0]
					},
					"scale": {
						"1.0": [1, "0.01+math.clamp(variable.eye_target_y, 0, 90)*0.0045", 1],
						"1.0417": [1, "0.01+math.clamp(variable.eye_target_y, 0, 90)*0.0045", 1],
						"1.1667": [1, 1, 1],
						"1.2917": [1, "0.01+math.clamp(variable.eye_target_y, 0, 90)*0.0045", 1],
						"1.3333": [1, "0.01+math.clamp(variable.eye_target_y, 0, 90)*0.0045", 1],
						"6.5": [1, "0.01+math.clamp(variable.eye_target_y, 0, 90)*0.0045", 1],
						"6.5417": [1, "0.01+math.clamp(variable.eye_target_y, 0, 90)*0.0045", 1],
						"6.6667": [1, 1, 1],
						"6.7917": [1, "0.01+math.clamp(variable.eye_target_y, 0, 90)*0.0045", 1],
						"6.8333": [1, "0.01+math.clamp(variable.eye_target_y, 0, 90)*0.0045", 1]
					}
				},
				"eyelid_left": {
					"position": {
						"1.0": ["-0.1+math.clamp(variable.eye_target_y, 0, 1)*0.0965", 0, 0],
						"1.0417": [0, 0, 0],
						"1.1667": [0, 0, 0],
						"1.2917": [0, 0, 0],
						"1.3333": ["-0.1+math.clamp(variable.eye_target_y, 0, 1)*0.0965", 0, 0],
						"6.5": ["-0.1+math.clamp(variable.eye_target_y, 0, 1)*0.0965", 0, 0],
						"6.5417": [0, 0, 0],
						"6.6667": [0, 0, 0],
						"6.7917": [0, 0, 0],
						"6.8333": ["-0.1+math.clamp(variable.eye_target_y, 0, 1)*0.0965", 0, 0]
					},
					"scale": {
						"1.0": [1, "0.01+math.clamp(variable.eye_target_y, 0, 90)*0.0045", 1],
						"1.0417": [1, "0.01+math.clamp(variable.eye_target_y, 0, 90)*0.0045", 1],
						"1.1667": [1, 1, 1],
						"1.2917": [1, "0.01+math.clamp(variable.eye_target_y, 0, 90)*0.0045", 1],
						"1.3333": [1, "0.01+math.clamp(variable.eye_target_y, 0, 90)*0.0045", 1],
						"6.5": [1, "0.01+math.clamp(variable.eye_target_y, 0, 90)*0.0045", 1],
						"6.5417": [1, "0.01+math.clamp(variable.eye_target_y, 0, 90)*0.0045", 1],
						"6.6667": [1, 1, 1],
						"6.7917": [1, "0.01+math.clamp(variable.eye_target_y, 0, 90)*0.0045", 1],
						"6.8333": [1, "0.01+math.clamp(variable.eye_target_y, 0, 90)*0.0045", 1]
					}
				}
			}
		},
		"animation.parrot.death_face": {
			"loop": "hold_on_last_frame",
			"animation_length": 0.16667,
			"bones": {
				"eyelid_right": {
					"position": {
						"0.0": [0.1, 0, 0],
						"0.0417": [0, 0, 0],
						"0.1667": [0, 0, 0]
					},
					"scale": {
						"0.0": [1, 0.01, 1],
						"0.0417": [1, 0.01, 1],
						"0.1667": [1, 1, 1]
					}
				},
				"eyelid_left": {
					"position": {
						"0.0": [0.1, 0, 0],
						"0.0417": [0, 0, 0],
						"0.1667": [0, 0, 0]
					},
					"scale": {
						"0.0": [1, 0.01, 1],
						"0.0417": [1, 0.01, 1],
						"0.1667": [1, 1, 1]
					}
				}
			}
		},
		"animation.parrot.walking": {
			"loop": true,
			"animation_length": 2,
			"anim_time_update": "query.modified_distance_moved * 0.19",
			"bones": {
				"Root": {
					"position": [0, 0.2, 0]
				},
				"upper_body": {
					"rotation": {
						"0.0": [29, 0, -2],
						"0.4167": [24, 0, 0],
						"1.0": [29, 0, 2],
						"1.4167": [24, 0, 0],
						"2.0": [29, 0, -2]
					},
					"position": {
						"0.0": [0, 0, 0.6],
						"0.25": [0, -0.2, 0.6],
						"0.5833": [0, 0.29, 0.6],
						"1.0": [0, 0, 0.6],
						"1.25": [0, -0.2, 0.6],
						"1.625": [0, 0.29, 0.6],
						"2.0": [0, 0, 0.6]
					}
				},
				"wing_right": {
					"rotation": {
						"0.0": [14.89855, -4.3951, 0.8236],
						"0.125": [15.10157, -3.61847, -1.0813],
						"0.4583": [19.5665, -5.41272, 4.70626],
						"0.625": [19.37674, -6.07946, 5.2014],
						"1.0": [14.89855, -4.3951, 0.8236],
						"1.125": [15.10157, -3.61847, -1.0813],
						"1.4583": [19.5665, -5.41272, 4.70626],
						"1.625": [19.37674, -6.07946, 5.2014],
						"2.0": [14.89855, -4.3951, 0.8236]
					},
					"position": {
						"0.0": [-0.14, 0, 0],
						"1.0": [-0.14, 0, 0],
						"2.0": [-0.14, 0, 0]
					}
				},
				"wing_left": {
					"rotation": {
						"0.0": [14.89855, 4.3951, -0.8236],
						"0.125": [15.10157, 3.6185, 1.0813],
						"0.4583": [19.5665, 5.4127, -4.7063],
						"0.625": [19.37674, 6.0795, -5.2014],
						"1.0": [14.89855, 4.3951, -0.8236],
						"1.125": [15.10157, 3.6185, 1.0813],
						"1.4583": [19.5665, 5.4127, -4.7063],
						"1.625": [19.37674, 6.0795, -5.2014],
						"2.0": [14.89855, 4.3951, -0.8236]
					},
					"position": {
						"0.0": [0.14, 0, 0],
						"1.0": [0.14, 0, 0],
						"2.0": [0.14, 0, 0]
					}
				},
				"head": {
					"rotation": {
						"0.0": [-17, 0, -1.5],
						"0.5": [-10, 0, 0],
						"1.0": [-17, 0, 1.5],
						"1.5": [-10, 0, 0],
						"2.0": [-17, 0, -1.5]
					},
					"position": {
						"0.0": [0, 0, 0],
						"0.5417": [0, -0.1, 0.1],
						"1.0": [0, 0, 0],
						"1.5417": [0, -0.1, 0.1],
						"2.0": [0, 0, 0]
					}
				},
				"feather": {
					"rotation": {
						"0.0": [0, 0, -5.5],
						"0.25": [0, 0, -6.95],
						"1.0": [0, 0, 5.5],
						"1.25": [0, 0, 6.95],
						"2.0": [0, 0, -5.5]
					}
				},
				"body1": {
					"rotation": {
						"0.0": [7, 2, 0],
						"1.0": [7, -2, 0],
						"2.0": [7, 2, 0]
					},
					"position": {
						"0.0": [0, 0, -0.3],
						"0.25": [0, 0, -0.2],
						"1.0": [0, 0, -0.3],
						"1.25": [0, 0, -0.2],
						"2.0": [0, 0, -0.3]
					},
					"scale": {
						"0.0": [1, 1, 1],
						"1.0": [1, 1, 1],
						"2.0": [1, 1, 1]
					}
				},
				"tail": {
					"rotation": {
						"0.0": [28, 0, 0],
						"0.2917": [23, 0, 0],
						"1.0": [43, 0, 0],
						"1.25": [51, 0, 0],
						"2.0": [28, 0, 0]
					},
					"position": {
						"0.0": [0, -1.7, -0.2],
						"0.2917": [0, -1.7, -0.2],
						"2.0": [0, -1.7, -0.2]
					}
				},
				"leg0": {
					"rotation": {
						"0.0": [44.02469, -5.98351, -0.31516],
						"0.3333": [55.66874, -5.44909, -1.96211],
						"0.6667": [-1.43889, -5.109, -3.01017],
						"1.0": [-24.38828, -4.8175, -1.9085],
						"2.0": [44.02469, -5.98351, -0.31516]
					},
					"position": {
						"0.0": [0, 0.4, 0.2],
						"0.3333": [0, 0.67, -0.58],
						"0.6667": [0, 0.67, -0.48],
						"1.0": [0, 0.12, -0.4],
						"1.5": [0, 0.4, -0.2],
						"2.0": [0, 0.4, 0.2]
					}
				},
				"leg1": {
					"rotation": {
						"0.0": [-24.38828, 4.81745, 1.9085],
						"1.0": [44.02469, 5.9835, 0.3152],
						"1.3333": [55.66874, 5.4491, 1.9621],
						"1.6667": [-1.43889, 5.109, 3.0102],
						"2.0": [-24.38828, 4.81745, 1.9085]
					},
					"position": {
						"0.0": [0, 0.12, -0.4],
						"0.4583": [0, 0.4, -0.22],
						"1.0": [0, 0.4, 0.2],
						"1.3333": [0, 0.67, -0.58],
						"1.6667": [0, 0.67, -0.48],
						"2.0": [0, 0.12, -0.4]
					}
				}
			}
		},
		"animation.parrot.sit": {
			"loop": true,
			"animation_length": 2.5,
			"bones": {
				"Root": {
					"position": [0, 0.2, 0]
				},
				"upper_body": {
					"rotation": {
						"0.0": [33, 0, 0],
						"1.25": [29, 0, 0],
						"2.5": [33, 0, 0]
					},
					"position": {
						"0.0": [0, -0.9, 1],
						"1.25": [0, -0.3, 1],
						"2.5": [0, -0.9, 1]
					}
				},
				"wing_right": {
					"rotation": {
						"0.0": [21.16997, 7.35567, 3.21159],
						"0.5": [20.98974, 4.8231, 0.68885],
						"1.25": [21.16997, 7.35567, 3.21159],
						"1.875": [21.48047, 10.0137, 5.05568],
						"2.5": [21.16997, 7.35567, 3.21159]
					},
					"position": {
						"0.0": [-0.14, 0, -0.2],
						"1.25": [-0.14, 0, -0.2],
						"2.5": [-0.14, 0, -0.2]
					}
				},
				"wing_left": {
					"rotation": {
						"0.0": [21.16997, -7.3557, -3.2116],
						"0.5": [20.98974, -4.8231, -0.6889],
						"1.25": [21.16997, -7.3557, -3.2116],
						"1.875": [21.48047, -10.0137, -5.0557],
						"2.5": [21.16997, -7.3557, -3.2116]
					},
					"position": {
						"0.0": [0.14, 0, -0.2],
						"1.25": [0.14, 0, -0.2],
						"2.5": [0.14, 0, -0.2]
					}
				},
				"head": {
					"rotation": {
						"0.0": [-27, 0, 0],
						"0.4583": [-24, 0, 0],
						"1.25": [-27, 0, 0],
						"1.75": [-30, 0, 0],
						"2.5": [-27, 0, 0]
					},
					"position": {
						"0.0": [0, -0.2, 0.1],
						"0.5417": [0, -0.3, 0.1],
						"1.25": [0, -0.2, 0.1],
						"2.5": [0, -0.2, 0.1]
					}
				},
				"feather": {
					"rotation": {
						"0.0": [0, 0, -3.5],
						"0.25": [0, 0, -4.6],
						"1.25": [0, 0, 3.5],
						"1.4583": [0, 0, 4.6],
						"2.5": [0, 0, -3.5]
					}
				},
				"body1": {
					"rotation": {
						"0.0": [7, 0, 0],
						"2.5": [7, 0, 0]
					},
					"position": {
						"0.0": [0, 0, -0.3],
						"2.5": [0, 0, -0.3]
					},
					"scale": {
						"0.0": [1.07, 1, 1],
						"1.25": [1.1, 1, 1.03],
						"2.5": [1.07, 1, 1]
					}
				},
				"tail": {
					"rotation": {
						"0.0": [33, 0, 0],
						"0.5": [30, 0, 0],
						"1.25": [33, 0, 0],
						"1.7917": [36, 0, 0],
						"2.5": [33, 0, 0]
					},
					"position": {
						"0.0": [0, -1.7, -0.2],
						"1.25": [0, -1.7, -0.2],
						"2.5": [0, -1.7, -0.2]
					}
				},
				"leg0": {
					"rotation": {
						"0.0": [6.02469, -5.98351, -0.31516],
						"1.25": [2.02469, -5.98351, -0.31516],
						"2.5": [6.02469, -5.98351, -0.31516]
					},
					"position": {
						"0.0": [0, 0.4, 0],
						"1.25": [0, 0.4, 0.1],
						"2.5": [0, 0.4, 0]
					}
				},
				"leg1": {
					"rotation": {
						"0.0": [-2.97858, 12.99815, 0.1074],
						"1.25": [-4.97858, 12.99815, 0.1074],
						"2.5": [-2.97858, 12.99815, 0.1074]
					},
					"position": {
						"0.0": [0, 0.32, 0],
						"1.25": [0, 0.32, 0.1],
						"2.5": [0, 0.32, 0]
					}
				}
			}
		},
		"animation.parrot.fly": {
			"loop": true,
			"animation_length": 2,
			"anim_time_update": "query.modified_distance_moved * 0.43",
			"bones": {
				"Root": {
					"rotation": [6, 0, 0],
					"position": [0, 0.2, 0]
				},
				"upper_body": {
					"rotation": {
						"0.0": [33, 0, 0],
						"0.3333": [35, 0, 0],
						"1.0": [29, 0, 0],
						"1.2917": [28, 0, 0],
						"2.0": [33, 0, 0]
					},
					"position": {
						"0.0": [0, -0.7, 1],
						"0.3333": [0, -0.8, 1],
						"1.0": [0, -0.4, 1],
						"1.2917": [0, -0.3, 1],
						"2.0": [0, -0.7, 1]
					}
				},
				"wing_right": {
					"rotation": {
						"0.0": [17.85074, 8.19143, 102.81401],
						"0.2917": [18.57676, 6.31446, 108.55915],
						"1.0": [1.22333, 19.99356, 42.89738],
						"1.25": [-2.41446, 19.8893, 32.25835],
						"2.0": [17.85074, 8.19143, 102.81401]
					},
					"position": {
						"0.0": [0.16, 0, -0.2],
						"0.375": [0.16, -0.6, -0.2],
						"1.0": [0.16, 0.8, -0.2],
						"1.4167": [0.16, 1.1, -0.2],
						"2.0": [0.16, 0, -0.2]
					}
				},
				"wing_left": {
					"rotation": {
						"0.0": [17.85074, -8.1914, -102.814],
						"0.2917": [18.57676, -6.3145, -108.5591],
						"1.0": [1.22333, -19.9936, -42.8974],
						"1.25": [-2.41446, -19.8893, -32.2583],
						"2.0": [17.85074, -8.1914, -102.814]
					},
					"position": {
						"0.0": [-0.16, 0, -0.2],
						"0.375": [-0.16, -0.6, -0.2],
						"1.0": [-0.16, 0.8, -0.2],
						"1.4167": [-0.16, 1.1, -0.2],
						"2.0": [-0.16, 0, -0.2]
					}
				},
				"head": {
					"rotation": {
						"0.0": [-27, 0, 1],
						"0.375": [-31, 0, 1],
						"0.9583": [-19, 0, -1],
						"1.2917": [-12, 0, -1],
						"2.0": [-27, 0, 1]
					},
					"position": {
						"0.0": [0, -0.1, 0.1],
						"0.375": [0, -0.1, 0.1],
						"2.0": [0, -0.1, 0.1]
					}
				},
				"feather": {
					"rotation": {
						"0.0": [0, 0, -8.5],
						"0.2917": [0, 0, -15.5],
						"1.0": [0, 0, 8.5],
						"1.2917": [0, 0, 15.5],
						"2.0": [0, 0, -8.5]
					}
				},
				"body1": {
					"rotation": {
						"0.0": [7, 0, 0],
						"1.0417": [10, 0, 0],
						"2.0": [7, 0, 0]
					},
					"position": {
						"0.0": [0, 0, -0.3],
						"1.0417": [0, 0.1, -0.2],
						"2.0": [0, 0, -0.3]
					},
					"scale": {
						"0.0": [1, 1, 1],
						"2.0": [1, 1, 1]
					}
				},
				"tail": {
					"rotation": {
						"0.0": [23, 0, 0],
						"0.5": [9, 0, 0],
						"1.0": [23, 0, 0],
						"1.4583": [36, 0, 0],
						"2.0": [23, 0, 0]
					},
					"position": {
						"0.0": [0, -2.3, 0.2],
						"0.5": [0, -2.3, 0.4],
						"1.0": [0, -2.3, 0.5],
						"2.0": [0, -2.3, 0.2]
					}
				},
				"leg0": {
					"rotation": {
						"0.0": [44.31335, -5.3903, -8.1622],
						"0.375": [48.31335, -5.3903, -8.1622],
						"1.0": [44.31335, -5.3903, -8.1622],
						"1.375": [35.31335, -5.3903, -8.1622],
						"2.0": [44.31335, -5.3903, -8.1622]
					},
					"position": {
						"0.0": [-0.3, -0.18, 0.9],
						"0.375": [-0.3, -0.18, 0.9],
						"1.0": [-0.3, 0.22, 1.1],
						"2.0": [-0.3, -0.18, 0.9]
					}
				},
				"leg1": {
					"rotation": {
						"0.0": [44.31335, 5.3903, 8.1622],
						"0.375": [48.31335, 5.3903, 8.1622],
						"1.0": [44.31335, 5.3903, 8.1622],
						"1.375": [35.31335, 5.3903, 8.1622],
						"2.0": [44.31335, 5.3903, 8.1622]
					},
					"position": {
						"0.0": [0.3, -0.18, 0.9],
						"0.375": [0.3, -0.18, 0.9],
						"1.0": [0.3, 0.22, 1.1],
						"2.0": [0.3, -0.18, 0.9]
					}
				}
			}
		},
		"animation.parrot.landing": {
			"loop": true,
			"animation_length": 0.5,
			"bones": {
				"Root": {
					"rotation": [6, 0, 0],
					"position": [0, 0.2, 0]
				},
				"upper_body": {
					"rotation": {
						"0.0": [35, 0, 0],
						"0.1667": [29, 0, 0],
						"0.25": [28, 0, 0],
						"0.5": [35, 0, 0]
					},
					"position": {
						"0.0": [0, -0.8, 1],
						"0.1667": [0, -0.4, 1],
						"0.25": [0, -0.3, 1],
						"0.5": [0, -0.8, 1]
					}
				},
				"wing_right": {
					"rotation": {
						"0.0": [17.85074, 8.19143, 102.81401],
						"0.0417": [18.57676, 6.31446, 108.55915],
						"0.2083": [1.22333, 19.99356, 42.89738],
						"0.2917": [-2.41446, 19.8893, 32.25835],
						"0.5": [17.85074, 8.19143, 102.81401]
					},
					"position": {
						"0.0": [0.16, 0, -0.2],
						"0.125": [0.16, -0.6, -0.2],
						"0.2083": [0.16, 0.8, -0.2],
						"0.375": [0.16, 1.1, -0.2],
						"0.5": [0.16, 0, -0.2]
					}
				},
				"wing_left": {
					"rotation": {
						"0.0": [17.85074, -8.1914, -102.814],
						"0.0417": [18.57676, -6.3145, -108.5591],
						"0.2083": [1.22333, -19.9936, -42.8974],
						"0.2917": [-2.41446, -19.8893, -32.2583],
						"0.5": [17.85074, -8.1914, -102.814]
					},
					"position": {
						"0.0": [-0.16, 0, -0.2],
						"0.125": [-0.16, -0.6, -0.2],
						"0.2083": [-0.16, 0.8, -0.2],
						"0.375": [-0.16, 1.1, -0.2],
						"0.5": [-0.16, 0, -0.2]
					}
				},
				"head": {
					"rotation": {
						"0.0": [-27, 0, 1],
						"0.0833": [-31, 0, 1],
						"0.2083": [-19, 0, -1],
						"0.375": [-12, 0, -1],
						"0.5": [-27, 0, 1]
					},
					"position": {
						"0.0": [0, -0.1, 0.1],
						"0.0833": [0, -0.1, 0.1],
						"0.5": [0, -0.1, 0.1]
					}
				},
				"feather": {
					"rotation": {
						"0.0": [0, 0, -8.5],
						"0.0833": [0, 0, -15.5],
						"0.2083": [0, 0, 8.5],
						"0.3333": [0, 0, 15.5],
						"0.5": [0, 0, -8.5]
					}
				},
				"body1": {
					"rotation": {
						"0.0": [7, 0, 0],
						"0.1667": [10, 0, 0],
						"0.5": [7, 0, 0]
					},
					"position": {
						"0.0": [0, 0, -0.3],
						"0.1667": [0, 0.1, -0.2],
						"0.5": [0, 0, -0.3]
					},
					"scale": {
						"0.0": [1, 1, 1],
						"0.5": [1, 1, 1]
					}
				},
				"tail": {
					"rotation": {
						"0.0": [23, 0, 0],
						"0.0833": [9, 0, 0],
						"0.2083": [23, 0, 0],
						"0.3333": [36, 0, 0],
						"0.5": [23, 0, 0]
					},
					"position": {
						"0.0": [0, -2.3, 0.2],
						"0.0833": [0, -2.3, 0.4],
						"0.2083": [0, -2.3, 0.5],
						"0.5": [0, -2.3, 0.2]
					}
				},
				"leg0": {
					"rotation": {
						"0.0": [44.31335, -5.3903, -8.1622],
						"0.0833": [48.31335, -5.3903, -8.1622],
						"0.2083": [44.31335, -5.3903, -8.1622],
						"0.3333": [35.31335, -5.3903, -8.1622],
						"0.5": [44.31335, -5.3903, -8.1622]
					},
					"position": {
						"0.0": [-0.3, -0.18, 0.9],
						"0.0833": [-0.3, -0.18, 0.9],
						"0.2083": [-0.3, 0.22, 1.1],
						"0.5": [-0.3, -0.18, 0.9]
					}
				},
				"leg1": {
					"rotation": {
						"0.0": [44.31335, 5.3903, 8.1622],
						"0.0833": [48.31335, 5.3903, 8.1622],
						"0.2083": [44.31335, 5.3903, 8.1622],
						"0.3333": [35.31335, 5.3903, 8.1622],
						"0.5": [44.31335, 5.3903, 8.1622]
					},
					"position": {
						"0.0": [0.3, -0.18, 0.9],
						"0.0833": [0.3, -0.18, 0.9],
						"0.2083": [0.3, 0.22, 1.1],
						"0.5": [0.3, -0.18, 0.9]
					}
				}
			}
		},
		"animation.parrot.swimming": {
			"loop": true,
			"animation_length": 1,
			"bones": {
				"Root": {
					"rotation": {
						"0.0": [10, 0, 0],
						"0.5": [5, 0, 0],
						"1.0": [10, 0, 0]
					},
					"position": {
						"0.0": [0, 0.2, 0],
						"0.5": [0, 0.2, 0],
						"1.0": [0, 0.2, 0]
					}
				},
				"upper_body": {
					"rotation": {
						"0.0": [21, -1, 0],
						"0.125": [25, 0, 0],
						"0.25": [21, 1, 0],
						"0.375": [25, 0, 0],
						"0.5": [21, -1, 0],
						"0.625": [25, 0, 0],
						"0.75": [21, 1, 0],
						"0.875": [25, 0, 0],
						"1.0": [21, -1, 0]
					},
					"position": {
						"0.0": [0, -0.1, 0.5],
						"0.125": [0, -0.4, 0.5],
						"0.25": [0, -0.1, 0.5],
						"0.375": [0, -0.4, 0.5],
						"0.5": [0, -0.1, 0.5],
						"0.625": [0, -0.4, 0.5],
						"0.75": [0, -0.1, 0.5],
						"0.875": [0, -0.4, 0.5],
						"1.0": [0, -0.1, 0.5]
					}
				},
				"wing_right": {
					"rotation": {
						"0.0": [14.99641, 12.74385, 87.20959],
						"0.0417": [14.5768, 6.31446, 95.5591],
						"0.125": [1.22333, 19.99356, 42.89738],
						"0.1667": [-2.41446, 19.8893, 32.25835],
						"0.25": [14.99641, 12.74385, 87.20959],
						"0.2917": [14.5768, 6.31446, 95.5591],
						"0.375": [1.22333, 19.99356, 42.89738],
						"0.4167": [-2.41446, 19.8893, 32.25835],
						"0.5": [14.99641, 12.74385, 87.20959],
						"0.5417": [14.5768, 6.31446, 95.5591],
						"0.625": [1.22333, 19.99356, 42.89738],
						"0.6667": [-2.41446, 19.8893, 32.25835],
						"0.75": [14.99641, 12.74385, 87.20959],
						"0.7917": [14.5768, 6.31446, 95.5591],
						"0.875": [1.22333, 19.99356, 42.89738],
						"0.9167": [-2.41446, 19.8893, 32.25835],
						"1.0": [14.99641, 12.74385, 87.20959]
					},
					"position": {
						"0.0": [0.16, 0, -0.2],
						"0.0417": [0.16, -0.6, -0.2],
						"0.125": [0.16, 0.8, -0.2],
						"0.1667": [0.16, 1.1, -0.2],
						"0.25": [0.16, 0, -0.2],
						"0.2917": [0.16, -0.6, -0.2],
						"0.375": [0.16, 0.8, -0.2],
						"0.4167": [0.16, 1.1, -0.2],
						"0.5": [0.16, 0, -0.2],
						"0.5417": [0.16, -0.6, -0.2],
						"0.625": [0.16, 0.8, -0.2],
						"0.6667": [0.16, 1.1, -0.2],
						"0.75": [0.16, 0, -0.2],
						"0.7917": [0.16, -0.6, -0.2],
						"0.875": [0.16, 0.8, -0.2],
						"0.9167": [0.16, 1.1, -0.2],
						"1.0": [0.16, 0, -0.2]
					}
				},
				"wing_left": {
					"rotation": {
						"0.0": [14.99641, -12.7439, -87.2096],
						"0.0417": [18.57676, -6.3145, -95.5591],
						"0.125": [1.22333, -19.9936, -42.8974],
						"0.1667": [-2.41446, -19.8893, -32.2583],
						"0.25": [14.99641, -12.7439, -87.2096],
						"0.2917": [18.57676, -6.3145, -95.5591],
						"0.375": [1.22333, -19.9936, -42.8974],
						"0.4167": [-2.41446, -19.8893, -32.2583],
						"0.5": [14.99641, -12.7439, -87.2096],
						"0.5417": [18.57676, -6.3145, -95.5591],
						"0.625": [1.22333, -19.9936, -42.8974],
						"0.6667": [-2.41446, -19.8893, -32.2583],
						"0.75": [14.99641, -12.7439, -87.2096],
						"0.7917": [18.57676, -6.3145, -95.5591],
						"0.875": [1.22333, -19.9936, -42.8974],
						"0.9167": [-2.41446, -19.8893, -32.2583],
						"1.0": [14.99641, -12.7439, -87.2096]
					},
					"position": {
						"0.0": [-0.16, 0, -0.2],
						"0.0417": [-0.16, -0.6, -0.2],
						"0.125": [-0.16, 0.8, -0.2],
						"0.1667": [-0.16, 1.1, -0.2],
						"0.25": [-0.16, 0, -0.2],
						"0.2917": [-0.16, -0.6, -0.2],
						"0.375": [-0.16, 0.8, -0.2],
						"0.4167": [-0.16, 1.1, -0.2],
						"0.5": [-0.16, 0, -0.2],
						"0.5417": [-0.16, -0.6, -0.2],
						"0.625": [-0.16, 0.8, -0.2],
						"0.6667": [-0.16, 1.1, -0.2],
						"0.75": [-0.16, 0, -0.2],
						"0.7917": [-0.16, -0.6, -0.2],
						"0.875": [-0.16, 0.8, -0.2],
						"0.9167": [-0.16, 1.1, -0.2],
						"1.0": [-0.16, 0, -0.2]
					}
				},
				"head": {
					"rotation": {
						"0.0": [-17, 0, -3],
						"0.5": [-11, 0, 3],
						"1.0": [-17, 0, -3]
					},
					"position": {
						"0.0": [0, 0, 0],
						"0.5": [0, 0, 0],
						"1.0": [0, 0, 0]
					}
				},
				"feather": {
					"rotation": {
						"0.0": [0, 0, -4.5],
						"0.4583": [0, 0, 4.5],
						"1.0": [0, 0, -4.5]
					}
				},
				"body1": {
					"rotation": {
						"0.0": [13, 5, 0],
						"0.5": [13, -5, 0],
						"1.0": [13, 5, 0]
					},
					"position": {
						"0.0": [0, 0, -0.3],
						"0.5": [0, 0.4, -0.3],
						"1.0": [0, 0, -0.3]
					}
				},
				"tail": {
					"rotation": {
						"0.0": [23, 4, -4],
						"0.2083": [13.9, 0, 0],
						"0.5417": [36, -4, 4],
						"0.7083": [40.27, 0, 0],
						"1.0": [23, 4, -4]
					},
					"position": {
						"0.0": [0, -1.7, 0.6],
						"0.5417": [0, -1.7, 0.6],
						"1.0": [0, -1.7, 0.6]
					}
				},
				"leg0": {
					"rotation": {
						"0.0": [44.02469, -5.9835, -0.3152],
						"0.1667": [53.02469, -5.9835, -0.3152],
						"0.5": [-24.38828, -4.8175, -1.9085],
						"0.6667": [-32.38828, -4.8175, -1.9085],
						"1.0": [44.02469, -5.9835, -0.3152]
					},
					"position": {
						"0.0": [0, 0.7, 0.6],
						"0.1667": [0, 0.7, 0.4],
						"0.5": [0, 0.42, 0.5],
						"0.6667": [0, 0.52, 0.8],
						"1.0": [0, 0.7, 0.6]
					}
				},
				"leg1": {
					"rotation": {
						"0.0": [-24.38828, 4.81745, 1.9085],
						"0.1667": [-32.38828, 4.81745, 1.9085],
						"0.5": [44.02469, 5.9835, 0.3152],
						"0.6667": [53.02469, 5.9835, 0.3152],
						"1.0": [-24.38828, 4.81745, 1.9085]
					},
					"position": {
						"0.0": [0, 0.42, 0.5],
						"0.1667": [0, 0.52, 0.8],
						"0.5": [0, 0.7, 0.6],
						"0.6667": [0, 0.7, 0.4],
						"1.0": [0, 0.42, 0.5]
					}
				}
			}
		},
		"animation.parrot.looking": {
			"loop": "hold_on_last_frame",
			"bones": {
				"upper_body": {
					"rotation": [
						"math.clamp(query.target_x_rotation, -5, 27)*0.298",
						"math.clamp(query.target_y_rotation, -25, 25)*0.298",
						"math.clamp(query.target_y_rotation, -15, 15)*-0.344"
					]
				},
				"head": {
					"rotation": [
						"math.clamp(query.target_x_rotation, -21, 42)",
						"math.clamp(query.target_y_rotation, -40, 40)",
						"math.clamp(query.target_y_rotation, -45, 45)*0.22"
					],
					"position": ["math.clamp(query.target_y_rotation, -10, 10) *0.025", 0, 0]
				},
				"feather": {
					"rotation": [0, 0, "math.clamp(-variable.eye_target_x, -60, 60)*-0.365"]
				},
				"body1": {
					"rotation": [0, "math.clamp(query.target_y_rotation, -25, 25)*-0.298", 0]
				},
				"leg0": {
					"rotation": [0, "math.clamp(query.target_y_rotation, -35, 15)*0.398", "math.clamp(query.target_y_rotation, -25, 5)*0.174"],
					"position": ["math.clamp(query.target_y_rotation, -12, 5)*-0.015", 0, "math.clamp(query.target_y_rotation, -45, 15)*0.018"]
				},
				"leg1": {
					"rotation": [0, "math.clamp(query.target_y_rotation, -15, 35)*0.398", "math.clamp(query.target_y_rotation, -5, 25)*0.174"],
					"position": ["math.clamp(query.target_y_rotation, -5, 12)*-0.015", 0, "math.clamp(query.target_y_rotation, -15, 35)*-0.018"]
				},
				"beak2": {
					"rotation": [0, 0, "math.clamp(-variable.eye_target_x, -60, 60)*0.195"]
				}
			}
		},
		"animation.parrot.dancing": {
			"loop": true,
			"animation_length": 0.66667,
			"bones": {
				"upper_body": {
					"rotation": {
						"0.0": [37.71605, 7.37874, -12.7161],
						"0.0833": [31.94269, 11.0193, -19.5484],
						"0.1667": [21.3294, 1.8203, -3.41615],
						"0.3333": [37.71605, -7.3787, 12.7161],
						"0.4167": [31.9427, -11.0193, 19.5484],
						"0.5417": [21.3294, -1.8203, 3.4161],
						"0.6667": [37.71605, 7.37874, -12.7161]
					},
					"position": {
						"0.0": [0, -0.1, 0.5],
						"0.0833": [0.7, -0.1, 0.5],
						"0.2083": [0.35, 0.2, 0.5],
						"0.3333": [0, -0.1, 0.5],
						"0.4167": [-0.7, -0.1, 0.5],
						"0.5833": [-0.23, 0.2, 0.5],
						"0.6667": [0, -0.1, 0.5]
					}
				},
				"head": {
					"rotation": {
						"0.0": [-16.52295, -4.056, -6.4108],
						"0.125": [-15.029, -5.739, -19.1913],
						"0.2083": [-2.32779, -3.78, -14.07088],
						"0.3333": [-16.52295, 4.05598, 6.4108],
						"0.4583": [-15.10659, 7.88934, 26.95226],
						"0.5417": [-2.32779, 3.78, 14.0709],
						"0.6667": [-16.52295, -4.056, -6.4108]
					},
					"position": {
						"0.0": [0, 0, 0],
						"0.3333": [0, 0, 0],
						"0.6667": [0, 0, 0]
					}
				},
				"feather": {
					"rotation": {
						"0.0": [0, 0, -35.5],
						"0.125": [0, 0, -45.5],
						"0.2917": [0, 0, 35.5],
						"0.4167": [0, 0, 45.5],
						"0.6667": [0, 0, -35.5]
					}
				},
				"body1": {
					"rotation": [7, 0, 0],
					"position": [0, 0, -0.3],
					"scale": 1
				},
				"leg0": {
					"rotation": {
						"0.0": [7.98049, -2.88666, -25.2014],
						"0.375": [6.61553, -5.3224, -6.30783],
						"0.6667": [7.98049, -2.88666, -25.2014]
					},
					"position": {
						"0.0": [-0.4, 0.6, 0.1],
						"0.375": [0, 0.4, 0.1],
						"0.6667": [-0.4, 0.6, 0.1]
					}
				},
				"leg1": {
					"rotation": {
						"0.0": [2.93792, 12.82502, 4.20736],
						"0.375": [5.9909, 11.72945, 18.49303],
						"0.6667": [2.93792, 12.82502, 4.20736]
					},
					"position": {
						"0.0": [-0.2, 0.32, 0.1],
						"0.375": [0.2, 0.22, 0.1],
						"0.6667": [-0.2, 0.32, 0.1]
					}
				},
				"Root": {
					"position": [0, 0.2, 0]
				},
				"tail": {
					"rotation": {
						"0.0": [43, 0, 0],
						"0.2083": [18.67, 0, 0],
						"0.3333": [43, 0, 0],
						"0.5417": [18.67, 0, 0],
						"0.6667": [43, 0, 0]
					},
					"position": {
						"0.0": [0, -1.7, -0.2],
						"0.2083": [0, -1.7, -0.1],
						"0.3333": [0, -1.7, -0.2],
						"0.5417": [0, -1.7, -0.1],
						"0.6667": [0, -1.7, -0.2]
					}
				},
				"wing_right": {
					"rotation": {
						"0.0": [25.33103, -4.44477, 6.14269],
						"0.1667": [19.1769, -5.2981, 7.95808],
						"0.3333": [25.33103, -4.44477, 6.14269],
						"0.5": [33.69097, 0.30467, -3.7885],
						"0.6667": [25.33103, -4.44477, 6.14269]
					},
					"position": {
						"0.0": [-0.14, 0, -0.4],
						"0.1667": [-0.14, -0.5, -0.4],
						"0.3333": [-0.14, 0, -0.4],
						"0.5": [-0.14, -0.5, -0.4],
						"0.6667": [-0.14, 0, -0.4]
					}
				},
				"wing_left": {
					"rotation": {
						"0.0": [25.33103, 4.4448, -6.1427],
						"0.1667": [19.1769, -0.3047, 3.7885],
						"0.3333": [25.33103, 4.4448, -6.1427],
						"0.5": [33.691, 4.87205, -7.04979],
						"0.6667": [25.33103, 4.4448, -6.1427]
					},
					"position": {
						"0.0": [0.14, 0, -0.4],
						"0.1667": [0.14, -0.5, -0.4],
						"0.3333": [0.14, 0, -0.4],
						"0.5": [0.14, -0.5, -0.4],
						"0.6667": [0.14, 0, -0.4]
					}
				}
			}
		},
		"animation.parrot.hurt": {
			"animation_length": 0.375,
			"bones": {
				"upper_body": {
					"rotation": {
						"0.0": [0, 0, 0],
						"0.125": [35, 0, 0],
						"0.25": [12, 0, 0],
						"0.375": [0, 0, 0]
					},
					"position": {
						"0.0": [0, 0, 0],
						"0.125": [0, -0.4, 0],
						"0.25": [0, 0.3, 0],
						"0.375": [0, 0, 0]
					}
				},
				"head": {
					"rotation": {
						"0.0": [0, 0, 0],
						"0.0833": [-36, 0, 0],
						"0.2083": [21, 0, 0],
						"0.375": [0, 0, 0]
					}
				},
				"feather": {
					"rotation": {
						"0.0": [0, 0, 0],
						"0.125": [-32, 0, 0],
						"0.25": [20, 0, 0],
						"0.375": [0, 0, 0]
					}
				},
				"wing_right": {
					"rotation": {
						"0.0": [0, 0, 0],
						"0.0417": [2, 0, -5],
						"0.1667": [-3.90595, -8.60214, 29.24903],
						"0.3333": [0, 0, 0]
					},
					"position": {
						"0.0": [0, 0, 0],
						"0.0417": [0, 0.5, 0],
						"0.1667": [0, 0.2, 0],
						"0.3333": [0, 0, 0]
					}
				},
				"wing_left": {
					"rotation": {
						"0.0": [0, 0, 0],
						"0.0417": [2, 0, 5],
						"0.1667": [-3.90595, 8.6021, -29.249],
						"0.3333": [0, 0, 0]
					},
					"position": {
						"0.0": [0, 0, 0],
						"0.0417": [0, 0.5, 0],
						"0.1667": [0, 0.2, 0],
						"0.3333": [0, 0, 0]
					}
				},
				"beak2": {
					"rotation": {
						"0.0": [0, 0, 0],
						"0.0417": [10, 0, 0],
						"0.2083": [-33, 0, 0],
						"0.3333": [0, 0, 0]
					}
				},
				"beak3": {
					"rotation": {
						"0.0": [0, 0, 0],
						"0.0833": [24, 0, 0],
						"0.1667": [34, 0, 0],
						"0.2917": [0, 0, 0]
					},
					"position": {
						"0.0": [0, 0, 0],
						"0.0833": [0, -0.2, 0],
						"0.1667": [0, -0.2, -0.1],
						"0.2917": [0, 0, 0]
					}
				}
			}
		}
	}
}