{
	"format_version": "1.8.0",
	"animations": {
		"animation.pillager.base": {
			"loop": true,
			"animation_length": 3,
			"bones": {
				"upper_body": {
					"rotation": {
						"0.0": [0, 0.38123, -0.2802],
						"1.5": [2, 0.38123, -0.5802],
						"3.0": [0, 0.38123, -0.2802]
					},
					"position": {
						"0.0": [0, 0, 1.5],
						"1.5": [0, 0.9, 1.4],
						"3.0": [0, 0, 1.5]
					}
				},
				"head": {
					"rotation": {
						"0.0": [0, 0, 0],
						"0.5": [2, 0, 0],
						"1.5": [0, 0, 0],
						"2.0833": [-2, 0, 0],
						"3.0": [0, 0, 0]
					},
					"position": {
						"0.0": [0, -0.2, 0],
						"0.5": [0, -0.4, 0],
						"1.5": [0, -0.2, 0],
						"2.0833": [0, 0, 0],
						"3.0": [0, -0.2, 0]
					}
				},
				"nose": {
					"position": {
						"0.0": [0, 0, 0],
						"1.5": [0, 0.1, 0],
						"3.0": [0, 0, 0]
					}
				},
				"rightarm": {
					"rotation": {
						"0.0": [-24.69706, -32.62983, -29.82756],
						"1.5": [-24.10934, -33.043, -31.9114],
						"3.0": [-24.69706, -32.62983, -29.82756]
					},
					"position": {
						"0.0": [0.7, -0.3, -1.9],
						"0.5417": [0.7, -0.8, -1.9],
						"1.5": [0.7, -0.35, -1.9],
						"2.0417": [0.7, 0, -1.9],
						"3.0": [0.7, -0.3, -1.9]
					}
				},
				"leftarm": {
					"rotation": {
						"0.0": [-30.18203, -0.1267, 2.32058],
						"1.5": [-29.17633, -0.62942, 0.7561],
						"3.0": [-30.18203, -0.1267, 2.32058]
					},
					"position": {
						"0.0": [-0.4, -1.3, -0.8],
						"0.5417": [-0.4, -1.8, -0.8],
						"1.5": [-0.4, -1.35, -0.8],
						"1.9583": [-0.4, -0.8, -0.8],
						"3.0": [-0.4, -1.3, -0.8]
					}
				},
				"leftLeg": {
					"rotation": {
						"0.0": [5.30058, -14.76064, -5.00727],
						"1.5": [6.30058, -14.76064, -5.00727],
						"3.0": [5.30058, -14.76064, -5.00727]
					},
					"position": {
						"0.0": [-0.1, -0.2, 2.9],
						"1.5": [-0.1, -0.2, 2.7],
						"3.0": [-0.1, -0.2, 2.9]
					}
				},
				"rightLeg": {
					"rotation": {
						"0.0": [-8.26096, -3.99645, 3.83083],
						"1.5": [-7.26096, -3.99645, 3.83083],
						"3.0": [-8.26096, -3.99645, 3.83083]
					},
					"position": {
						"0.0": [-0.4, 0, 0],
						"1.5": [-0.4, 0, -0.2],
						"3.0": [-0.4, 0, 0]
					}
				},
				"body": {
					"rotation": [0, -11, 0]
				},
				"body1": {
					"scale": {
						"0.0": [1, 1, 1],
						"1.5": [1, 1, 1.03],
						"3.0": [1, 1, 1]
					}
				}
			}
		},
		"animation.pillager.base_face": {
			"loop": true,
			"animation_length": 10,
			"bones": {
				"eyebrown_right": {
					"rotation": [0, 0, "0.7+math.clamp(-variable.eye_target_x, -45, 0)*-0.003+math.clamp(-variable.eye_target_x, 0, 45)*0.043"],
					"position": [
						0,
						"-0.04+math.clamp(-variable.eye_target_x, -35, 0)*0.0057+math.clamp(variable.eye_target_y, -55, 0)*-0.0081+math.clamp(variable.eye_target_y, 0, 90)*-0.0065+math.clamp(-variable.eye_target_x, 0, 55)*0.0057",
						0
					]
				},
				"eyebrown_left": {
					"rotation": [0, 0, "-0.7+math.clamp(-variable.eye_target_x, 0, 45)*-0.003+math.clamp(-variable.eye_target_x, -45, 0)*0.043"],
					"position": [
						0,
						"-0.04+math.clamp(-variable.eye_target_x, -35, 0)*-0.0057+math.clamp(variable.eye_target_y, -55, 0)*-0.0081+math.clamp(variable.eye_target_y, 0, 90)*-0.0065+math.clamp(-variable.eye_target_x, 0, 55)*-0.0057",
						0
					]
				},
				"right": {
					"scale": [1, 1.32, 1]
				},
				"eye_layer_x": {
					"scale": [1, 1.4, 1]
				},
				"top": {
					"position": [0, 0.3, 0]
				},
				"eyelid_layer": {
					"position": [0, 0.3, 0]
				},
				"left": {
					"scale": [1, 1.32, 1]
				},
				"eye_layer_x2": {
					"scale": [1, 1.41, 1]
				},
				"top2": {
					"position": [0, 0.3, 0]
				},
				"eyelid_layer2": {
					"position": [0, 0.3, 0]
				},
				"eyelid_left": {
					"position": {
						"1.0": [
							0,
							"math.clamp(-variable.eye_target_x, 0, 35)*0.0095+math.clamp(variable.eye_target_y, 0, 90)*-0.0065+math.clamp(variable.eye_target_y, -140, 0)*-0.021",
							0
						],
						"1.125": [0, -1, 0],
						"1.2917": [
							0,
							"math.clamp(-variable.eye_target_x, 0, 35)*0.0095+math.clamp(variable.eye_target_y, 0, 90)*-0.0065+math.clamp(variable.eye_target_y, -140, 0)*-0.021",
							0
						],
						"6.5": [
							0,
							"math.clamp(-variable.eye_target_x, 0, 35)*0.0095+math.clamp(variable.eye_target_y, 0, 90)*-0.0065+math.clamp(variable.eye_target_y, -140, 0)*-0.021",
							0
						],
						"6.625": [0, -1, 0],
						"6.7917": [
							0,
							"math.clamp(-variable.eye_target_x, 0, 35)*0.0095+math.clamp(variable.eye_target_y, 0, 90)*-0.0065+math.clamp(variable.eye_target_y, -140, 0)*-0.021",
							0
						]
					},
					"scale": {
						"1.0": [1, 1.83, 1],
						"1.125": [1, 1.83, 1],
						"1.2917": [1, 1.83, 1],
						"6.5": [1, 1.83, 1],
						"6.625": [1, 1.83, 1],
						"6.7917": [1, 1.83, 1]
					}
				},
				"eyelid_right": {
					"position": {
						"1.0": [
							0,
							"math.clamp(-variable.eye_target_x, -35, 0)*-0.0095+math.clamp(variable.eye_target_y, 0, 90)*-0.0065+math.clamp(variable.eye_target_y, -140, 0)*-0.021",
							0
						],
						"1.125": [0, -1, 0],
						"1.2917": [
							0,
							"math.clamp(-variable.eye_target_x, -35, 0)*-0.0095+math.clamp(variable.eye_target_y, 0, 90)*-0.0065+math.clamp(variable.eye_target_y, -140, 0)*-0.021",
							0
						],
						"6.5": [
							0,
							"math.clamp(-variable.eye_target_x, -35, 0)*-0.0095+math.clamp(variable.eye_target_y, 0, 90)*-0.0065+math.clamp(variable.eye_target_y, -140, 0)*-0.021",
							0
						],
						"6.625": [0, -1, 0],
						"6.7917": [
							0,
							"math.clamp(-variable.eye_target_x, -35, 0)*-0.0095+math.clamp(variable.eye_target_y, 0, 90)*-0.0065+math.clamp(variable.eye_target_y, -140, 0)*-0.021",
							0
						]
					},
					"scale": {
						"1.0": [1, 1.83, 1],
						"1.125": [1, 1.83, 1],
						"1.2917": [1, 1.83, 1],
						"6.5": [1, 1.83, 1],
						"6.625": [1, 1.83, 1],
						"6.7917": [1, 1.83, 1]
					}
				}
			}
		},
		"animation.pillager.base_face2": {
			"loop": true,
			"animation_length": 10,
			"bones": {
				"eyebrown_right": {
					"rotation": [0, 0, "0.7+math.clamp(-variable.eye_target_x, 0, 45)*0.083+math.clamp(-variable.eye_target_x, -45, 0)*-0.083"],
					"position": [
						0,
						"-0.04+math.clamp(-variable.eye_target_x, -35, 0)*-0.0057+math.clamp(variable.eye_target_y, -55, 0)*-0.0081+math.clamp(variable.eye_target_y, 0, 90)*-0.0065+math.clamp(-variable.eye_target_x, 0, 55)*0.0057",
						0
					]
				},
				"eyebrown_left": {
					"rotation": [0, 0, "-0.7+math.clamp(-variable.eye_target_x, 0, 45)*-0.083+math.clamp(-variable.eye_target_x, -45, 0)*0.083"],
					"position": [
						0,
						"-0.04+math.clamp(-variable.eye_target_x, -35, 0)*-0.0057+math.clamp(variable.eye_target_y, -55, 0)*-0.0081+math.clamp(variable.eye_target_y, 0, 90)*-0.0065+math.clamp(-variable.eye_target_x, 0, 55)*0.0057",
						0
					]
				},
				"right": {
					"scale": [1, 1.32, 1]
				},
				"eye_layer_x": {
					"scale": [1, 1.4, 1]
				},
				"top": {
					"position": [0, 0.3, 0]
				},
				"eyelid_layer": {
					"position": [0, 0.3, 0]
				},
				"left": {
					"scale": [1, 1.32, 1]
				},
				"eye_layer_x2": {
					"scale": [1, 1.41, 1]
				},
				"top2": {
					"position": [0, 0.3, 0]
				},
				"eyelid_layer2": {
					"position": [0, 0.3, 0]
				},
				"eyelid_left": {
					"position": {
						"1.0": [0, "math.clamp(variable.eye_target_y, 0, 90)*-0.0065+math.clamp(variable.eye_target_y, -140, 0)*-0.021", 0],
						"1.125": [0, -1, 0],
						"1.2917": [0, "math.clamp(variable.eye_target_y, 0, 90)*-0.0065+math.clamp(variable.eye_target_y, -140, 0)*-0.021", 0],
						"6.5": [0, "math.clamp(variable.eye_target_y, 0, 90)*-0.0065+math.clamp(variable.eye_target_y, -140, 0)*-0.021", 0],
						"6.625": [0, -1, 0],
						"6.7917": [0, "math.clamp(variable.eye_target_y, 0, 90)*-0.0065+math.clamp(variable.eye_target_y, -140, 0)*-0.021", 0]
					},
					"scale": {
						"1.0": [1, 1.83, 1],
						"1.125": [1, 1.83, 1],
						"1.2917": [1, 1.83, 1],
						"6.5": [1, 1.83, 1],
						"6.625": [1, 1.83, 1],
						"6.7917": [1, 1.83, 1]
					}
				},
				"eyelid_right": {
					"position": {
						"1.0": [0, "math.clamp(variable.eye_target_y, 0, 90)*-0.0065+math.clamp(variable.eye_target_y, -140, 0)*-0.021", 0],
						"1.125": [0, -1, 0],
						"1.2917": [0, "math.clamp(variable.eye_target_y, 0, 90)*-0.0065+math.clamp(variable.eye_target_y, -140, 0)*-0.021", 0],
						"6.5": [0, "math.clamp(variable.eye_target_y, 0, 90)*-0.0065+math.clamp(variable.eye_target_y, -140, 0)*-0.021", 0],
						"6.625": [0, -1, 0],
						"6.7917": [0, "math.clamp(variable.eye_target_y, 0, 90)*-0.0065+math.clamp(variable.eye_target_y, -140, 0)*-0.021", 0]
					},
					"scale": {
						"1.0": [1, 1.83, 1],
						"1.125": [1, 1.83, 1],
						"1.2917": [1, 1.83, 1],
						"6.5": [1, 1.83, 1],
						"6.625": [1, 1.83, 1],
						"6.7917": [1, 1.83, 1]
					}
				}
			}
		},
		"animation.pillager.has_target_face": {
			"loop": true,
			"animation_length": 10,
			"bones": {
				"eyebrown_right": {
					"rotation": [0, 0, 4.3],
					"position": [
						0,
						"-0.4+math.clamp(-variable.eye_target_x, -35, 0)*0.0057+math.clamp(variable.eye_target_y, -55, 0)*-0.0088+math.clamp(variable.eye_target_y, 0, 35)*-0.0065+math.clamp(-variable.eye_target_x, 0, 55)*0.0057",
						0
					]
				},
				"eyebrown_left": {
					"rotation": [0, 0, -4.3],
					"position": [
						0,
						"-0.7+math.clamp(variable.eye_target_y, -55, 0)*-0.0088+math.clamp(variable.eye_target_y, 0, 35)*-0.0055+math.clamp(-variable.eye_target_x, -35, 0)*-0.0027",
						0
					]
				},
				"right": {
					"scale": [1, 1.55, 1]
				},
				"eye_layer_x": {
					"scale": [1, 1.55, 1]
				},
				"top": {
					"position": [0, 0.5, 0]
				},
				"eyelid_layer": {
					"position": [0, 0.5, 0]
				},
				"left": {
					"scale": [1, 1.55, 1]
				},
				"eye_layer_x2": {
					"scale": [1, 1.55, 1]
				},
				"top2": {
					"position": [0, 0.5, 0]
				},
				"eyelid_layer2": {
					"position": [0, 0.5, 0]
				},
				"eyelid_left": {
					"position": {
						"1.0": [0, "math.clamp(variable.eye_target_y, 0, 130)*-0.0079+math.clamp(variable.eye_target_y, -140, 0)*-0.021", 0],
						"1.125": [0, -1, 0],
						"1.2917": [0, "math.clamp(variable.eye_target_y, 0, 130)*-0.0079+math.clamp(variable.eye_target_y, -140, 0)*-0.021", 0],
						"6.5": [0, "math.clamp(variable.eye_target_y, 0, 130)*-0.0079+math.clamp(variable.eye_target_y, -140, 0)*-0.021", 0],
						"6.625": [0, -1, 0],
						"6.7917": [0, "math.clamp(variable.eye_target_y, 0, 130)*-0.0079+math.clamp(variable.eye_target_y, -140, 0)*-0.021", 0]
					},
					"scale": {
						"1.0": [1, 1.83, 1],
						"1.125": [1, 1.83, 1],
						"1.2917": [1, 1.83, 1],
						"6.5": [1, 1.83, 1],
						"6.625": [1, 1.83, 1],
						"6.7917": [1, 1.83, 1]
					}
				},
				"eyelid_right": {
					"position": {
						"1.0": [
							0,
							"math.clamp(-variable.eye_target_x, -35, 0)*-0.0095+math.clamp(variable.eye_target_y, 0, 130)*-0.0079+math.clamp(variable.eye_target_y, -140, 0)*-0.021",
							0
						],
						"1.125": [0, -1, 0],
						"1.2917": [
							0,
							"math.clamp(-variable.eye_target_x, -35, 0)*-0.0095+math.clamp(variable.eye_target_y, 0, 130)*-0.0079+math.clamp(variable.eye_target_y, -140, 0)*-0.021",
							0
						],
						"6.5": [
							0,
							"math.clamp(-variable.eye_target_x, -35, 0)*-0.0095+math.clamp(variable.eye_target_y, 0, 130)*-0.0079+math.clamp(variable.eye_target_y, -140, 0)*-0.021",
							0
						],
						"6.625": [0, -1, 0],
						"6.7917": [
							0,
							"math.clamp(-variable.eye_target_x, -35, 0)*-0.0095+math.clamp(variable.eye_target_y, 0, 130)*-0.0079+math.clamp(variable.eye_target_y, -140, 0)*-0.021",
							0
						]
					},
					"scale": {
						"1.0": [1, 1.83, 1],
						"1.125": [1, 1.83, 1],
						"1.2917": [1, 1.83, 1],
						"6.5": [1, 1.83, 1],
						"6.625": [1, 1.83, 1],
						"6.7917": [1, 1.83, 1]
					}
				}
			}
		},
		"animation.pillager.walking": {
			"loop": true,
			"animation_length": 2,
			"anim_time_update": "query.modified_distance_moved * 0.18",
			"bones": {
				"upper_body": {
					"rotation": {
						"0.0": [6.9935, 0.38154, -0.8633],
						"0.5417": [4.4981, -0.22494, -0.0633],
						"1.0": [6.9935, -0.3815, 0.8633],
						"1.5417": [4.4981, -0.22494, 0.0633],
						"2.0": [6.9935, 0.38154, -0.8633]
					},
					"position": {
						"0.0": [0, -0.1, 0.4],
						"0.2083": [0, -0.3, -0.1],
						"0.5417": [0, 0.5, -0.6],
						"1.0": [0, -0.1, 0.4],
						"1.2083": [0, -0.3, -0.1],
						"1.5417": [0, 0.5, -0.6],
						"2.0": [0, -0.1, 0.4]
					}
				},
				"head": {
					"rotation": {
						"0.0": [0, 0, 0],
						"0.25": [2, 0, 0],
						"0.6667": [-2, 0, 0],
						"1.0": [0, 0, 0],
						"1.2083": [2, 0, 0],
						"1.6667": [-2, 0, 0],
						"2.0": [0, 0, 0]
					}
				},
				"rightarm": {
					"rotation": {
						"0.0": [-96.0343, -13.8171, 0.31182],
						"0.4167": [-88.0343, -13.8171, 0.31182],
						"0.5833": [-86.0343, -13.8171, 0.31182],
						"1.0": [-96.0343, -13.8171, 0.31182],
						"1.4167": [-88.0343, -13.8171, 0.31182],
						"1.5833": [-86.0343, -13.8171, 0.31182],
						"2.0": [-96.0343, -13.8171, 0.31182]
					},
					"position": {
						"0.0": [-0.2, 0.7, -1.3],
						"1.0": [-0.2, 0.7, -1.3],
						"2.0": [-0.2, 0.7, -1.3]
					}
				},
				"leftarm": {
					"rotation": {
						"0.0": [-98.7955, 38.6727, -2.40694],
						"0.4167": [-90.7955, 38.6727, -2.40694],
						"0.5833": [-88.7955, 38.6727, -2.40694],
						"1.0": [-98.7955, 38.6727, -2.40694],
						"1.4167": [-90.7955, 38.6727, -2.40694],
						"1.5833": [-88.7955, 38.6727, -2.40694],
						"2.0": [-98.7955, 38.6727, -2.40694]
					},
					"position": {
						"0.0": [-0.4, -0.1, -3.7],
						"1.0": [-0.4, -0.1, -3.7],
						"2.0": [-0.4, -0.1, -3.7]
					}
				},
				"leftLeg": {
					"rotation": {
						"0.0": [23, 0, 0],
						"0.375": [40.5, 0, 0],
						"0.625": [20.5, 0, 0],
						"1.0": [-24.052, -6.94756, 0.85729],
						"2.0": [23, 0, 0]
					},
					"position": {
						"0.0": [0.4, 0, 1.4],
						"0.375": [0.4, -0.5, -1.38],
						"0.625": [0.4, 0.98, -3.95],
						"1.0": [0.4, 0, -2.1],
						"2.0": [0.4, 0, 1.4]
					}
				},
				"rightLeg": {
					"rotation": {
						"0.0": [-24.05204, 6.94756, -0.85729],
						"1.0": [23, 0, 0],
						"1.375": [40.5, 0, 0],
						"1.625": [20.5, 0, 0],
						"2.0": [-24.05204, 6.94756, -0.85729]
					},
					"position": {
						"0.0": [-0.4, -0.1, -2.1],
						"1.0": [-0.4, 0, 1.4],
						"1.375": [-0.4, -0.5, -1.38],
						"1.625": [0.4, 0.98, -3.95],
						"2.0": [-0.4, -0.1, -2.1]
					}
				},
				"Root": {
					"position": {
						"0.0": [0, 0, 0],
						"0.375": [0, 0.8, 0],
						"0.7083": [0, -0.4, 0],
						"1.0": [0, 0, 0],
						"1.2917": [0, 0.8, 0],
						"1.7083": [0, -0.4, 0],
						"2.0": [0, 0, 0]
					}
				},
				"nose": {
					"rotation": {
						"0.0": [-1, 0, -2.8],
						"0.25": [-1, 0, -3.1],
						"1.0": [-1, 0, 2.8],
						"1.25": [-1, 0, 3.1],
						"2.0": [-1, 0, -2.8]
					},
					"position": {
						"0.0": [0, 0, 0],
						"0.25": [0, 0, 0],
						"1.0": [0, 0, 0],
						"1.25": [0, 0, 0],
						"2.0": [0, 0, 0]
					}
				},
				"body": {
					"rotation": {
						"0.0": [0, 2, 0],
						"1.0": [0, -2, 0],
						"2.0": [0, 2, 0]
					},
					"position": {
						"0.0": [0, 0, 0],
						"0.5": [0, 0, -0.25],
						"1.0": [0, 0, 0],
						"1.5417": [0, 0, -0.25],
						"2.0": [0, 0, 0]
					}
				}
			}
		},
		"animation.pillager.hold_crossbow": {
			"loop": true,
			"animation_length": 3.66667,
			"bones": {
				"rightarm": {
					"rotation": ["-96.0343 + math.clamp(query.target_x_rotation, -30, 40) -this", "-13.8171 + math.clamp(query.target_y_rotation, -26, 26) -this", 0.31182],
					"position": [-0.2, 1.1, -1.3]
				},
				"rightItem": {
					"rotation": [0, 0, 19],
					"position": [0, 0, 0.4]
				},
				"leftarm": {
					"rotation": ["-98.7955 + math.clamp(query.target_x_rotation, -30, 40) -this", "38.6727 + math.clamp(query.target_y_rotation, -26, 26) -this", -2.40694],
					"position": [-0.4, 0.1, -3.7]
				}
			}
		},
		"animation.pillager.hold_stand": {
			"loop": true,
			"animation_length": 3,
			"bones": {
				"upper_body": {
					"rotation": {
						"0.0": [5.91976, -5.10085, 0.82352],
						"1.5": [5.4198, -5.10085, 0.82352],
						"3.0": [5.91976, -5.10085, 0.82352]
					},
					"position": {
						"0.0": [0, 0, 0],
						"1.5": [0, 0.35, 0],
						"3.0": [0, 0, 0]
					}
				},
				"head": {
					"rotation": {
						"0.0": [3.606, 3.6348, -3.84745],
						"1.5": [6.606, 3.6348, -3.84745],
						"3.0": [3.606, 3.6348, -3.84745]
					},
					"position": {
						"0.0": [0, -0.2, 0],
						"1.5": [0, -0.25, 0],
						"3.0": [0, -0.2, 0]
					}
				},
				"nose": {
					"rotation": [0, 0, 1],
					"position": [0, 0.05, 0]
				},
				"leftLeg": {
					"rotation": [6.33573, -14.37233, -9.12086],
					"position": [0.7, -0.1, 1.4]
				},
				"rightLeg": {
					"rotation": [-9.2953, 9.97539, 4.0615],
					"position": [-0.8, -0.2, -1.3]
				},
				"rightarm": {
					"position": {
						"0.0": [0, -0.2, 0],
						"0.3333": [0, -0.3, 0],
						"1.5": [0, -0.1, 0],
						"1.7917": [0, 0, 0],
						"2.9583": [0, -0.2, 0]
					}
				},
				"leftarm": {
					"position": {
						"0.0": [0, -0.2, 0],
						"0.3333": [0, -0.3, 0],
						"1.5": [0, -0.1, 0],
						"1.7917": [0, 0, 0],
						"3.0": [0, -0.2, 0]
					}
				},
				"body1": {
					"scale": {
						"0.0": [1, 1, 1],
						"1.5": [1, 1, 1.03],
						"3.0": [1, 1, 1]
					}
				}
			}
		},
		"animation.pillager.hold_walk": {
			"loop": true,
			"animation_length": 2,
			"anim_time_update": "query.modified_distance_moved * 0.182",
			"bones": {
				"upper_body": {
					"rotation": {
						"0.0": [14.99346, 0.38154, -1.8633],
						"0.5": [12.4981, -0.22494, -1.8633],
						"1.0": [14.99346, -0.3815, 1.8633],
						"1.5": [12.4981, -0.22494, 1.8633],
						"2.0": [14.99346, 0.38154, -1.8633]
					},
					"position": {
						"0.0": [0, -0.1, 0.4],
						"0.2083": [0, -0.5, -0.1],
						"0.5": [0, 1.2, -0.6],
						"0.7083": [0, 1.4, -0.6],
						"1.0": [0, -0.1, 0.4],
						"1.2083": [0, -0.5, -0.1],
						"1.5": [0, 1.2, -0.6],
						"1.7083": [0, 1.4, -0.27],
						"2.0": [0, -0.1, 0.4]
					}
				},
				"head": {
					"rotation": {
						"0.0": [0.045, -0.8333, -4.24205],
						"0.5": [6.545, -0.8333, -4.24205],
						"1.0": [0.045, -0.8333, -4.24205],
						"1.4583": [6.545, -0.8333, -4.24205],
						"2.0": [0.045, -0.8333, -4.24205]
					},
					"position": {
						"0.0": [0, -0.1, -0.3],
						"0.25": [0, -0.2, -0.5],
						"1.0": [0, -0.1, -0.3],
						"1.25": [0, -0.2, -0.5],
						"2.0": [0, -0.1, -0.3]
					}
				},
				"nose": {
					"rotation": {
						"0.0": [-1, 0, -2.8],
						"0.25": [-1, 0, -3.1],
						"1.0": [-1, 0, 2.8],
						"1.25": [-1, 0, 3.1],
						"2.0": [-1, 0, -2.8]
					},
					"position": {
						"0.0": [0, 0, 0],
						"0.25": [0, 0, 0],
						"1.0": [0, 0, 0],
						"1.25": [0, 0, 0],
						"2.0": [0, 0, 0]
					}
				},
				"leftLeg": {
					"rotation": {
						"0.0": [23, 0, 0],
						"0.375": [40.5, 0, 0],
						"0.625": [20.5, 0, 0],
						"1.0": [-24.052, -6.94756, 0.85729],
						"2.0": [23, 0, 0]
					},
					"position": {
						"0.0": [0.4, 0, 1.4],
						"0.375": [0.4, -0.5, -1.38],
						"0.625": [0.4, 0.98, -3.95],
						"1.0": [0.4, 0, -2.1],
						"2.0": [0.4, 0, 1.4]
					}
				},
				"rightLeg": {
					"rotation": {
						"0.0": [-24.05204, 6.94756, -0.85729],
						"1.0": [23, 0, 0],
						"1.375": [40.5, 0, 0],
						"1.625": [20.5, 0, 0],
						"2.0": [-24.05204, 6.94756, -0.85729]
					},
					"position": {
						"0.0": [-0.4, -0.1, -2.1],
						"1.0": [-0.4, 0, 1.4],
						"1.375": [-0.4, -0.5, -1.38],
						"1.625": [0.4, 0.98, -3.95],
						"2.0": [-0.4, -0.1, -2.1]
					}
				},
				"Root": {
					"position": {
						"0.0": [0, 0, 0],
						"0.375": [0, 0.8, 0],
						"0.7083": [0, -0.4, 0],
						"1.0": [0, 0, 0],
						"1.2917": [0, 0.8, 0],
						"1.7083": [0, -0.4, 0],
						"2.0": [0, 0, 0]
					}
				},
				"body": {
					"rotation": {
						"0.0": [0, 4, 0],
						"1.0": [0, -4, 0],
						"2.0": [0, 4, 0]
					},
					"position": {
						"0.0": [0, 0, 0],
						"0.5": [0, 0, -0.15],
						"1.0": [0, 0, 0],
						"1.5417": [0, 0, -0.15],
						"2.0": [0, 0, 0]
					}
				},
				"rightarm": {
					"position": {
						"0.0": [0, 0, 0],
						"0.3333": [0, -1, 0],
						"1.0": [0, 0, 0],
						"1.375": [0, -1, 0],
						"2.0": [0, 0, 0]
					}
				},
				"leftarm": {
					"position": {
						"0.0": [0, 0, 0],
						"0.375": [0, -1, 0],
						"1.0": [0, 0, 0],
						"1.375": [0, -1, 0],
						"2.0": [0, 0, 0]
					}
				}
			}
		},
		"animation.pillager.charge_crossbow": {
			"loop": "hold_on_last_frame",
			"animation_length": 1.25,
			"bones": {
				"rightarm": {
					"rotation": {
						"0.0": [-28.48741, -33.08431, -15.2041],
						"0.9167": [-27.31506, -34.02033, -17.325]
					},
					"position": {
						"0.0": [0.5, 0.7, -2.1],
						"0.9167": [0.5, 0.4, -2.1]
					}
				},
				"leftarm": {
					"rotation": {
						"0.0": [-42.69033, -7.28122, 20.32309],
						"1.25": [-48.75588, 7.38113, 33.92822]
					},
					"position": {
						"0.0": [-0.1, -1.6, -0.4],
						"1.25": [-0.1, 0, -0.4]
					}
				}
			}
		},
		"animation.pillager.charge_stand": {
			"loop": "hold_on_last_frame",
			"animation_length": 1.25,
			"bones": {
				"upper_body": {
					"rotation": {
						"0.0": [5.91976, -5.10085, 0.82352],
						"1.25": [7.91976, -5.10085, 0.82352]
					},
					"position": {
						"0.0": [0, 0, 0],
						"1.25": [0, -0.1, 0]
					}
				},
				"head": {
					"rotation": {
						"0.0": [11, 0, 0],
						"0.2917": [21.97272, 1.12338, -2.78191],
						"1.0417": [21.97272, 1.12338, -2.78191],
						"1.25": ["3.606+query.target_x_rotation", "3.6348+query.target_y_rotation", -3.84745]
					}
				},
				"nose": {
					"rotation": {
						"0.0": [0, 0, 0],
						"0.3333": [-23, 0, 0],
						"0.4583": [-15, 0, 0],
						"0.6667": [-23, 0, 0],
						"1.0833": [-17, 0, 0],
						"1.25": [0, 0, 0]
					}
				},
				"leftLeg": {
					"rotation": [6.33573, -14.37233, -9.12086],
					"position": [0.7, -0.1, 1.4]
				},
				"rightLeg": {
					"rotation": [-9.2953, 9.97539, 4.0615],
					"position": [-0.8, -0.2, -1.3]
				}
			}
		},
		"animation.pillager.charge_walk": {
			"loop": true,
			"animation_length": 2,
			"anim_time_update": "query.modified_distance_moved * 0.175",
			"bones": {
				"upper_body": {
					"rotation": {
						"0.0": [14.99346, 0.38154, -1.8633],
						"0.5": [12.4981, -0.22494, -1.8633],
						"1.0": [14.99346, -0.3815, 1.8633],
						"1.5": [12.4981, -0.22494, 1.8633],
						"2.0": [14.99346, 0.38154, -1.8633]
					},
					"position": {
						"0.0": [0, -0.1, 0.4],
						"0.2083": [0, -0.5, -0.1],
						"0.5": [0, 1.2, -0.6],
						"0.7083": [0, 1.4, -0.6],
						"1.0": [0, -0.1, 0.4],
						"1.2083": [0, -0.5, -0.1],
						"1.5": [0, 1.2, -0.6],
						"1.7083": [0, 1.4, -0.27],
						"2.0": [0, -0.1, 0.4]
					}
				},
				"head": {
					"position": {
						"0.0": [0, -0.1, -0.3],
						"0.25": [0, -0.2, -0.3],
						"0.625": [0, 0, -0.3],
						"1.0": [0, -0.1, -0.3],
						"1.25": [0, -0.2, -0.3],
						"1.625": [0, 0, -0.3],
						"2.0": [0, -0.1, -0.3]
					}
				},
				"nose": {
					"rotation": {
						"0.0": [-1, 0, -2.8],
						"0.25": [-1, 0, -3.1],
						"1.0": [-1, 0, 2.8],
						"1.25": [-1, 0, 3.1],
						"2.0": [-1, 0, -2.8]
					},
					"position": {
						"0.0": [0, 0, 0],
						"0.25": [0, 0, 0],
						"1.0": [0, 0, 0],
						"1.25": [0, 0, 0],
						"2.0": [0, 0, 0]
					}
				},
				"leftLeg": {
					"rotation": {
						"0.0": [23, 0, 0],
						"0.375": [40.5, 0, 0],
						"0.625": [20.5, 0, 0],
						"1.0": [-24.052, -6.94756, 0.85729],
						"2.0": [23, 0, 0]
					},
					"position": {
						"0.0": [0.4, 0, 1.4],
						"0.375": [0.4, -0.5, -1.38],
						"0.625": [0.4, 0.98, -3.95],
						"1.0": [0.4, 0, -2.1],
						"2.0": [0.4, 0, 1.4]
					}
				},
				"rightLeg": {
					"rotation": {
						"0.0": [-24.05204, 6.94756, -0.85729],
						"1.0": [23, 0, 0],
						"1.375": [40.5, 0, 0],
						"1.625": [20.5, 0, 0],
						"2.0": [-24.05204, 6.94756, -0.85729]
					},
					"position": {
						"0.0": [-0.4, -0.1, -2.1],
						"1.0": [-0.4, 0, 1.4],
						"1.375": [-0.4, -0.5, -1.38],
						"1.625": [0.4, 0.98, -3.95],
						"2.0": [-0.4, -0.1, -2.1]
					}
				},
				"Root": {
					"position": {
						"0.0": [0, 0, 0],
						"0.375": [0, 0.8, 0],
						"0.7083": [0, -0.4, 0],
						"1.0": [0, 0, 0],
						"1.2917": [0, 0.8, 0],
						"1.7083": [0, -0.4, 0],
						"2.0": [0, 0, 0]
					}
				},
				"body": {
					"rotation": {
						"0.0": [0, 4, 0],
						"1.0": [0, -4, 0],
						"2.0": [0, 4, 0]
					},
					"position": {
						"0.0": [0, 0, 0],
						"0.5": [0, 0, -0.25],
						"1.0": [0, 0, 0],
						"1.5417": [0, 0, -0.25],
						"2.0": [0, 0, 0]
					}
				}
			}
		},
		"animation.pillager.swimming": {
			"loop": true,
			"animation_length": 2,
			"bones": {
				"Root": {
					"rotation": [8, 0, 0],
					"position": {
						"0.0": [0, -13, 0],
						"0.5": [0, -12.3, 0],
						"1.0": [0, -13, 0],
						"1.5": [0, -12.3, 0],
						"2.0": [0, -13, 0]
					}
				},
				"upper_body": {
					"rotation": {
						"0.0": [3, 0, 0],
						"0.5": [6, 0, 0],
						"1.0": [3, 0, 0],
						"1.5": [6, 0, 0],
						"2.0": [3, 0, 0]
					},
					"position": {
						"0.0": [0, 0, 0.5],
						"0.5": [0, -0.7, 0.2],
						"1.0": [0, 0, 0.5],
						"1.5": [0, -0.7, 0.2],
						"2.0": [0, 0, 0.5]
					}
				},
				"head": {
					"rotation": {
						"0.0": [-9, 2, -0.4],
						"0.5": [-14.2, 0, 0],
						"1.0": [-9, -2, 0.4],
						"1.5": [-14.2, 0, 0],
						"2.0": [-9, 2, -0.4]
					},
					"position": {
						"0.0": [0, 0, -0.3],
						"1.0": [0, -0.15, -0.1],
						"2.0": [0, 0, -0.3]
					}
				},
				"nose": {
					"position": {
						"0.0": [0, 0, 0],
						"1.0": [0, 0.1, 0],
						"2.0": [0, 0, 0]
					}
				},
				"body": {
					"rotation": {
						"0.0": [0, 5, 0],
						"0.1667": [0, 7, 0],
						"1.0": [0, -5, 0],
						"1.1667": [0, -7, 0],
						"2.0": [0, 5, 0]
					}
				},
				"rightarm": {
					"rotation": {
						"0.0": [-92.67268, -2.22835, 6.71232],
						"0.5": [-91.67268, -2.22835, 6.71232],
						"1.0": [-95.29132, -2.61891, -2.28729],
						"1.5417": [-99.07268, -2.22835, 6.71232],
						"2.0": [-92.67268, -2.22835, 6.71232]
					},
					"position": {
						"0.0": [-0.3, 0, -2.3],
						"0.25": [-0.3, -0.5, -2.3],
						"0.6667": [-0.3, 0.07, -2.3],
						"1.0": [-0.3, 0, -2.3],
						"1.2917": [-0.3, -0.3, -2.3],
						"1.7083": [-0.3, 0.07, -2.3],
						"2.0": [-0.3, 0, -2.3]
					}
				},
				"leftarm": {
					"rotation": {
						"0.0": [-82.1861, 31.6136, -125.0236],
						"0.4583": [-49.26945, 73.335, -68.6365],
						"0.75": [29.31345, 54.5217, -0.0241],
						"1.25": [-14.9593, 22.79047, -76.4305],
						"1.5": [-42.57005, 14.89453, -83.32952],
						"1.6667": [-50.2334, 21.61503, -80.86026],
						"1.7917": [-65.57553, 26.15983, -100.9345],
						"2.0": [-82.1861, 31.6136, -125.0236]
					},
					"position": {
						"0.0": [1.7, -1.1, 0],
						"1.25": [0.9, 0.2, 1],
						"2.0": [1.7, -1.1, 0]
					}
				},
				"leftLeg": {
					"rotation": {
						"0.0": [34, 0, 0],
						"0.125": [38, 0, 0],
						"0.4167": [45, -0.85714, 0.12857],
						"1.0": [-18, -2, 0.3],
						"1.125": [-22, 0, -0.5],
						"1.4167": [-21.33333, 0, -0.4048],
						"2.0": [34, 0, 0]
					},
					"position": {
						"0.0": [0.15, 0, 0.6],
						"0.4167": [0.15, -1.4, -2.45],
						"1.0": [0.15, 0, -2.3],
						"1.4167": [0.15, -0.5, 0.05],
						"2.0": [0.15, 0, 0.6]
					}
				},
				"rightLeg": {
					"rotation": {
						"0.0": [-18, 2, -0.3],
						"0.125": [-22, 0, 0.5],
						"0.4167": [-21.33333, 0, 0.40476],
						"1.0": [34, 0, 0],
						"1.125": [38, 0, 0],
						"1.4167": [45, 0.8571, -0.1286],
						"2.0": [-18, 2, -0.3]
					},
					"position": {
						"0.0": [-0.15, 0, -2.3],
						"0.4167": [-0.15, -0.5, 0.05],
						"1.0": [-0.15, 0, 0.6],
						"1.4167": [-0.15, -1.4, -2.45],
						"2.0": [-0.15, 0, -2.3]
					}
				}
			}
		},
		"animation.pillager.swimming_hold": {
			"loop": true,
			"animation_length": 2,
			"bones": {
				"Root": {
					"rotation": [8, 0, 0],
					"position": {
						"0.0": [0, -13, 0],
						"0.5": [0, -12.3, 0],
						"1.0": [0, -13, 0],
						"1.5": [0, -12.3, 0],
						"2.0": [0, -13, 0]
					}
				},
				"upper_body": {
					"rotation": {
						"0.0": [3, 0, 0],
						"0.5": [6, 0, 0],
						"1.0": [3, 0, 0],
						"1.5": [6, 0, 0],
						"2.0": [3, 0, 0]
					},
					"position": {
						"0.0": [0, 0, 0.5],
						"0.5": [0, -0.7, 0.2],
						"1.0": [0, 0, 0.5],
						"1.5": [0, -0.7, 0.2],
						"2.0": [0, 0, 0.5]
					}
				},
				"head": {
					"rotation": {
						"0.0": [3.606, 3.6348, -3.84745],
						"0.5": [7.606, 3.6348, -3.84745],
						"0.9583": [3.606, 3.6348, -3.84745],
						"1.5": [7.606, 3.6348, -3.84745],
						"2.0": [3.606, 3.6348, -3.84745]
					},
					"position": {
						"0.0": [0, -0.2, -0.4],
						"0.9583": [0, -0.3, 0],
						"2.0": [0, -0.2, -0.4]
					}
				},
				"nose": {
					"rotation": [0, 0, 1],
					"position": {
						"0.0": [0, 0, 0],
						"1.0": [0, 0.1, 0],
						"2.0": [0, 0, 0]
					}
				},
				"body": {
					"rotation": {
						"0.0": [0, 5, 0],
						"0.1667": [0, 7, 0],
						"1.0": [0, -5, 0],
						"1.1667": [0, -7, 0],
						"2.0": [0, 5, 0]
					}
				},
				"rightarm": {
					"rotation": ["-96.0343 + math.clamp(query.target_x_rotation, -30, 40) -this", "-13.8171 + math.clamp(query.target_y_rotation, -26, 26) -this", 0.31182],
					"position": [-0.5, 1.1, -1.3]
				},
				"leftarm": {
					"rotation": ["-98.7955 + math.clamp(query.target_x_rotation, -30, 40) -this", "38.6727 + math.clamp(query.target_y_rotation, -26, 26) -this", -2.40694],
					"position": [-0.4, 0.1, -3.7]
				},
				"leftLeg": {
					"rotation": {
						"0.0": [34, 0, 0],
						"0.125": [38, 0, 0],
						"0.4167": [45, -0.85714, 0.12857],
						"1.0": [-18, -2, 0.3],
						"1.125": [-22, 0, -0.5],
						"1.4167": [-21.33333, 0, -0.4048],
						"2.0": [34, 0, 0]
					},
					"position": {
						"0.0": [0.15, 0, 0.6],
						"0.4167": [0.15, -1.4, -2.45],
						"1.0": [0.15, 0, -2.3],
						"1.4167": [0.15, -0.5, 0.05],
						"2.0": [0.15, 0, 0.6]
					}
				},
				"rightLeg": {
					"rotation": {
						"0.0": [-18, 2, -0.3],
						"0.125": [-22, 0, 0.5],
						"0.4167": [-21.33333, 0, 0.40476],
						"1.0": [34, 0, 0],
						"1.125": [38, 0, 0],
						"1.4167": [45, 0.8571, -0.1286],
						"2.0": [-18, 2, -0.3]
					},
					"position": {
						"0.0": [-0.15, 0, -2.3],
						"0.4167": [-0.15, -0.5, 0.05],
						"1.0": [-0.15, 0, 0.6],
						"1.4167": [-0.15, -1.4, -2.45],
						"2.0": [-0.15, 0, -2.3]
					}
				},
				"rightItem": {
					"rotation": [0, 0, 19]
				}
			}
		},
		"animation.pillager.swimming_charge": {
			"loop": "hold_on_last_frame",
			"animation_length": 2,
			"bones": {
				"Root": {
					"rotation": [8, 0, 0],
					"position": {
						"0.0": [0, -13, 0],
						"0.5": [0, -12.3, 0],
						"1.0": [0, -13, 0],
						"1.5": [0, -12.3, 0],
						"2.0": [0, -13, 0]
					}
				},
				"upper_body": {
					"rotation": {
						"0.0": [3, 0, 0],
						"0.5": [6, 0, 0],
						"1.0": [3, 0, 0],
						"1.5": [6, 0, 0],
						"2.0": [3, 0, 0]
					},
					"position": {
						"0.0": [0, 0, 0.5],
						"0.5": [0, -0.7, 0.2],
						"1.0": [0, 0, 0.5],
						"1.5": [0, -0.7, 0.2],
						"2.0": [0, 0, 0.5]
					}
				},
				"head": {
					"rotation": {
						"0.0": [3.606, 3.6348, -3.84745],
						"0.375": [5.78081, 3.12956, -0.88513],
						"0.7083": [5.78081, 3.12956, -0.88513],
						"1.25": [3.606, 3.6348, -3.84745]
					},
					"position": {
						"0.0": [0, -0.2, -0.4],
						"1.25": [0, -0.2, -0.4]
					}
				},
				"nose": {
					"rotation": [0, 0, "math.clamp(-variable.eye_target_x, -140, 140)*0.175"],
					"position": {
						"0.0": [0, 0, 0],
						"1.0": [0, 0.1, 0],
						"2.0": [0, 0, 0]
					}
				},
				"body": {
					"rotation": {
						"0.0": [0, 5, 0],
						"0.1667": [0, 7, 0],
						"1.0": [0, -5, 0],
						"1.1667": [0, -7, 0],
						"2.0": [0, 5, 0]
					}
				},
				"rightarm": {
					"rotation": {
						"0.0": [-101.0343, -13.8171, 0.31182],
						"0.5833": [-85.9094, -10.8719, -0.27443]
					},
					"position": {
						"0.0": [-0.5, 1.1, -1.3],
						"0.5833": [-0.5, 0.99, -1.6]
					}
				},
				"leftarm": {
					"rotation": {
						"0.0": [-104.7955, 38.6727, -2.40694],
						"1.25": [-104.72195, 73.6374, -18.96762]
					},
					"position": {
						"0.0": [-0.4, 0.1, -3.7],
						"1.25": [0.2, 0.2, -2.9]
					}
				},
				"leftLeg": {
					"rotation": {
						"0.0": [34, 0, 0],
						"0.125": [38, 0, 0],
						"0.4167": [45, -0.85714, 0.12857],
						"1.0": [-18, -2, 0.3],
						"1.125": [-22, 0, -0.5],
						"1.4167": [-21.33333, 0, -0.4048],
						"2.0": [34, 0, 0]
					},
					"position": {
						"0.0": [0.15, 0, 0.6],
						"0.4167": [0.15, -1.4, -2.45],
						"1.0": [0.15, 0, -2.3],
						"1.4167": [0.15, -0.5, 0.05],
						"2.0": [0.15, 0, 0.6]
					}
				},
				"rightLeg": {
					"rotation": {
						"0.0": [-18, 2, -0.3],
						"0.125": [-22, 0, 0.5],
						"0.4167": [-21.33333, 0, 0.40476],
						"1.0": [34, 0, 0],
						"1.125": [38, 0, 0],
						"1.4167": [45, 0.8571, -0.1286],
						"2.0": [-18, 2, -0.3]
					},
					"position": {
						"0.0": [-0.15, 0, -2.3],
						"0.4167": [-0.15, -0.5, 0.05],
						"1.0": [-0.15, 0, 0.6],
						"1.4167": [-0.15, -1.4, -2.45],
						"2.0": [-0.15, 0, -2.3]
					}
				}
			}
		},
		"animation.pillager.riding_base": {
			"loop": true,
			"animation_length": 3,
			"bones": {
				"upper_body": {
					"rotation": {
						"0.0": [5.91976, -5.10085, 0.82352],
						"1.5": [5.4198, -5.10085, 0.82352],
						"3.0": [5.91976, -5.10085, 0.82352]
					},
					"position": {
						"0.0": [0, 0, 0],
						"1.5": [0, 0.35, 0],
						"3.0": [0, 0, 0]
					}
				},
				"head": {
					"rotation": {
						"0.0": [3.606, 3.6348, -3.84745],
						"1.5": [6.606, 3.6348, -3.84745],
						"3.0": [3.606, 3.6348, -3.84745]
					},
					"position": {
						"0.0": [0, -0.2, 0],
						"1.5": [0, -0.25, 0],
						"3.0": [0, -0.2, 0]
					}
				},
				"nose": {
					"rotation": [0, 0, 1],
					"position": [0, 0.05, 0]
				},
				"rightarm": {
					"position": {
						"0.0": [0, -0.2, 0],
						"0.3333": [0, -0.3, 0],
						"1.5": [0, -0.1, 0],
						"1.7917": [0, 0, 0],
						"2.9583": [0, -0.2, 0]
					}
				},
				"leftarm": {
					"position": {
						"0.0": [0, -0.2, 0],
						"0.3333": [0, -0.3, 0],
						"1.5": [0, -0.1, 0],
						"1.7917": [0, 0, 0],
						"3.0": [0, -0.2, 0]
					}
				},
				"leftLeg": {
					"rotation": ["-72.0 - this", "-18.0 - this", "-this"],
					"position": [-0.25, 0, 0]
				},
				"rightLeg": {
					"rotation": ["-72.0 - this", "18.0 - this", "-this"],
					"position": [0.25, 0, 0]
				},
				"body1": {
					"scale": {
						"0.0": [1, 1, 1],
						"1.5": [1, 1, 1.03],
						"3.0": [1, 1, 1]
					}
				}
			}
		},
		"animation.pillager.riding_charge": {
			"loop": "hold_on_last_frame",
			"animation_length": 1.83333,
			"bones": {
				"upper_body": {
					"rotation": {
						"0.0": [5.91976, -5.10085, 0.82352],
						"0.9583": [5.4198, -5.10085, 0.82352],
						"1.8333": [5.91976, -5.10085, 0.82352]
					},
					"position": {
						"0.0": [0, 0, 0],
						"0.9583": [0, 0.3, 0],
						"1.8333": [0, 0, 0]
					}
				},
				"head": {
					"rotation": {
						"0.0": [11, 0, 0],
						"0.2917": [21.97272, 1.12338, -2.78191],
						"1.0417": [21.97272, 1.12338, -2.78191],
						"1.25": [11, 0, 0]
					}
				},
				"nose": {
					"rotation": {
						"0.0": [0, 0, 0],
						"0.3333": [-23, 0, 0],
						"0.4583": [-15, 0, 0],
						"0.6667": [-23, 0, 0],
						"1.0833": [-17, 0, 0],
						"1.25": [0, 0, 0]
					},
					"position": [-0.1, 0.05, 0]
				},
				"rightarm": {
					"rotation": {
						"0.0": [-28.48741, -33.08431, -15.2041],
						"0.9167": [-27.31506, -34.02033, -17.325]
					},
					"position": {
						"0.0": [0.5, 0.7, -2.1],
						"0.9167": [0.5, 0.4, -2.1]
					}
				},
				"leftarm": {
					"rotation": {
						"0.0": [-42.69033, -7.28122, 20.32309],
						"1.25": [-48.75588, 7.38113, 33.92822]
					},
					"position": {
						"0.0": [-0.1, -1.6, -0.4],
						"1.25": [-0.1, 0, -0.4]
					}
				},
				"leftLeg": {
					"rotation": ["-72.0 - this", "-18.0 - this", "-this"],
					"position": [-0.25, 0, 0]
				},
				"rightLeg": {
					"rotation": ["-72.0 - this", "18.0 - this", "-this"],
					"position": [0.25, 0, 0]
				}
			}
		},
		"animation.pillager.death_face": {
			"loop": "hold_on_last_frame",
			"animation_length": 0.16667,
			"bones": {
				"eyebrown_right": {
					"position": {
						"0.0": [0, 0, 0],
						"0.1667": [0, -0.2, 0]
					}
				},
				"eyebrown_left": {
					"position": {
						"0.0": [0, 0, 0],
						"0.1667": [0, -0.2, 0]
					}
				},
				"eyelid_left": {
					"position": {
						"0.0": [0, 0, 0],
						"0.1667": [0, -1, 0]
					}
				},
				"eyelid_right": {
					"position": {
						"0.0": [0, 0, 0],
						"0.1667": [0, -1, 0]
					}
				}
			}
		},
		"animation.pillager.hurt": {
			"animation_length": 0.41667,
			"bones": {
				"eyeball_left": {
					"scale": {
						"0.0": [0.68, 0.68, 1],
						"0.2917": [0.68, 0.68, 1],
						"0.375": [1, 1, 1]
					}
				},
				"eyeball_right": {
					"scale": {
						"0.0": [0.68, 0.68, 1],
						"0.2917": [0.68, 0.68, 1],
						"0.375": [1, 1, 1]
					}
				},
				"eyelid_left": {
					"position": {
						"0.0": [0, 0.7, 0],
						"0.3333": [0, 0.7, 0],
						"0.4167": [0, 0, 0]
					}
				},
				"eyelid_right": {
					"position": {
						"0.0": [0, 0.7, 0],
						"0.3333": [0, 0.7, 0],
						"0.4167": [0, 0, 0]
					}
				},
				"right": {
					"scale": [1, 1.83, 1]
				},
				"eye_layer_x": {
					"scale": [1, 1.85, 1]
				},
				"top": {
					"position": [0, 0.8, 0]
				},
				"eyelid_layer": {
					"position": [0, 0.8, 0]
				},
				"left": {
					"scale": [1, 1.82, 1]
				},
				"eye_layer_x2": {
					"scale": [1, 1.84, 1]
				},
				"top2": {
					"position": [0, 0.8, 0]
				},
				"eyelid_layer2": {
					"position": [0, 0.8, 0]
				},
				"eyebrown_right": {
					"position": {
						"0.0": [0, 0.56, 0],
						"0.3333": [0, 0.56, 0],
						"0.4167": [0, 0, 0]
					}
				},
				"eyebrown_left": {
					"position": {
						"0.0": [0, 0.56, 0],
						"0.3333": [0, 0.56, 0],
						"0.4167": [0, 0, 0]
					}
				},
				"upper_body": {
					"rotation": {
						"0.0": [0, 0, 0],
						"0.125": [-0.4557, -1.0383, -0.8913],
						"0.2917": [3, 0, 0],
						"0.375": [0, 0, 0]
					},
					"position": {
						"0.0": [0, 0, 0],
						"0.1667": [0, -1.5, 1.4],
						"0.375": [0, 0, 0]
					}
				},
				"head": {
					"rotation": {
						"0.0": [0, 0, 0],
						"0.125": [-16.93902, -1.46016, -5.7826],
						"0.25": [17.14, 0, 0],
						"0.375": [0, 0, 0]
					},
					"position": {
						"0.0": [0, 0, 0],
						"0.125": [0, 0, 0.8],
						"0.2917": [0, 0, 0.6],
						"0.375": [0, 0, 0]
					}
				},
				"nose": {
					"rotation": {
						"0.0": [0, 0, 0],
						"0.0417": [17.25, 0, 0],
						"0.125": [-0.92, 0, 0],
						"0.2083": [-48, 0, 0],
						"0.3333": [13, 0, 0],
						"0.4167": [0, 0, 0]
					},
					"position": {
						"0.0": [0, 0, 0],
						"0.2083": [0, 0, 0.5],
						"0.4167": [0, 0, 0]
					}
				},
				"rightarm": {
					"rotation": {
						"0.0": [0, 0, 0],
						"0.125": [40, 0, 0],
						"0.2917": [0, 0, 0]
					},
					"position": {
						"0.0": [0, 0, 0],
						"0.1667": [0, -1, -2.6],
						"0.2917": [0, 0, 0]
					}
				},
				"leftarm": {
					"rotation": {
						"0.0": [0, 0, 0],
						"0.125": [40, 0, 0],
						"0.2917": [0, 0, 0]
					},
					"position": {
						"0.0": [0, 0, 0],
						"0.1667": [0, -1, -1.3],
						"0.2917": [0, 0, 0]
					}
				}
			}
		},
		"animation.pillager.hurt2": {
			"animation_length": 0.41667,
			"bones": {
				"eyeball_left": {
					"scale": {
						"0.0": [0.68, 0.68, 1],
						"0.2917": [0.68, 0.68, 1],
						"0.375": [1, 1, 1]
					}
				},
				"eyeball_right": {
					"scale": {
						"0.0": [0.68, 0.68, 1],
						"0.2917": [0.68, 0.68, 1],
						"0.375": [1, 1, 1]
					}
				},
				"eyelid_left": {
					"position": {
						"0.0": [0, 0.7, 0],
						"0.3333": [0, 0.7, 0],
						"0.4167": [0, 0, 0]
					}
				},
				"eyelid_right": {
					"position": {
						"0.0": [0, 0.7, 0],
						"0.3333": [0, 0.7, 0],
						"0.4167": [0, 0, 0]
					}
				},
				"right": {
					"scale": [1, 1.83, 1]
				},
				"eye_layer_x": {
					"scale": [1, 1.85, 1]
				},
				"top": {
					"position": [0, 0.8, 0]
				},
				"eyelid_layer": {
					"position": [0, 0.8, 0]
				},
				"left": {
					"scale": [1, 1.82, 1]
				},
				"eye_layer_x2": {
					"scale": [1, 1.84, 1]
				},
				"top2": {
					"position": [0, 0.8, 0]
				},
				"eyelid_layer2": {
					"position": [0, 0.8, 0]
				},
				"eyebrown_right": {
					"position": {
						"0.0": [0, 0.56, 0],
						"0.3333": [0, 0.56, 0],
						"0.4167": [0, 0, 0]
					}
				},
				"eyebrown_left": {
					"position": {
						"0.0": [0, 0.56, 0],
						"0.3333": [0, 0.56, 0],
						"0.4167": [0, 0, 0]
					}
				},
				"upper_body": {
					"rotation": {
						"0.0": [0, 0, 0],
						"0.125": [0.4557, -1.0383, 0.8913],
						"0.2917": [-3, 0, 0],
						"0.375": [0, 0, 0]
					},
					"position": {
						"0.0": [0, 0, 0],
						"0.1667": [0, -1.5, -1.4],
						"0.375": [0, 0, 0]
					}
				},
				"head": {
					"rotation": {
						"0.0": [0, 0, 0],
						"0.125": [16.93902, -1.46016, 6.1826],
						"0.2083": [-17.14, 0, 0],
						"0.375": [0, 0, 0]
					},
					"position": {
						"0.0": [0, 0, 0],
						"0.125": [0, 0, -0.8],
						"0.2917": [0, 0, -0.6],
						"0.375": [0, 0, 0]
					}
				},
				"nose": {
					"rotation": {
						"0.0": [0, 0, 0],
						"0.0833": [-25.75, 0, 0],
						"0.1667": [-48, 0, 0],
						"0.3333": [13, 0, 0],
						"0.4167": [0, 0, 0]
					},
					"position": {
						"0.0": [0, 0, 0],
						"0.1667": [0, 0, 0.5],
						"0.4167": [0, 0, 0]
					}
				},
				"rightarm": {
					"rotation": {
						"0.0": [0, 0, 0],
						"0.125": [40, 0, 0],
						"0.2917": [0, 0, 0]
					},
					"position": {
						"0.0": [0, 0, 0],
						"0.1667": [0, -1, -2.6],
						"0.2917": [0, 0, 0]
					}
				},
				"leftarm": {
					"rotation": {
						"0.0": [0, 0, 0],
						"0.125": [40, 0, 0],
						"0.2917": [0, 0, 0]
					},
					"position": {
						"0.0": [0, 0, 0],
						"0.1667": [0, -1, -1.3],
						"0.2917": [0, 0, 0]
					}
				}
			}
		},
		"animation.pillager.looking": {
			"loop": "hold_on_last_frame",
			"bones": {
				"head": {
					"rotation": ["query.target_x_rotation", "query.target_y_rotation", 0]
				},
				"nose": {
					"rotation": [0, 0, "math.clamp(-variable.eye_target_x, -140, 140)*0.175"]
				},
				"body": {
					"rotation": [0, "math.clamp(query.target_y_rotation, -35, 35)*0.258", "math.clamp(query.target_y_rotation, -5, 5)*-0.034"]
				},
				"eyeball_left": {
					"position": ["math.clamp(-variable.eye_target_x, -15, 290)*0.0082", "-variable.eye_target_y*0.008", 0]
				},
				"eyeball_right": {
					"position": ["math.clamp(-variable.eye_target_x, -290, 15)*0.0082", "-variable.eye_target_y*0.008", 0]
				},
				"leftLeg": {
					"rotation": [0, "math.clamp(query.target_y_rotation, -35, 15)*0.468", "math.clamp(query.target_y_rotation, -25, 5)*0.054"]
				},
				"rightLeg": {
					"rotation": [0, "math.clamp(query.target_y_rotation, -15, 35)*0.468", "math.clamp(query.target_y_rotation, -5, 25)*0.054"]
				}
			}
		}
	}
}