{
	"format_version": "1.8.0",
	"animations": {
		"animation.ravager.base": {
			"loop": true,
			"animation_length": 3,
			"bones": {
				"upper_body": {
					"rotation": {
						"0.0": [0.5, 0, 0],
						"1.5417": [-1, 0, 0],
						"3.0": [0.5, 0, 0]
					},
					"position": {
						"0.0": [0, 0.2, -0.3],
						"1.5417": [0, 0.85, -0.3],
						"3.0": [0, 0.2, -0.3]
					},
					"scale": {
						"0.0": [1, 1, 1],
						"1.5417": [1.09, 1, 1],
						"3.0": [1, 1, 1]
					}
				},
				"head": {
					"rotation": {
						"0.0": [0, 0, 0],
						"0.5": [2.5, 0, 0],
						"1.5": [-1, 0, 0],
						"2.0": [-2.5, 0, 0],
						"3.0": [0, 0, 0]
					},
					"position": {
						"0.0": [0, -0.5, 0],
						"0.375": [0, -0.55, 0],
						"1.4583": [0, 0.1, 0],
						"1.8333": [0, 0.15, 0],
						"3.0": [0, -0.5, 0]
					}
				},
				"mouth": {
					"rotation": {
						"0.0": [0, 0, 0],
						"1.4583": [0.95, 0, 0],
						"3.0": [0, 0, 0]
					},
					"position": {
						"0.0": [0, 0, -0.05],
						"1.4583": [0, -0.2, -0.05],
						"3.0": [0, 0, -0.05]
					}
				},
				"leg0": {
					"rotation": {
						"0.0": [1, 2, 3],
						"0.3333": [1, 2, 2.9],
						"1.5": [2.03441, 1.94736, 3.99921],
						"3.0": [1, 2, 3]
					},
					"position": {
						"0.0": [-0.7, 0, 0],
						"0.3333": [-0.7, 0, 0.1],
						"1.5": [-0.3, 0, -0.6],
						"3.0": [-0.7, 0, 0]
					}
				},
				"leg1": {
					"rotation": {
						"0.0": [2, 1.9829, -2.4],
						"0.3333": [2, 1.9829, -2.3],
						"1.5": [2.91241, 4.0519, -3.4015],
						"3.0": [2, 1.9829, -2.4]
					},
					"position": {
						"0.0": [0.7, 0, -1.2],
						"0.3333": [0.7, 0, -1.1],
						"1.5": [0.2, 0, -1.6],
						"3.0": [0.7, 0, -1.2]
					}
				},
				"leg2": {
					"rotation": {
						"0.0": [-2.1, -6, 2.5],
						"0.25": [-2.1, -6, 2.4],
						"1.5": [-3.6087, -5.92306, 3.3094],
						"3.0": [-2.1, -6, 2.5]
					},
					"position": {
						"0.0": [-2.8, 0, 0],
						"0.25": [-2.9, 0, 0],
						"1.5": [-2.4, 0, 1],
						"3.0": [-2.8, 0, 0]
					}
				},
				"leg3": {
					"rotation": {
						"0.0": [-1.49382, 2, -2.8],
						"0.25": [-1.49382, 2, -2.7],
						"1.5": [-1.9627, 1.94665, -3.6005],
						"3.0": [-1.49382, 2, -2.8]
					},
					"position": {
						"0.0": [2.8, 0, 0],
						"0.25": [2.9, 0, 0],
						"1.5": [2.2, 0, 0.45],
						"3.0": [2.8, 0, 0]
					}
				},
				"body": {
					"position": {
						"0.0": [0, 0, 0],
						"0.25": [0, 0, -0.15],
						"1.5": [0, 0, 0],
						"1.75": [0, 0, 0.15],
						"3.0": [0, 0, 0]
					}
				},
				"body2": {
					"position": {
						"0.0": [0, 0, 0],
						"1.5": [0, 0.7, 0],
						"3.0": [0, 0, 0]
					}
				},
				"nose": {
					"rotation": [-2, 0, 0],
					"position": {
						"0.0": [0, 0, 0],
						"1.4167": [0, 0.25, 0],
						"3.0": [0, 0, 0]
					}
				}
			}
		},
		"animation.ravager.looking": {
			"loop": "hold_on_last_frame",
			"bones": {
				"head": {
					"rotation": ["query.target_x_rotation", "query.target_y_rotation", "math.clamp(query.target_y_rotation, -55, 55)*0.09"]
				},
				"nose": {
					"rotation": [0, 0, "math.clamp(-variable.eye_target_x, -140, 140)*0.175"]
				},
				"eyeball_right": {
					"position": ["math.clamp(-variable.eye_target_x, -290, 15)*0.0215", "math.clamp(-variable.eye_target_y, -45, 25)*0.028", 0]
				},
				"eyeball_left": {
					"position": ["math.clamp(-variable.eye_target_x, -15, 290)*0.0215", "math.clamp(-variable.eye_target_y, -45, 25)*0.028", 0]
				},
				"upper_body": {
					"rotation": [0, "math.clamp(query.target_y_rotation, -35, 35)*0.218", "math.clamp(query.target_y_rotation, -8, 8)*-0.084"]
				},
				"leg0": {
					"rotation": [0, "math.clamp(query.target_y_rotation, -15, 35)*0.498", "math.clamp(query.target_y_rotation, -10, 25)*-0.084"]
				},
				"leg1": {
					"rotation": [0, "math.clamp(query.target_y_rotation, -15, 35)*0.498", "math.clamp(query.target_y_rotation, -10, 25)*-0.084"]
				},
				"leg2": {
					"rotation": [0, "math.clamp(query.target_y_rotation, -15, 35)*0.598", "math.clamp(query.target_y_rotation, -5, 25)*0.174"],
					"position": ["math.clamp(query.target_y_rotation, -5, 35)*-0.03", 0, "math.clamp(query.target_y_rotation, -15, 35)*-0.018"]
				},
				"leg3": {
					"rotation": [0, "math.clamp(query.target_y_rotation, -35, 15)*0.598", "math.clamp(query.target_y_rotation, -25, 5)*0.174"],
					"position": ["math.clamp(query.target_y_rotation, -35, 5)*-0.03", 0, "math.clamp(query.target_y_rotation, -45, 15)*0.018"]
				}
			}
		},
		"animation.ravager.base_face": {
			"loop": true,
			"animation_length": 10,
			"bones": {
				"eyebrown": {
					"rotation": [0, 0, "math.clamp(-variable.eye_target_x, 0, 45)*0.08+math.clamp(-variable.eye_target_x, -45, 0)*0.08"],
					"position": [
						0,
						"math.clamp(-variable.eye_target_x, -40, 0)*-0.0028+math.clamp(variable.eye_target_y, -30, 0)*-0.0188+math.clamp(-variable.eye_target_x, 0, 45)*0.0028",
						0
					]
				},
				"eyelid_right": {
					"position": {
						"1.0": [
							0,
							"-1.6+math.clamp(-variable.eye_target_x, -55, 0)*0.0065+math.clamp(variable.eye_target_y, 0, 90)*-0.0025+math.clamp(variable.eye_target_y, -50, 0)*-0.014+math.clamp(-variable.eye_target_x, 0, 55)*-0.0065",
							0
						],
						"1.2083": [0, -3.6, 0],
						"1.25": [0, -3.6, 0],
						"1.4583": [
							0,
							"-1.6+math.clamp(-variable.eye_target_x, -55, 0)*0.0065+math.clamp(variable.eye_target_y, 0, 90)*-0.0025+math.clamp(variable.eye_target_y, -50, 0)*-0.014+math.clamp(-variable.eye_target_x, 0, 55)*-0.0065",
							0
						],
						"6.5": [
							0,
							"-1.6+math.clamp(-variable.eye_target_x, -55, 0)*0.0065+math.clamp(variable.eye_target_y, 0, 90)*-0.0025+math.clamp(variable.eye_target_y, -50, 0)*-0.014+math.clamp(-variable.eye_target_x, 0, 55)*-0.0065",
							0
						],
						"6.7083": [0, -3.6, 0],
						"6.75": [0, -3.6, 0],
						"6.9583": [
							0,
							"-1.6+math.clamp(-variable.eye_target_x, -55, 0)*0.0065+math.clamp(variable.eye_target_y, 0, 90)*-0.0025+math.clamp(variable.eye_target_y, -50, 0)*-0.014+math.clamp(-variable.eye_target_x, 0, 55)*-0.0065",
							0
						]
					},
					"scale": {
						"1.0": [1, 1.83, 1],
						"1.2083": [1, 2.03, 1],
						"1.25": [1, 2.03, 1],
						"1.4583": [1, 1.83, 1],
						"6.5": [1, 1.83, 1],
						"6.7083": [1, 2.03, 1],
						"6.75": [1, 2.03, 1],
						"6.9583": [1, 1.83, 1]
					}
				},
				"eyelid_left": {
					"position": {
						"1.0": [
							0,
							"-1.6+math.clamp(-variable.eye_target_x, 0, 55)*-0.0065+math.clamp(variable.eye_target_y, 0, 90)*-0.0025+math.clamp(variable.eye_target_y, -50, 0)*-0.014+math.clamp(-variable.eye_target_x, -55, 0)*0.0065",
							0
						],
						"1.2083": [0, -3.6, 0],
						"1.25": [0, -3.6, 0],
						"1.4583": [
							0,
							"-1.6+math.clamp(-variable.eye_target_x, 0, 55)*-0.0065+math.clamp(variable.eye_target_y, 0, 90)*-0.0025+math.clamp(variable.eye_target_y, -50, 0)*-0.014+math.clamp(-variable.eye_target_x, -55, 0)*0.0065",
							0
						],
						"6.5": [
							0,
							"-1.6+math.clamp(-variable.eye_target_x, 0, 55)*-0.0065+math.clamp(variable.eye_target_y, 0, 90)*-0.0025+math.clamp(variable.eye_target_y, -50, 0)*-0.014+math.clamp(-variable.eye_target_x, -55, 0)*0.0065",
							0
						],
						"6.7083": [0, -3.6, 0],
						"6.75": [0, -3.6, 0],
						"6.9583": [
							0,
							"-1.6+math.clamp(-variable.eye_target_x, 0, 55)*-0.0065+math.clamp(variable.eye_target_y, 0, 90)*-0.0025+math.clamp(variable.eye_target_y, -50, 0)*-0.014+math.clamp(-variable.eye_target_x, -55, 0)*0.0065",
							0
						]
					},
					"scale": {
						"1.0": [1, 1.83, 1],
						"1.2083": [1, 2.03, 1],
						"1.25": [1, 2.03, 1],
						"1.4583": [1, 1.83, 1],
						"6.5": [1, 1.83, 1],
						"6.7083": [1, 2.03, 1],
						"6.75": [1, 2.03, 1],
						"6.9583": [1, 1.83, 1]
					}
				}
			}
		},
		"animation.ravager.stun_face": {
			"loop": true,
			"animation_length": 6,
			"bones": {
				"eyebrown": {
					"rotation": [0, 0, -2],
					"position": [0, 0, 0]
				},
				"eyelid_right": {
					"position": {
						"1.0": [0, -1.6, 0],
						"1.2083": [0, -3.6, 0],
						"1.25": [0, -3.6, 0],
						"1.4583": [0, -1.6, 0]
					},
					"scale": {
						"1.0": [1, 1.83, 1],
						"1.2083": [1, 2.03, 1],
						"1.25": [1, 2.03, 1],
						"1.4583": [1, 1.83, 1]
					}
				},
				"eyelid_left": {
					"position": {
						"1.0": [0, -1.6, 0],
						"1.2083": [0, -3.6, 0],
						"1.25": [0, -3.6, 0],
						"1.4583": [0, -1.6, 0]
					},
					"scale": {
						"1.0": [1, 1.83, 1],
						"1.2083": [1, 2.03, 1],
						"1.25": [1, 2.03, 1],
						"1.4583": [1, 1.83, 1]
					}
				},
				"eyeball_right": {
					"position": [0, 0.4, 0]
				},
				"eyeball_left": {
					"position": [0, 0.3, 0]
				}
			}
		},
		"animation.ravager.death_face": {
			"loop": "hold_on_last_frame",
			"animation_length": 0.16667,
			"bones": {
				"eyebrown": {
					"rotation": [0, 0, 0],
					"position": {
						"0.0": [0, 0, 0],
						"0.1667": [0, -0.2, 0]
					}
				},
				"eyelid_right": {
					"position": {
						"0.0": [0, -1.6, 0],
						"0.1667": [0, -3.6, 0]
					},
					"scale": {
						"0.0": [1, 1.83, 1],
						"0.1667": [1, 2.03, 1]
					}
				},
				"eyelid_left": {
					"position": {
						"0.0": [0, -1.6, 0],
						"0.1667": [0, -3.6, 0]
					},
					"scale": {
						"0.0": [1, 1.83, 1],
						"0.1667": [1, 2.03, 1]
					}
				}
			}
		},
		"animation.ravager.attack_face": {
			"loop": true,
			"animation_length": 0.16667,
			"bones": {
				"eyebrown": {
					"rotation": [0, 0, 0],
					"position": [0, 0.8, 0]
				},
				"eyelid_right": {
					"position": [0, -0.9, 0],
					"scale": [1, 1.83, 1]
				},
				"eyelid_left": {
					"position": [0, -0.8, 0],
					"scale": [1, 1.83, 1]
				},
				"eyeball_right": {
					"position": [0.32, 0.3, 0],
					"scale": [0.68, 0.68, 1]
				},
				"eyeball_left": {
					"position": [-0.32, 0.3, 0],
					"scale": [0.68, 0.68, 1]
				}
			}
		},
		"animation.ravager.walking": {
			"loop": true,
			"animation_length": 4,
			"anim_time_update": "query.modified_distance_moved * 0.335",
			"bones": {
				"Root": {
					"position": {
						"0.0": [0, 0, 0],
						"2.0": [0, 0, 0],
						"4.0": [0, 0, 0]
					}
				},
				"upper_body": {
					"rotation": {
						"0.0": [-3, 0, -2.6],
						"1.0": [2, 0, 0],
						"2.0": [-3, 0, 2.6],
						"3.0": [2, 0, 0],
						"4.0": [-3, 0, -2.6]
					},
					"position": {
						"0.0": [0, -0.8, 0],
						"1.0": [0, 1.2, -0.9],
						"2.0": [0, -0.8, 0],
						"3.0": [0, 1.2, -0.9],
						"4.0": [0, -0.8, 0]
					}
				},
				"body": {
					"position": {
						"0.0": [0, 0, 0],
						"0.4583": [0, 0, -0.85],
						"2.0": [0, 0, 0],
						"2.4583": [0, 0, -0.85],
						"4.0": [0, 0, 0]
					}
				},
				"head": {
					"rotation": {
						"0.0": [8, 0, -2],
						"1.0": [4, 0, 0],
						"2.0": [8, 0, 2],
						"3.0": [4, 0, 0],
						"4.0": [8, 0, -2]
					},
					"position": {
						"0.0": [0, 0, 0],
						"1.0": [0, 0.7, 0.3],
						"2.0": [0, 0, 0],
						"3.0": [0, 0.7, 0.3],
						"4.0": [0, 0, 0]
					}
				},
				"nose": {
					"rotation": {
						"0.0": [-4, 0, 5],
						"0.3333": [0, 0, 6],
						"2.0": [-4, 0, -5],
						"2.3333": [0, 0, -6],
						"4.0": [-4, 0, 5]
					}
				},
				"mouth": {
					"rotation": {
						"0.0": [0, 0, 0],
						"1.0": [1, 0, 0],
						"2.0": [0, 0, 0],
						"3.0": [1, 0, 0],
						"4.0": [0, 0, 0]
					},
					"position": {
						"0.0": [0, 0, -0.2],
						"1.0": [0, -0.2, -0.2],
						"2.0": [0, 0, -0.2],
						"3.0": [0, -0.2, -0.2],
						"4.0": [0, 0, -0.2]
					}
				},
				"leg0": {
					"rotation": {
						"0.0": [13, -1, 2],
						"0.5417": [23.7, -1.1, 1.7],
						"0.9583": [16.2, -1.3, 1.6],
						"2.0": [-13, -2, 2],
						"4.0": [13, -1, 2]
					},
					"position": {
						"0.0": [-1, 0, -3.2],
						"0.5417": [-1, 2.23, -6.74],
						"0.9583": [-1, 4.2, -5.1],
						"2.0": [-1, 0.2, 0.8],
						"4.0": [-1, 0, -3.2]
					}
				},
				"leg1": {
					"rotation": {
						"0.0": [-13, 2, -2],
						"2.0": [13, 1, -2],
						"2.5417": [23.7, 1.1, -1.7],
						"2.9583": [16.2, 1.3, -1.6],
						"4.0": [-13, 2, -2]
					},
					"position": {
						"0.0": [1, 0.2, 0.8],
						"2.0": [1, 0, -3.2],
						"2.5417": [1, 2.23, -6.74],
						"2.9583": [1, 4.2, -5.1],
						"4.0": [1, 0.2, 0.8]
					}
				},
				"leg2": {
					"rotation": {
						"0.0": [-12, 3, 3],
						"2.0": [11, 2, 3],
						"2.75": [21.3, 2.3, 3],
						"4.0": [-12, 3, 3]
					},
					"position": {
						"0.0": [-1.3, 0.2, -0.7],
						"2.0": [-1, 0, 0.6],
						"2.75": [-1.1, 3.8, -3.5],
						"4.0": [-1.3, 0.2, -0.7]
					}
				},
				"leg3": {
					"rotation": {
						"0.0": [11, -2, -3],
						"0.75": [21.3, -2.3, -3],
						"2.0": [-12, -3, -3],
						"4.0": [11, -2, -3]
					},
					"position": {
						"0.0": [1, 0, 0.6],
						"0.75": [1.1, 3.8, -3.5],
						"2.0": [1.3, 0.2, -0.7],
						"4.0": [1, 0, 0.6]
					}
				}
			}
		},
		"animation.ravager.running": {
			"loop": true,
			"animation_length": 2,
			"anim_time_update": "query.modified_distance_moved * 0.187",
			"bones": {
				"Root": {
					"rotation": {
						"0.0": [-7, 0, 0],
						"0.4167": [6, 0, 0],
						"0.6667": [6, 0, 0],
						"1.0": [6, 0, 0],
						"1.5": [9, 0, 0],
						"1.9583": [-7, 0, 0]
					},
					"position": {
						"0.0": [0, 1.1, 0],
						"0.4167": [0, 0.9, 0],
						"0.6667": [0, 0.9, 0],
						"1.0": [0, 1, 0],
						"1.5": [0, 0.4, 0],
						"2.0": [0, 1.1, 0]
					}
				},
				"upper_body": {
					"rotation": {
						"0.0": [0, 0, 0],
						"0.5": [-6, 0, 0],
						"1.0": [1, 0, 0],
						"1.1667": [-3.75, 0, 0],
						"1.3333": [-7.52, 0, 0],
						"2.0": [0, 0, 0]
					},
					"position": {
						"0.0": [0, -0.9, -1.5],
						"0.5": [0, -2.75, -0.35],
						"1.0": [0, -2.1, 0.3],
						"1.1667": [0, -2.59, -1.1],
						"1.3333": [0, -3.03, -1.17],
						"1.625": [0, -1.45, -0.64],
						"2.0": [0, -0.9, -1.5]
					}
				},
				"body": {
					"position": {
						"0.0": [0, 0, 0],
						"0.375": [0, 0, 0],
						"0.625": [0, 0, -0.45],
						"0.875": [0, 0, -1.75],
						"1.375": [0, 0, 1.58],
						"2.0": [0, 0, 0]
					}
				},
				"head": {
					"rotation": {
						"0.0": [2, 0, 0],
						"0.5": [8, 0, 0],
						"1.25": [-3, 0, 0],
						"2.0": [2, 0, 0]
					},
					"position": {
						"0.0": [0, 0.8, 0.65],
						"0.5": [0, -1.95, -0.3],
						"1.25": [0, 1.8, 0.15],
						"2.0": [0, 0.8, 0.65]
					}
				},
				"nose": {
					"rotation": {
						"0.0": [0, 0, 0],
						"0.4167": [-30.88, 0, 0],
						"0.75": [23, 0, 0],
						"1.375": [-32, 0, 0],
						"2.0": [0, 0, 0]
					}
				},
				"mouth": {
					"rotation": {
						"0.0": [14, 0, 0],
						"0.6667": [5.5, 0, 0],
						"1.1667": [21.29, 0, 0],
						"1.5833": [8.5, 0, 0],
						"2.0": [14, 0, 0]
					},
					"position": {
						"0.0": [0, 0, 0],
						"0.6667": [0, -1.2, 0],
						"1.5833": [0, -0.7, 0],
						"2.0": [0, 0, 0]
					}
				},
				"leg0": {
					"rotation": {
						"0.0": [34.95487, -2.02114, 2.12414],
						"0.2917": [41.87, 0, 0],
						"0.75": [4.20984, -0.37483, 0.20779],
						"1.0833": [-21.0037, -0.87461, 0.48485],
						"1.2083": [-18.97429, -0.87461, 0.48485],
						"1.4583": [-11.94488, -0.87461, 0.48485],
						"2.0": [34.95487, -2.02114, 2.12414]
					},
					"position": {
						"0.0": [-1.6, 0.2, -7],
						"0.2917": [-1.6, -1.53, -8.72],
						"0.75": [-1.6, -0.68, -2.33],
						"1.0833": [-1.6, -2.1, 0.6],
						"1.2083": [-1.6, -1.02, -1.38],
						"1.4583": [-1.6, -1.08, -3.44],
						"2.0": [-1.6, 0.2, -7]
					}
				},
				"leg1": {
					"rotation": {
						"0.0": [44.98254, 1.41407, -1.4145],
						"0.4167": [32.87, 0, 0],
						"0.9583": [-15, 0, 0],
						"1.25": [-17.04, 0, 0],
						"1.625": [4.09, 0, 0],
						"2.0": [44.98254, 1.41407, -1.4145]
					},
					"position": {
						"0.0": [1.6, 0.2, -10.1],
						"0.4167": [1.6, -0.53, -8.02],
						"0.6667": [1.6, -0.88, -1.53],
						"0.9583": [1.6, -1.2, 0.6],
						"1.25": [1.6, -1.19, -1.86],
						"1.625": [1.6, -1.19, -4.18],
						"2.0": [1.6, 0.2, -10.1]
					}
				},
				"leg2": {
					"rotation": {
						"0.0": [-27.08127, 4.56677, 1.438],
						"1.0": [5.83935, 4.82355, 2.4077],
						"1.4167": [20.54771, 3.67482, 3.3568],
						"1.6667": [-6.6055, 3.99337, 0.2842],
						"2.0": [-27.08127, 4.56677, 1.438]
					},
					"position": {
						"0.0": [-1.6, 1.6, -2.2],
						"0.5": [-1.6, -0.14, 1.23],
						"1.0": [-1.6, -0.1, -0.8],
						"1.4167": [-1.6, 1.07, -4.27],
						"1.7083": [-1.6, 5.67, -1.2],
						"2.0": [-1.6, 1.6, -2.2]
					}
				},
				"leg3": {
					"rotation": {
						"0.0": [-34.06948, -2.67532, -1.9747],
						"1.0": [9.41565, -1.79276, -1.3286],
						"1.2083": [24.44243, -1.46011, -3.3852],
						"1.5417": [-1.12156, -1.61201, -1.5839],
						"2.0": [-34.06948, -2.67532, -1.9747]
					},
					"position": {
						"0.0": [1.6, 1.6, -2.2],
						"0.3333": [1.6, 0.01, 0.24],
						"0.5": [1.6, -0.11, 0.56],
						"1.0": [1.6, -0.61, -2.17],
						"1.2083": [1.6, -1.04, -4.59],
						"1.5417": [1.6, 4.92, -3.78],
						"2.0": [1.6, 1.6, -2.2]
					}
				},
				"neck": {
					"position": {
						"0.0": [0, 0, -4.7],
						"0.6667": [0, 0, -3.5],
						"1.2917": [0, 0, 0.3],
						"2.0": [0, 0, -4.7]
					}
				}
			}
		},
		"animation.ravager.walking_has_target": {
			"loop": true,
			"animation_length": 4,
			"anim_time_update": "query.modified_distance_moved * 0.37",
			"bones": {
				"Root": {
					"position": {
						"0.0": [0, 0, 0],
						"2.0": [0, 0, 0],
						"4.0": [0, 0, 0]
					}
				},
				"upper_body": {
					"rotation": {
						"0.0": [-3, 0, -2.6],
						"1.0": [2, 0, 0],
						"2.0": [-3, 0, 2.6],
						"3.0": [2, 0, 0],
						"4.0": [-3, 0, -2.6]
					},
					"position": {
						"0.0": [0, -0.8, 0],
						"1.0": [0, 1.2, -0.9],
						"2.0": [0, -0.8, 0],
						"3.0": [0, 1.2, -0.9],
						"4.0": [0, -0.8, 0]
					}
				},
				"body": {
					"position": {
						"0.0": [0, 0, 0],
						"0.4583": [0, 0, -0.85],
						"2.0": [0, 0, 0],
						"2.4583": [0, 0, -0.85],
						"4.0": [0, 0, 0]
					}
				},
				"head": {
					"rotation": {
						"0.0": [8, 0, -2],
						"1.0": [4, 0, 0],
						"2.0": [8, 0, 2],
						"3.0": [4, 0, 0],
						"4.0": [8, 0, -2]
					},
					"position": {
						"0.0": [0, 0, 0],
						"1.0": [0, 0.7, 0.3],
						"2.0": [0, 0, 0],
						"3.0": [0, 0.7, 0.3],
						"4.0": [0, 0, 0]
					}
				},
				"nose": {
					"rotation": {
						"0.0": [-4, 0, 5],
						"0.3333": [0, 0, 6],
						"2.0": [-4, 0, -5],
						"2.3333": [0, 0, -6],
						"4.0": [-4, 0, 5]
					}
				},
				"mouth": {
					"rotation": {
						"0.0": [0, 0, 0],
						"1.0": [1, 0, 0],
						"2.0": [0, 0, 0],
						"3.0": [1, 0, 0],
						"4.0": [0, 0, 0]
					},
					"position": {
						"0.0": [0, 0, -0.2],
						"1.0": [0, -0.2, -0.2],
						"2.0": [0, 0, -0.2],
						"3.0": [0, -0.2, -0.2],
						"4.0": [0, 0, -0.2]
					}
				},
				"leg0": {
					"rotation": {
						"0.0": [13, -1, 2],
						"0.5417": [23.7, -1.1, 1.7],
						"0.9583": [16.2, -1.3, 1.6],
						"2.0": [-13, -2, 2],
						"4.0": [13, -1, 2]
					},
					"position": {
						"0.0": [-1, 0, -3.2],
						"0.5417": [-1, 2.23, -6.74],
						"0.9583": [-1, 4.2, -5.1],
						"2.0": [-1, 0.2, 0.8],
						"4.0": [-1, 0, -3.2]
					}
				},
				"leg1": {
					"rotation": {
						"0.0": [-13, 2, -2],
						"2.0": [13, 1, -2],
						"2.5417": [23.7, 1.1, -1.7],
						"2.9583": [16.2, 1.3, -1.6],
						"4.0": [-13, 2, -2]
					},
					"position": {
						"0.0": [1, 0.2, 0.8],
						"2.0": [1, 0, -3.2],
						"2.5417": [1, 2.23, -6.74],
						"2.9583": [1, 4.2, -5.1],
						"4.0": [1, 0.2, 0.8]
					}
				},
				"leg2": {
					"rotation": {
						"0.0": [-12, 3, 3],
						"2.0": [11, 2, 3],
						"2.75": [21.3, 2.3, 3],
						"4.0": [-12, 3, 3]
					},
					"position": {
						"0.0": [-1.3, 0.2, -0.7],
						"2.0": [-1, 0, 0.6],
						"2.75": [-1.1, 3.8, -3.5],
						"4.0": [-1.3, 0.2, -0.7]
					}
				},
				"leg3": {
					"rotation": {
						"0.0": [11, -2, -3],
						"0.75": [21.3, -2.3, -3],
						"2.0": [-12, -3, -3],
						"4.0": [11, -2, -3]
					},
					"position": {
						"0.0": [1, 0, 0.6],
						"0.75": [1.1, 3.8, -3.5],
						"2.0": [1.3, 0.2, -0.7],
						"4.0": [1, 0, 0.6]
					}
				}
			}
		},
		"animation.ravager.swimming": {
			"loop": true,
			"animation_length": 2,
			"bones": {
				"Root": {
					"rotation": {
						"0.0": [-3, 0, 0],
						"1.0": [-3, 0, 0],
						"2.0": [-3, 0, 0]
					},
					"position": {
						"0.0": [0, -13.5, 0],
						"0.5": [0, -13, 0],
						"1.0": [0, -13.5, 0],
						"1.5": [0, -13, 0],
						"2.0": [0, -13.5, 0]
					}
				},
				"upper_body": {
					"rotation": {
						"0.0": [-3, 0, -4.6],
						"0.5": [2, 0, 0],
						"1.0": [-3, 0, 4.6],
						"1.5": [2, 0, 0],
						"2.0": [-3, 0, -4.6]
					},
					"position": {
						"0.0": [0, -0.8, 0],
						"0.5": [0, 1.2, -0.9],
						"1.0": [0, -0.8, 0],
						"1.5": [0, 1.2, -0.9],
						"2.0": [0, -0.8, 0]
					}
				},
				"body": {
					"position": {
						"0.0": [0, 0, 0],
						"0.5": [0, 0, -0.85],
						"1.0": [0, 0, 0],
						"1.5": [0, 0, -0.85],
						"2.0": [0, 0, 0]
					}
				},
				"head": {
					"rotation": {
						"0.0": [-5, 0, -2],
						"0.5": [1, 0, 0],
						"1.0": [-5, 0, 2],
						"1.5": [1, 0, 0],
						"2.0": [-5, 0, -2]
					},
					"position": {
						"0.0": [0, 0, 0],
						"0.5": [0, 0.7, 0.6],
						"1.0": [0, 0, 0],
						"1.5": [0, 0.7, 0.6],
						"2.0": [0, 0, 0]
					}
				},
				"nose": {
					"rotation": {
						"0.0": [-2, 0, 2],
						"0.3333": [0, 0, 3],
						"1.0": [-2, 0, -2],
						"1.3333": [0, 0, -3],
						"2.0": [-2, 0, 2]
					}
				},
				"mouth": {
					"rotation": {
						"0.0": [0, 0, 0],
						"0.5": [1, 0, 0],
						"1.0": [0, 0, 0],
						"1.5": [1, 0, 0],
						"2.0": [0, 0, 0]
					},
					"position": {
						"0.0": [0, 0, -0.2],
						"0.5": [0, -0.2, -0.2],
						"1.0": [0, 0, -0.2],
						"1.5": [0, -0.2, -0.2],
						"2.0": [0, 0, -0.2]
					}
				},
				"leg0": {
					"rotation": {
						"0.0": [13, -1, 3],
						"0.125": [18, -1.3, 2.6],
						"0.375": [26, -1.5, 2.4],
						"1.0": [-13, -2, 2],
						"1.125": [-18, -2, 2],
						"1.375": [-26, -1.7, 2.2],
						"2.0": [13, -1, 3]
					},
					"position": {
						"0.0": [-1, 0, -3.2],
						"0.125": [-1, 0.6, -5.1],
						"0.375": [-1, 0.49, -8.31],
						"1.0": [-1, 0.2, 0.8],
						"1.125": [-1, 0.2, 0.8],
						"1.375": [-1, -0.36, 3.56],
						"2.0": [-1, 0, -3.2]
					}
				},
				"leg1": {
					"rotation": {
						"0.0": [-13, 2, -2],
						"0.125": [-18, 2, -2],
						"0.375": [-26, 1.7, -2.2],
						"1.0": [13, 1, -3],
						"1.125": [18, 1.3, -2.6],
						"1.375": [26, 1.5, -2.4],
						"2.0": [-13, 2, -2]
					},
					"position": {
						"0.0": [1, 0.2, 0.8],
						"0.125": [1, 0.2, 0.8],
						"0.375": [1, -0.36, 3.56],
						"1.0": [1, 0, -3.2],
						"1.125": [1, 0.6, -5.1],
						"1.375": [1, 0.49, -8.31],
						"2.0": [1, 0.2, 0.8]
					}
				},
				"leg2": {
					"rotation": {
						"0.0": [-12, 3, 3],
						"0.125": [-17, 3, 3],
						"0.375": [-25, 2.5, 3],
						"1.0": [11, 2, 3],
						"1.125": [15, 2.3, 3],
						"1.375": [22, 2.5, 3],
						"2.0": [-12, 3, 3]
					},
					"position": {
						"0.0": [-1.3, 0.2, -0.7],
						"0.125": [-1.3, 0.2, -0.9],
						"0.375": [-1.16, 2.61, 2.36],
						"1.0": [-1, 0, 0.6],
						"1.125": [-1.1, 0.8, -0.6],
						"1.375": [-1.17, 1.81, -5.67],
						"2.0": [-1.3, 0.2, -0.7]
					}
				},
				"leg3": {
					"rotation": {
						"0.0": [11, -2, -3],
						"0.125": [15, -2.3, -3],
						"0.375": [22, -2.5, -3],
						"1.0": [-12, -3, -3],
						"1.125": [-17, -3, -3],
						"1.375": [-25, -2.5, -3],
						"2.0": [11, -2, -3]
					},
					"position": {
						"0.0": [1, 0, 0.6],
						"0.125": [1.1, 0.8, -0.6],
						"0.375": [1.17, 1.81, -5.67],
						"1.0": [1.3, 0.2, -0.7],
						"1.125": [1.3, 0.2, -0.9],
						"1.375": [1.16, 2.61, 2.36],
						"2.0": [1, 0, 0.6]
					}
				}
			}
		},
		"animation.ravager.swimming_attack": {
			"loop": "hold_on_last_frame",
			"animation_length": 2,
			"bones": {
				"Root": {
					"rotation": {
						"0.0": [-3, 0, 0],
						"1.0": [-3, 0, 0],
						"2.0": [-3, 0, 0]
					},
					"position": {
						"0.0": [0, -13.5, 0],
						"0.5": [0, -13, 0],
						"1.0": [0, -13.5, 0],
						"1.5": [0, -13, 0],
						"2.0": [0, -13.5, 0]
					}
				},
				"upper_body": {
					"rotation": {
						"0.0": [-3, 0, -2.6],
						"0.125": [3.83333, 0, -2.16667],
						"0.2917": [-3, 0, -2.6],
						"0.5": [2, 0, 0],
						"1.0": [-3, 0, 4.6],
						"1.5": [2, 0, 0],
						"2.0": [-3, 0, -4.6]
					},
					"position": {
						"0.0": [0, -0.8, 0],
						"0.125": [0, -1.87, -4.35],
						"0.2917": [0, -0.8, 0],
						"0.5": [0, 1.2, -0.9],
						"1.0": [0, -0.8, 0],
						"1.5": [0, 1.2, -0.9],
						"2.0": [0, -0.8, 0]
					}
				},
				"body": {
					"position": {
						"0.0": [0, 0, 0],
						"0.5": [0, 0, -0.85],
						"1.0": [0, 0, 0],
						"1.5": [0, 0, -0.85],
						"2.0": [0, 0, 0]
					}
				},
				"head": {
					"rotation": {
						"0.0": [8, 0, -2],
						"0.0833": [-1, 0, -2],
						"0.1667": [13, 0, -2],
						"0.2917": [3, 0, -2]
					},
					"position": {
						"0.0": [0, 0, 0],
						"0.0833": [0, 3.8, -2],
						"0.1667": [0, 1.1, -0.1]
					}
				},
				"nose": {
					"rotation": {
						"0.0": [-3.98483, -0.34834, 0.01212],
						"0.0833": [9.00243, -0.13948, 3.00487],
						"0.2083": [-29.99757, -0.13948, 3.00487],
						"0.2917": [4.00243, -0.13948, 3.00487],
						"0.4167": [-10.99757, -0.13948, 3.00487],
						"0.5": [0, -0.13948, 0]
					},
					"position": {
						"0.0": [0, 0, 0],
						"0.2083": [0, 0, 0]
					}
				},
				"mouth": {
					"rotation": {
						"0.0": [0, 0, 0],
						"0.1667": [42.4, 0, 0],
						"0.2083": [48, 0, 0],
						"0.3333": [-2, 0, 0],
						"0.4583": [5, 0, 0]
					},
					"position": {
						"0.0": [0, 0, -0.2],
						"0.1667": [0, -1.44, -0.2],
						"0.2083": [0, -0.3, -0.2],
						"0.3333": [0, 0.1, -0.2]
					}
				},
				"leg0": {
					"rotation": {
						"0.0": [13, -1, 3],
						"0.125": [18, -1.3, 2.6],
						"0.375": [26, -1.5, 2.4],
						"1.0": [-13, -2, 2],
						"1.125": [-18, -2, 2],
						"1.375": [-26, -1.7, 2.2],
						"2.0": [13, -1, 3]
					},
					"position": {
						"0.0": [-1, 0, -3.2],
						"0.125": [-1, 0.6, -5.1],
						"0.375": [-1, 0.49, -8.31],
						"1.0": [-1, 0.2, 0.8],
						"1.125": [-1, 0.2, 0.8],
						"1.375": [-1, -0.36, 3.56],
						"2.0": [-1, 0, -3.2]
					}
				},
				"leg1": {
					"rotation": {
						"0.0": [-13, 2, -2],
						"0.125": [-18, 2, -2],
						"0.375": [-26, 1.7, -2.2],
						"1.0": [13, 1, -3],
						"1.125": [18, 1.3, -2.6],
						"1.375": [26, 1.5, -2.4],
						"2.0": [-13, 2, -2]
					},
					"position": {
						"0.0": [1, 0.2, 0.8],
						"0.125": [1, 0.2, 0.8],
						"0.375": [1, -0.36, 3.56],
						"1.0": [1, 0, -3.2],
						"1.125": [1, 0.6, -5.1],
						"1.375": [1, 0.49, -8.31],
						"2.0": [1, 0.2, 0.8]
					}
				},
				"leg2": {
					"rotation": {
						"0.0": [-12, 3, 3],
						"0.125": [-17, 3, 3],
						"0.375": [-25, 2.5, 3],
						"1.0": [11, 2, 3],
						"1.125": [15, 2.3, 3],
						"1.375": [22, 2.5, 3],
						"2.0": [-12, 3, 3]
					},
					"position": {
						"0.0": [-1.3, 0.2, -0.7],
						"0.125": [-1.3, 0.2, -0.9],
						"0.375": [-1.16, 2.61, 2.36],
						"1.0": [-1, 0, 0.6],
						"1.125": [-1.1, 0.8, -0.6],
						"1.375": [-1.17, 1.81, -5.67],
						"2.0": [-1.3, 0.2, -0.7]
					}
				},
				"leg3": {
					"rotation": {
						"0.0": [11, -2, -3],
						"0.125": [15, -2.3, -3],
						"0.375": [22, -2.5, -3],
						"1.0": [-12, -3, -3],
						"1.125": [-17, -3, -3],
						"1.375": [-25, -2.5, -3],
						"2.0": [11, -2, -3]
					},
					"position": {
						"0.0": [1, 0, 0.6],
						"0.125": [1.1, 0.8, -0.6],
						"0.375": [1.17, 1.81, -5.67],
						"1.0": [1.3, 0.2, -0.7],
						"1.125": [1.3, 0.2, -0.9],
						"1.375": [1.16, 2.61, 2.36],
						"2.0": [1, 0, 0.6]
					}
				},
				"neck": {
					"position": {
						"0.0": [0, 0, 0],
						"0.125": [0, 0, -17],
						"0.2917": [0, 0, 0.2]
					}
				}
			}
		},
		"animation.ravager.stunning": {
			"loop": true,
			"animation_length": 3,
			"bones": {
				"upper_body": {
					"rotation": {
						"0.0": [4.5, 2, -1],
						"0.2083": [4.5, -2, 1],
						"0.4167": [4.5, 2, -1],
						"0.625": [4.5, -2, 1],
						"1.5": [1.5, 0, 0],
						"1.7083": [4.5, -2, 1],
						"1.9167": [4.5, 2, -1],
						"2.125": [4.5, -2, 1],
						"3.0": [4.5, 2, -1]
					},
					"position": {
						"0.0": [0, -1.3, -0.3],
						"1.5": [0, -1.6, -1.7],
						"3.0": [0, -1.3, -0.3]
					},
					"scale": {
						"0.0": [1, 1, 1],
						"1.5": [1, 1, 1],
						"3.0": [1, 1, 1]
					}
				},
				"head": {
					"rotation": {
						"0.0": [34, 4, 4],
						"0.2083": [34, -4, -4],
						"0.4167": [34, 4, 4],
						"0.625": [34, -4, -4],
						"1.5": [34, 4, 4],
						"1.7083": [34, -4, -4],
						"1.9167": [34, 4, 4],
						"2.125": [34, -4, -4],
						"3.0": [34, 4, 4]
					},
					"position": {
						"0.0": [0, -0.5, 0],
						"0.2083": [0, -0.5, 0],
						"0.4167": [0, -0.5, 0],
						"0.625": [0, -0.5, 0],
						"1.5": [0, -0.5, 0],
						"1.7083": [0, -0.5, 0],
						"1.9167": [0, -0.5, 0],
						"2.125": [0, -0.5, 0],
						"3.0": [0, -0.5, 0]
					}
				},
				"mouth": {
					"rotation": {
						"0.0": [9, 0, 0],
						"1.5": [4, 0, 0],
						"3.0": [9, 0, 0]
					},
					"position": {
						"0.0": [0, -0.4, -0.05],
						"1.5": [0, -0.2, -0.05],
						"3.0": [0, -0.4, -0.05]
					}
				},
				"leg0": {
					"rotation": {
						"0.0": [3, 2, 3],
						"0.3333": [3, 2, 2.9],
						"1.5": [3, 1.94736, 3.99921],
						"3.0": [3, 2, 3]
					},
					"position": {
						"0.0": [-1.7, 0, 0],
						"0.3333": [-1.7, 0, 0.1],
						"1.5": [-1.3, 0, -0.2],
						"3.0": [-1.7, 0, 0]
					}
				},
				"leg1": {
					"rotation": {
						"0.0": [3, 1.9829, -2.4],
						"0.3333": [3, 1.9829, -2.3],
						"1.5": [3, 4.0519, -3.4015],
						"3.0": [3, 1.9829, -2.4]
					},
					"position": {
						"0.0": [1.7, 0, -1.2],
						"0.3333": [1.7, 0, -1.1],
						"1.5": [1.2, 0, -1.2],
						"3.0": [1.7, 0, -1.2]
					}
				},
				"leg2": {
					"rotation": {
						"0.0": [-2.1, -4, 4.5],
						"0.25": [-2.1, -4, 4.4],
						"1.5": [-3.6, -5.9, 5.3094],
						"3.0": [-2.1, -4, 4.5]
					},
					"position": {
						"0.0": [-3, 0, 0],
						"0.25": [-3, 0, 0],
						"1.5": [-2.4, 0, 1],
						"3.0": [-3, 0, 0]
					}
				},
				"leg3": {
					"rotation": {
						"0.0": [-1.4938, 2, -4.5],
						"0.25": [-1.49382, 2, -4.4],
						"1.5": [-1.9627, 1.94665, -5.6005],
						"3.0": [-1.49382, 2, -4.8]
					},
					"position": {
						"0.0": [3, 0, 0],
						"0.25": [3, 0, 0],
						"1.5": [2.4, 0, 0.45],
						"3.0": [3, 0, 0]
					}
				},
				"body": {
					"position": {
						"0.0": [0, 0, 0],
						"0.25": [0, 0, -0.15],
						"1.5": [0, 0, 0],
						"1.75": [0, 0, 0.15],
						"3.0": [0, 0, 0]
					}
				},
				"body2": {
					"position": {
						"0.0": [0, 0, 0],
						"1.5": [0, 0.7, 0],
						"3.0": [0, 0, 0]
					}
				},
				"nose": {
					"rotation": {
						"0.0": [-30, 0, 12],
						"0.0417": [-29, 6, 14],
						"0.25": [-30, 0, -12],
						"0.2917": [-29, -6, -14],
						"0.5": [-30, 0, 12],
						"0.5417": [-29, 6, 14],
						"0.7917": [-30, 0, -12],
						"1.0": [-30, 0, -1],
						"1.5": [-30, 0, 5],
						"1.5417": [-29, 6, 14],
						"1.75": [-30, 0, -12],
						"1.7917": [-29, -6, -14],
						"2.0": [-30, 0, 12],
						"2.0417": [-29, 6, 14],
						"2.2917": [-30, 0, -12],
						"2.5": [-30, 0, -1],
						"2.9167": [-30, 0, -1],
						"3.0": [-30, 0, 12]
					},
					"position": {
						"0.0": [0, 0, 0],
						"0.25": [0, 0, 0],
						"0.5": [0, 0, 0],
						"0.7917": [0, 0, 0],
						"1.0": [0, 0, 0],
						"1.5": [0, 0, 0],
						"1.75": [0, 0, 0],
						"2.0": [0, 0, 0],
						"2.2917": [0, 0, 0],
						"2.5": [0, 0, 0],
						"2.9167": [0, 0, 0],
						"3.0": [0, 0, 0]
					}
				},
				"neck": {
					"rotation": {
						"0.0": [0, 1.5, 0],
						"0.25": [0, -1.5, 0],
						"0.5": [0, 1.5, 0],
						"0.7917": [0, -1.5, 0],
						"1.0": [0, 1.5, 0],
						"1.5": [0, 1.5, 0],
						"1.75": [0, -1.5, 0],
						"2.0": [0, 1.5, 0],
						"2.2917": [0, -1.5, 0],
						"2.5": [0, 1.5, 0],
						"3.0": [0, 1.5, 0]
					}
				}
			}
		},
		"animation.ravager.roar": {
			"loop": "hold_on_last_frame",
			"animation_length": 3.04167,
			"bones": {
				"upper_body": {
					"rotation": {
						"0.0": [0.5, 0, 0],
						"0.0833": [5.5, 0, 0],
						"0.2083": [7.5, 0, 0],
						"0.375": [1.5, 0, 0]
					},
					"position": {
						"0.0": [0, 0.2, -0.3],
						"0.0833": [0, -1.9, -0.7],
						"0.2083": [0, -1.9, 1.1],
						"0.375": [0, -0.8, -1.2]
					},
					"scale": 1
				},
				"head": {
					"rotation": {
						"0.0": [5, 0, 0],
						"0.0833": [18, 0, 0],
						"0.2083": [28, 0, 0],
						"0.3333": [-13, 0, 0],
						"0.4583": [-12, 0, 0],
						"0.625": [-14, 0, 0],
						"0.7917": [-12, 0, 0],
						"1.0": [-14, 0, 0],
						"1.25": [-12, 0, 0],
						"1.5": [-14, 0, 0],
						"1.7083": [-12, 0, 0],
						"2.4167": [-14, 0, 0],
						"2.625": [-12, 0, 0],
						"2.8333": [-14, 0, 0],
						"3.0417": [-12, 0, 0]
					},
					"position": {
						"0.0": [0, -0.5, 0],
						"0.0833": [0, -1.3, 0],
						"0.2083": [0, -1.3, 2.3],
						"0.3333": [0, 0.9, -0.4]
					}
				},
				"mouth": {
					"rotation": {
						"0.0": [0, 0, 0],
						"0.0833": [7, 0, 0],
						"0.2083": [0, 0, 0],
						"0.375": [43, 0, 0]
					},
					"position": {
						"0.0": [0, 0, -0.05],
						"0.0833": [0, -0.6, -0.05],
						"0.375": [0, -1.6, 1.45]
					}
				},
				"leg0": {
					"rotation": {
						"0.0": [1, 2, 3],
						"0.375": [5.06921, 1.96388, 5.00087]
					},
					"position": {
						"0.0": [-0.7, 0, 0],
						"0.375": [-0.7, -1.2, 0]
					}
				},
				"leg1": {
					"rotation": {
						"0.0": [2, 1.9829, -2.4],
						"0.2083": [5.8935, 2.08484, -5.0002]
					},
					"position": {
						"0.0": [0.7, 0, -1.2],
						"0.125": [0.7, 3, -1.2],
						"0.2083": [0.7, -1.2, -1.2]
					}
				},
				"leg2": {
					"rotation": {
						"0.0": [-2.1, -6, 2.5],
						"0.1667": [-3.6146, -5.8389, 6.51819]
					},
					"position": [-2.8, 0, 0]
				},
				"leg3": {
					"rotation": {
						"0.0": [-1.49382, 2, -2.8],
						"0.2083": [-3.6297, 1.89094, -6.80082]
					},
					"position": {
						"0.0": [2.8, 0, 0],
						"0.125": [2.8, 3.5, 0],
						"0.2083": [2.8, 0, 0]
					}
				},
				"body": {
					"position": [0, 0, 0]
				},
				"body2": {
					"position": [0, 0, 0]
				},
				"nose": {
					"rotation": {
						"0.0": [-2, 0, 0],
						"0.0833": [-16.64, 0, 0],
						"0.25": [15, 0, 0],
						"0.4167": [-29, 0, 0],
						"0.5": [6, 0, 0],
						"0.625": [2, 0, 0]
					},
					"position": {
						"0.0": [0, 0, 0],
						"0.25": [0, 0, 0],
						"0.4167": [0, 0.2, 0]
					}
				},
				"neck": {
					"position": {
						"0.0": [0, 0, 0],
						"0.125": [0, 0, 0],
						"0.2917": [0, 0, -3.4]
					}
				},
				"eyeball_right": {
					"position": {
						"0.0": [0, 0, 0],
						"0.1667": [0, 0, 0],
						"0.2917": [0, 0.4, 0]
					},
					"scale": {
						"0.0": [1, 1, 1],
						"0.1667": [1, 1, 1],
						"0.2917": [1, 1, 1]
					}
				},
				"eyeball_left": {
					"position": {
						"0.0": [0, 0, 0],
						"0.1667": [0, 0, 0],
						"0.2917": [0, 0.4, 0]
					},
					"scale": {
						"0.0": [1, 1, 1],
						"0.1667": [1, 1, 1],
						"0.2917": [1, 1, 1]
					}
				}
			}
		},
		"animation.ravager.attack": {
			"loop": "hold_on_last_frame",
			"animation_length": 4,
			"bones": {
				"Root": {
					"position": {
						"0.0": [0, 0, 0],
						"2.0": [0, 0, 0],
						"4.0": [0, 0, 0]
					}
				},
				"upper_body": {
					"rotation": {
						"0.0": [-3, 0, -2.6],
						"0.0833": [3.83333, 0, -2.16667],
						"0.25": [-3, 0, -2.6],
						"1.0": [2, 0, 0],
						"2.0": [-3, 0, 2.6],
						"3.0": [2, 0, 0],
						"4.0": [-3, 0, -2.6]
					},
					"position": {
						"0.0": [0, -0.8, 0],
						"0.0833": [0, -1.87, -4.05],
						"0.25": [0, -0.8, 0],
						"1.0": [0, 1.2, -0.9],
						"2.0": [0, -0.8, 0],
						"3.0": [0, 1.2, -0.9],
						"4.0": [0, -0.8, 0]
					}
				},
				"body": {
					"position": {
						"0.0": [0, 0, 0],
						"0.4583": [0, 0, -0.85],
						"2.0": [0, 0, 0],
						"2.4583": [0, 0, -0.85],
						"4.0": [0, 0, 0]
					}
				},
				"head": {
					"rotation": {
						"0.0": [8, 0, -2],
						"0.0833": [-1, 0, -2],
						"0.1667": [13, 0, -2],
						"0.2917": [3, 0, -2]
					},
					"position": {
						"0.0": [0, 0, 0],
						"0.0833": [0, 3.8, -2],
						"0.1667": [0, 1.1, -0.1]
					}
				},
				"nose": {
					"rotation": {
						"0.0": [-3.98483, -0.34834, 0.01212],
						"0.0833": [9.00243, -0.13948, 3.00487],
						"0.1667": [-29.99757, -0.13948, 3.00487],
						"0.25": [4.00243, -0.13948, 3.00487],
						"0.3333": [-10.99757, -0.13948, 3.00487],
						"0.4167": [0, -0.13948, 0]
					},
					"position": {
						"0.0": [0, 0, 0],
						"0.1667": [0, 0, 0]
					}
				},
				"mouth": {
					"rotation": {
						"0.0": [0, 0, 0],
						"0.0833": [42.4, 0, 0],
						"0.125": [48, 0, 0],
						"0.25": [-2, 0, 0],
						"0.375": [5, 0, 0]
					},
					"position": {
						"0.0": [0, 0, -0.2],
						"0.0833": [0, -1.44, -0.2],
						"0.125": [0, -0.3, -0.2],
						"0.25": [0, 0.1, -0.2]
					}
				},
				"neck": {
					"position": {
						"0.0": [0, 0, 0],
						"0.125": [0, 0, -17],
						"0.2917": [0, 0, 0.2]
					}
				}
			}
		},
		"animation.ravager.attack_walk": {
			"loop": true,
			"animation_length": 4,
			"anim_time_update": "query.modified_distance_moved * 0.34",
			"bones": {
				"leg0": {
					"rotation": {
						"0.0": [13, -1, 2],
						"0.5417": [23.7, -1.1, 1.7],
						"0.9583": [16.2, -1.3, 1.6],
						"2.0": [-13, -2, 2],
						"4.0": [13, -1, 2]
					},
					"position": {
						"0.0": [-1, 0, -3.2],
						"0.5417": [-1, 2.23, -6.74],
						"0.9583": [-1, 4.2, -5.1],
						"2.0": [-1, 0.2, 0.8],
						"4.0": [-1, 0, -3.2]
					}
				},
				"leg1": {
					"rotation": {
						"0.0": [-13, 2, -2],
						"2.0": [13, 1, -2],
						"2.5417": [23.7, 1.1, -1.7],
						"2.9583": [16.2, 1.3, -1.6],
						"4.0": [-13, 2, -2]
					},
					"position": {
						"0.0": [1, 0.2, 0.8],
						"2.0": [1, 0, -3.2],
						"2.5417": [1, 2.23, -6.74],
						"2.9583": [1, 4.2, -5.1],
						"4.0": [1, 0.2, 0.8]
					}
				},
				"leg2": {
					"rotation": {
						"0.0": [-12, 3, 3],
						"2.0": [11, 2, 3],
						"2.75": [21.3, 2.3, 3],
						"4.0": [-12, 3, 3]
					},
					"position": {
						"0.0": [-1.3, 0.2, -0.7],
						"2.0": [-1, 0, 0.6],
						"2.75": [-1.1, 3.8, -3.5],
						"4.0": [-1.3, 0.2, -0.7]
					}
				},
				"leg3": {
					"rotation": {
						"0.0": [11, -2, -3],
						"0.75": [21.3, -2.3, -3],
						"2.0": [-12, -3, -3],
						"4.0": [11, -2, -3]
					},
					"position": {
						"0.0": [1, 0, 0.6],
						"0.75": [1.1, 3.8, -3.5],
						"2.0": [1.3, 0.2, -0.7],
						"4.0": [1, 0, 0.6]
					}
				}
			}
		},
		"animation.ravager.hurt": {
			"animation_length": 0.4167,
			"bones": {
				"upper_body": {
					"rotation": {
						"0.0": [0, 0, 0],
						"0.125": [9, 0, 0],
						"0.25": [-1, 0, 0],
						"0.375": [0, 0, 0]
					},
					"position": {
						"0.0": [0, 0, 0],
						"0.125": [0, -4.5, 0.8],
						"0.25": [0, 1.3, 0],
						"0.375": [0, 0, 0]
					}
				},
				"head": {
					"rotation": {
						"0.0": [0, 0, 0],
						"0.125": [-18, 0, 0],
						"0.25": [12, 0, 0],
						"0.3333": [0, 0, 0]
					},
					"position": {
						"0.0": [0, 0, 0],
						"0.125": [0, -3, 0],
						"0.3333": [0, 0, 0]
					}
				},
				"nose": {
					"rotation": {
						"0.0": [0, 0, 0],
						"0.0417": [17.25, 0, 0],
						"0.125": [-0.92, 0, 0],
						"0.2083": [-48, 0, 0],
						"0.3333": [13, 0, 0],
						"0.4167": [0, 0, 0]
					},
					"position": {
						"0.0": [0, 0, 0],
						"0.2083": [0, 0, 0.5],
						"0.4167": [0, 0, 0]
					}
				},
				"mouth": {
					"rotation": {
						"0.0": [0, 0, 0],
						"0.125": [26, 0, 0],
						"0.25": [0, 0, 0]
					},
					"position": {
						"0.0": [0, 0, 0],
						"0.125": [0, -0.5, 0],
						"0.25": [0, 0, 0]
					}
				},
				"eyelid_right": {
					"position": {
						"0.0": [0, -0.5, 0],
						"0.25": [0, -0.5, 0],
						"0.3333": [0, -1.6, 0]
					},
					"scale": {
						"0.0": [1, 1.83, 1],
						"0.25": [1, 1.83, 1]
					}
				},
				"eyelid_left": {
					"position": {
						"0.0": [0, -0.5, 0],
						"0.25": [0, -0.5, 0],
						"0.3333": [0, -1.6, 0]
					},
					"scale": {
						"0.0": [1, 1.83, 1],
						"0.25": [1, 1.83, 1]
					}
				},
				"eyeball_right": {
					"position": {
						"0.0": [0, 0, 0],
						"0.3333": [0, 0, 0],
						"0.4167": [0, 0, 0]
					},
					"scale": {
						"0.0": [0.63, 0.55, 1],
						"0.3333": [0.63, 0.55, 1],
						"0.4167": [1, 1, 1]
					}
				},
				"eyeball_left": {
					"position": {
						"0.0": [-0.1, 0, 0],
						"0.3333": [-0.1, 0, 0],
						"0.4167": [0, 0, 0]
					},
					"scale": {
						"0.0": [0.55, 0.54, 1],
						"0.3333": [0.55, 0.54, 1],
						"0.4167": [1, 1, 1]
					}
				},
				"eyebrown": {
					"rotation": {
						"0.0": [0, 0, 0],
						"0.25": [0, 0, 0]
					},
					"position": {
						"0.0": [0, 2.5, 0],
						"0.25": [0, 2.5, 0],
						"0.3333": [0, 0, 0]
					}
				},
				"leg0": {
					"rotation": {
						"0.0": [0, 0, 0],
						"0.125": [0, 0, 5],
						"0.25": [0, 0, 0]
					}
				},
				"leg1": {
					"rotation": {
						"0.0": [0, 0, 0],
						"0.125": [0, 0, -5],
						"0.25": [0, 0, 0]
					}
				},
				"leg2": {
					"rotation": {
						"0.0": [0, 0, 0],
						"0.125": [0, 0, 4],
						"0.2917": [0, 0, 0]
					}
				},
				"leg3": {
					"rotation": {
						"0.0": [0, 0, 0],
						"0.125": [0, 0, -4],
						"0.2917": [0, 0, 0]
					}
				}
			}
		}
	}
}