{
	"format_version": "1.8.0",
	"animations": {
		"animation.sheep.base": {
			"loop": true,
			"animation_length": 3,
			"bones": {
				"upper_body": {
					"rotation": {
						"0.0": [-0.7, 0, 0],
						"0.7083": [0.25, 0, 0],
						"1.5": [-0.8, 0, 0],
						"2.0833": [-1.45, 0, 0],
						"3.0": [-0.7, 0, 0]
					},
					"position": {
						"0.0": [0, -0.32, 0],
						"1.5": [0, 0.21, 0],
						"3.0": [0, -0.32, 0]
					}
				},
				"head": {
					"rotation": {
						"0.0": [0, 0, 0],
						"0.4583": [1.5, 0, 0],
						"1.5": [-0.7, 0, 0],
						"1.9583": [-1.5, 0, 0],
						"3.0": [0, 0, 0]
					},
					"position": {
						"0.0": [0, 0, 0],
						"0.5": [0, -0.2, 0],
						"1.5": [0, 0, 0],
						"2.0": [0, 0.2, 0],
						"3.0": [0, 0, 0]
					}
				},
				"body_sheep": {
					"scale": {
						"0.0": [1, 1, 1],
						"1.5": [1.02, 1, 1],
						"3.0": [1, 1, 1]
					}
				},
				"leg0": {
					"rotation": {
						"0.0": [1, 3, 1],
						"1.5": [2, 3, 1],
						"3.0": [1, 3, 1]
					},
					"position": {
						"0.0": [-0.3, 0, -0.4],
						"1.5": [-0.3, 0, -0.6],
						"3.0": [-0.3, 0, -0.4]
					}
				},
				"leg1": {
					"rotation": {
						"0.0": [1.3, -1, -0.8],
						"1.5": [2.3, -1, -0.8],
						"3.0": [1.3, -1, -0.8]
					},
					"position": {
						"0.0": [0, 0, -0.2],
						"1.5": [0, 0, -0.4],
						"3.0": [0, 0, -0.2]
					}
				},
				"leg2": {
					"rotation": {
						"0.0": [-1.0076, 3.0269, -0.0749],
						"1.5": [-0.0076, 3.0269, -0.0749],
						"3.0": [-1.0076, 3.0269, -0.0749]
					},
					"position": {
						"0.0": [-0.5, 0, -0.3],
						"1.5": [-0.5, 0, -0.5],
						"3.0": [-0.5, 0, -0.3]
					}
				},
				"leg3": {
					"rotation": {
						"0.0": [0.6, -3, -0.5],
						"1.5": [1.6, -3, -0.5],
						"3.0": [0.6, -3, -0.5]
					},
					"position": {
						"0.0": [0.5, 0, -0.3],
						"1.5": [0.5, 0, -0.5],
						"3.0": [0.5, 0, -0.3]
					}
				}
			}
		},
		"animation.sheep.base_face": {
			"loop": true,
			"animation_length": 10,
			"bones": {
				"eyelid_right": {
					"position": {
						"1.0": [0.1, -1, 0.1],
						"1.0417": [0, "-1+math.clamp(-variable.eye_target_y, 0, 23)*0.0076", 0],
						"1.1667": [0, "-1+math.clamp(-variable.eye_target_y, 0, 23)*0.0076", 0],
						"1.3333": [0, "-1+math.clamp(-variable.eye_target_y, 0, 23)*0.0076", 0],
						"1.375": [0.1, -1, 0.1],
						"6.5": [0.1, -1, 0.1],
						"6.5417": [0, "-1+math.clamp(-variable.eye_target_y, 0, 23)*0.0076", 0],
						"6.6667": [0, "-1+math.clamp(-variable.eye_target_y, 0, 23)*0.0076", 0],
						"6.8333": [0, "-1+math.clamp(-variable.eye_target_y, 0, 23)*0.0076", 0],
						"6.875": [0.1, -1, 0.1]
					},
					"scale": {
						"1.0417": [1, 0.001, 1],
						"1.1667": [1, "1+math.clamp(-variable.eye_target_y, 0, 23)*0.0076", 1],
						"1.3333": [1, 0.001, 1],
						"6.5417": [1, 0.001, 1],
						"6.6667": [1, "1+math.clamp(-variable.eye_target_y, 0, 23)*0.0076", 1],
						"6.8333": [1, 0.001, 1]
					}
				},
				"eye_r": {
					"scale": [1, "1+math.clamp(-variable.eye_target_y, 0, 23)*0.0076", 1]
				},
				"eyelid_left": {
					"position": {
						"1.0": [-0.1, -1, 0.1],
						"1.0417": [0, "-1+math.clamp(-variable.eye_target_y, 0, 23)*0.0076", 0],
						"1.1667": [0, "-1+math.clamp(-variable.eye_target_y, 0, 23)*0.0076", 0],
						"1.3333": [0, "-1+math.clamp(-variable.eye_target_y, 0, 23)*0.0076", 0],
						"1.375": [-0.1, -1, 0.1],
						"6.5": [-0.1, -1, 0.1],
						"6.5417": [0, "-1+math.clamp(-variable.eye_target_y, 0, 23)*0.0076", 0],
						"6.6667": [0, "-1+math.clamp(-variable.eye_target_y, 0, 23)*0.0076", 0],
						"6.8333": [0, "-1+math.clamp(-variable.eye_target_y, 0, 23)*0.0076", 0],
						"6.875": [-0.1, -1, 0.1]
					},
					"scale": {
						"1.0417": [1, 0.001, 1],
						"1.1667": [1, "1+math.clamp(-variable.eye_target_y, 0, 23)*0.0076", 1],
						"1.3333": [1, 0.001, 1],
						"6.5417": [1, 0.001, 1],
						"6.6667": [1, "1+math.clamp(-variable.eye_target_y, 0, 23)*0.0076", 1],
						"6.8333": [1, 0.001, 1]
					}
				},
				"eye_l": {
					"scale": [1, "1+math.clamp(-variable.eye_target_y, 0, 23)*0.0076", 1]
				}
			}
		},
		"animation.sheep.death_face": {
			"loop": "hold_on_last_frame",
			"animation_length": 0.20833,
			"bones": {
				"eyelid_right": {
					"position": {
						"0.0": [0.1, -1, 0.1],
						"0.0417": [0, -1, 0],
						"0.2083": [0, -1, 0]
					},
					"scale": {
						"0.0417": [1, 0.001, 1],
						"0.2083": [1, 1, 1]
					}
				},
				"eyelid_left": {
					"position": {
						"0.0": [-0.1, -1, 0.1],
						"0.0417": [0, -1, 0],
						"0.2083": [0, -1, 0]
					},
					"scale": {
						"0.0417": [1, 0.001, 1],
						"0.2083": [1, 1, 1]
					}
				}
			}
		},
		"animation.sheep.walking": {
			"loop": true,
			"animation_length": 2,
			"anim_time_update": "query.modified_distance_moved * 0.166",
			"bones": {
				"Root": {
					"rotation": {
						"0.0": [0, 0, -0.1],
						"1.0": [0, 0, 0.1],
						"2.0": [0, 0, -0.1]
					},
					"position": {
						"0.0": [0, 0, 0],
						"0.5": [0, 0.3, 0],
						"1.0": [0, 0, 0],
						"1.5": [0, 0.3, 0],
						"2.0": [0, 0, 0]
					}
				},
				"upper_body": {
					"rotation": {
						"0.0": [4, 0, -2.5],
						"0.4583": [-2, 0, 0],
						"1.0": [4, 0, 2.5],
						"1.5": [-2, 0, 0],
						"2.0": [4, 0, -2.5]
					},
					"position": {
						"0.0": [0, -0.1, 0],
						"0.25": [0, -0.8, 0],
						"0.625": [0, 0.3, 0],
						"1.0": [0, -0.1, 0],
						"1.25": [0, -0.8, 0],
						"1.625": [0, 0.3, 0],
						"2.0": [0, -0.1, 0]
					}
				},
				"head": {
					"rotation": {
						"0.0": [0, 0, -0.5],
						"0.2917": [7, 0, 0],
						"0.5833": [-1, 0, 0],
						"0.75": [-2, 0, 0],
						"1.0": [0, 0, 0.5],
						"1.2917": [7, 0, 0],
						"1.5833": [-1, 0, 0],
						"1.75": [-2, 0, 0],
						"2.0": [0, 0, -0.5]
					},
					"position": {
						"0.0": [0, 0, 0],
						"0.5833": [0, -0.4, 0],
						"1.0": [0, 0, 0],
						"1.5833": [0, -0.4, 0],
						"2.0": [0, 0, 0]
					}
				},
				"body_sheep": {
					"rotation": {
						"0.0": [0, 0.5, 0],
						"1.0": [0, -0.5, 0],
						"2.0": [0, 0.5, 0]
					},
					"position": {
						"0.0": [0, 0, 0],
						"0.5": [0, 0, 0.3],
						"1.0": [0, 0, 0],
						"1.5": [0, 0, 0.3],
						"2.0": [0, 0, 0]
					}
				},
				"leg0": {
					"rotation": {
						"0.0": [23, 0, -0.7],
						"0.2917": [38.33333, 0, -0.8],
						"0.6667": [-1.125, 0, -0.8875],
						"1.0": [-18, 0, -1],
						"2.0": [23, 0, -0.7]
					},
					"position": {
						"0.0": [-0.4, 0, -0.3],
						"0.2917": [-0.6, 0.4, -3],
						"0.6667": [-0.7, 1.9, -1.8],
						"1.0": [-0.4, 0, 0.2],
						"2.0": [-0.4, 0, -0.3]
					}
				},
				"leg1": {
					"rotation": {
						"0.0": [-18, 0, 1],
						"1.0": [23, 0, 0.7],
						"1.2917": [38.33333, 0, 0.8],
						"1.6667": [-1.125, 0, 0.8875],
						"2.0": [-18, 0, 1]
					},
					"position": {
						"0.0": [0.4, 0, 0.2],
						"1.0": [0.4, 0, -0.3],
						"1.2917": [0.6, 0.4, -3],
						"1.6667": [0.7, 1.9, -1.8],
						"2.0": [0.4, 0, 0.2]
					}
				},
				"leg2": {
					"rotation": {
						"0.0": [-25, 0, 1],
						"1.0": [18, 0, -0.9],
						"1.2917": [37, 0, 0.05],
						"2.0": [-25, 0, 1]
					},
					"position": {
						"0.0": [-0.6, 0, -0.4],
						"1.0": [-0.3, 0, 0.2],
						"1.2917": [-0.7, 0.3, -1.8],
						"1.625": [-0.5, 2.8, -2.04],
						"2.0": [-0.6, 0, -0.4]
					}
				},
				"leg3": {
					"rotation": {
						"0.0": [18, 0, 0.9],
						"0.2917": [37, 0, -0.05],
						"1.0": [-25, 0, -1],
						"2.0": [18, 0, 0.9]
					},
					"position": {
						"0.0": [0.3, 0, 0.2],
						"0.2917": [0.7, 0.3, -1.8],
						"0.625": [0.5, 2.8, -2.04],
						"1.0": [0.6, 0, -0.4],
						"2.0": [0.3, 0, 0.2]
					}
				}
			}
		},
		"animation.sheep.running": {
			"loop": true,
			"animation_length": 2,
			"anim_time_update": "query.modified_distance_moved * 0.235",
			"bones": {
				"Root": {
					"rotation": {
						"0.0": [0, 0, 0],
						"0.4167": [8, 0, 0],
						"0.6667": [6, 0, 0],
						"1.0": [8, 0, 0],
						"1.5": [2, 0, 0],
						"2.0": [0, 0, 0]
					},
					"position": {
						"0.0": [0, 1.1, 0],
						"0.4167": [0, 0.9, 0],
						"0.6667": [0, 0.9, 0],
						"1.0": [0, 1, 0],
						"1.5": [0, 0.4, 0],
						"2.0": [0, 1.1, 0]
					}
				},
				"upper_body": {
					"rotation": {
						"0.0": [0, 0, 0],
						"0.5": [-9, 0, 0],
						"1.0": [4, 0, 0],
						"1.125": [3.25, 0, 0],
						"2.0": [0, 0, 0]
					},
					"position": {
						"0.0": [0, -0.9, -1.5],
						"0.5": [0, -2.15, -0.35],
						"1.0": [0, -2, 1.7],
						"1.3333": [0, -2.23, 0.03],
						"1.625": [0, -1.15, -0.64],
						"2.0": [0, -0.9, -1.5]
					}
				},
				"head": {
					"rotation": {
						"0.0": [-2, 0, 0],
						"0.5": [11, 0, 0],
						"1.25": [-5, 0, 0],
						"2.0": [-2, 0, 0]
					},
					"position": {
						"0.0": [0, 0.8, 0.65],
						"0.5": [0, -0.65, -0.3],
						"1.25": [0, 0.1, 0.15],
						"2.0": [0, 0.8, 0.65]
					}
				},
				"body_sheep": {
					"rotation": {
						"0.0": [-4, 0, 0],
						"0.5": [5, 0, 0],
						"1.0": [-2, 0, 0],
						"1.5": [-6, 0, 0],
						"2.0": [-4, 0, 0]
					},
					"position": {
						"0.0": [0, 0.7, 0],
						"0.5": [0, 0.35, -0.65],
						"1.0": [0, -0.9, -1.6],
						"1.5": [0, -0.71, 0.18],
						"2.0": [0, 0.7, 0]
					}
				},
				"leg0": {
					"rotation": {
						"0.0": [31.9963, -0.87461, 0.48485],
						"0.2917": [50.87, 0, 0],
						"0.75": [4.20984, -0.37483, 0.20779],
						"1.0833": [-38.0037, -0.87461, 0.48485],
						"1.25": [-18.97429, -0.87461, 0.48485],
						"1.5833": [-9.94488, -0.87461, 0.48485],
						"2.0": [31.9963, -0.87461, 0.48485]
					},
					"position": {
						"0.0": [-0.07, 0.2, -1.9],
						"0.2917": [-0.15, -0.23, -2.62],
						"0.75": [-0.05, -0.68, -2.33],
						"1.0833": [-0.07, -2.1, 0.6],
						"1.2917": [-0.07, -1.02, -1.38],
						"1.625": [-0.07, -1.08, -1.04],
						"2.0": [-0.07, 0.2, -1.9]
					}
				},
				"leg1": {
					"rotation": {
						"0.0": [25, 0, 0],
						"0.4167": [47.87, 0, 0],
						"1.0833": [-26, 0, 0],
						"1.2917": [-8.04, 0, 0],
						"1.625": [4.09, 0, 0],
						"2.0": [25, 0, 0]
					},
					"position": {
						"0.0": [0.05, 0.2, -2.2],
						"0.4167": [0.15, -1.23, -2.72],
						"0.75": [0.05, -0.88, -1.53],
						"0.9167": [0.05, -0.89, -1.46],
						"1.0833": [0.05, -1.2, 0.6],
						"1.2917": [0.05, -1.19, -1.86],
						"1.625": [0.05, -1.19, -2.08],
						"2.0": [0.05, 0.2, -2.2]
					}
				},
				"leg2": {
					"rotation": {
						"0.0": [-27.08127, 4.56677, -1.438],
						"1.0": [14.80169, 0.70103, -2.46458],
						"1.4167": [26.54771, 3.67482, 0.35675],
						"1.625": [-6.6055, 3.99337, -0.28423],
						"2.0": [-27.08127, 4.56677, -1.438]
					},
					"position": {
						"0.0": [-0.1, 1.6, -2.2],
						"0.5": [-0.23, -0.14, 1.23],
						"1.0": [-0.2, -0.1, -0.8],
						"1.2083": [-0.25, 0.48, -2.93],
						"1.4167": [-0.19, 1.87, -4.27],
						"1.7083": [-0.15, 2.37, -1.2],
						"2.0": [-0.1, 1.6, -2.2]
					}
				},
				"leg3": {
					"rotation": {
						"0.0": [-34.06948, -2.67532, 1.97474],
						"1.0": [19.41565, -1.79276, 1.32863],
						"1.2083": [38.44243, -1.46011, 0.3852],
						"1.5417": [-1.12156, -1.61201, 0.58389],
						"2.0": [-34.06948, -2.67532, 1.97474]
					},
					"position": {
						"0.0": [0.1, 1.6, -2.2],
						"0.3333": [0.15, 0.01, 0.24],
						"0.5": [0.18, -0.11, 0.56],
						"1.0": [0.17, -0.61, -2.17],
						"1.2083": [0.17, -1.04, -4.99],
						"1.5417": [0.16, 1.62, -3.78],
						"2.0": [0.1, 1.6, -2.2]
					}
				}
			}
		},
		"animation.sheep.looking": {
			"loop": "hold_on_last_frame",
			"bones": {
				"head": {
					"rotation": ["query.target_x_rotation", "math.clamp(query.target_y_rotation, -50, 50)", "math.clamp(query.target_y_rotation, -25, 25)*0.074"]
				},
				"body_sheep": {
					"rotation": [0, "math.clamp(query.target_y_rotation, -35, 35)*0.158", "math.clamp(query.target_y_rotation, -8, 8)*-0.084"]
				},
				"eyeball_right": {
					"position": ["math.clamp(-variable.eye_target_x, 0, 45)*0.0106", "math.clamp(-variable.eye_target_y, 0, 23)*0.0076", 0]
				},
				"eyeball_left": {
					"position": ["math.clamp(-variable.eye_target_x, -45, 0)*0.0106", "math.clamp(-variable.eye_target_y, 0, 23)*0.0076", 0]
				},
				"leg0": {
					"rotation": [0, "math.clamp(query.target_y_rotation, -15, 35)*0.258", "math.clamp(query.target_y_rotation, -10, 25)*-0.064"]
				},
				"leg1": {
					"rotation": [0, "math.clamp(query.target_y_rotation, -15, 35)*0.258", "math.clamp(query.target_y_rotation, -10, 25)*-0.064"]
				},
				"leg2": {
					"rotation": [0, "math.clamp(query.target_y_rotation, -15, 35)*0.598", "math.clamp(query.target_y_rotation, -5, 25)*-0.174"],
					"position": ["math.clamp(query.target_y_rotation, -5, 35)*-0.01", 0, "math.clamp(query.target_y_rotation, -15, 35)*-0.018"]
				},
				"leg3": {
					"rotation": [0, "math.clamp(query.target_y_rotation, -35, 15)*0.598", "math.clamp(query.target_y_rotation, -25, 5)*-0.174"],
					"position": ["math.clamp(query.target_y_rotation, -35, 5)*-0.01", 0, "math.clamp(query.target_y_rotation, -45, 15)*0.018"]
				}
			}
		},
		"animation.sheep.baby": {
			"loop": true,
			"bones": {
				"head": {
					"position": [0, 4, 4],
					"scale": 2
				}
			}
		},
		"animation.sheep.swimming": {
			"loop": true,
			"animation_length": 2,
			"bones": {
				"head": {
					"rotation": {
						"0.0": [-3, 0, -0.13],
						"0.5": [3, 0, 0],
						"1.0": [-3, 0, 0.13],
						"1.5": [3, 0, 0],
						"2.0": [-3, 0, -0.13]
					},
					"position": {
						"0.0": [0, 0, 0],
						"0.5": [0, -0.4, 0],
						"1.0": [0, 0, 0],
						"1.5": [0, -0.4, 0],
						"2.0": [0, 0, 0]
					}
				},
				"Root": {
					"rotation": {
						"0.0": [-3, 0, -0.5],
						"1.0": [-3, 0, 0.5],
						"2.0": [-3, 0, -0.5]
					},
					"position": {
						"0.0": [0, 0, 0],
						"0.5": [0, 0.4, 0],
						"1.0": [0, 0, 0],
						"1.5": [0, 0.4, 0],
						"2.0": [0, 0, 0]
					}
				},
				"upper_body": {
					"rotation": {
						"0.0": [2, 0, -1.5],
						"0.5": [0, 0, 0],
						"1.0": [2, 0, 1.5],
						"1.5": [0, 0, 0],
						"2.0": [2, 0, -1.5]
					},
					"position": {
						"0.0": [0, -0.1, 0],
						"0.25": [0, -0.8, 0],
						"0.625": [0, 0.2, 0],
						"1.0": [0, -0.1, 0],
						"1.25": [0, -0.8, 0],
						"1.625": [0, 0.2, 0],
						"2.0": [0, -0.1, 0]
					}
				},
				"body_sheep": {
					"rotation": {
						"0.0": [0, 2, 0],
						"1.0": [0, -2, 0],
						"2.0": [0, 2, 0]
					},
					"position": {
						"0.0": [0, 0, 0],
						"0.5": [0, 0, 0.3],
						"1.0": [0, 0, 0],
						"1.5": [0, 0, 0.3],
						"2.0": [0, 0, 0]
					}
				},
				"leg0": {
					"rotation": {
						"0.0": [23, 0, -0.7],
						"0.125": [33, 0, -0.7],
						"0.4583": [43, 0, -0.7],
						"1.0": [-18, 0, -1],
						"1.125": [-21, 0, -1],
						"1.4583": [-31, 0, -1],
						"2.0": [23, 0, -0.7]
					},
					"position": {
						"0.0": [-0.1, 0, -0.3],
						"0.125": [-0.1, 0, -0.8],
						"0.4583": [-0.14, 0, -2.92],
						"1.0": [-0.2, 0, 0.2],
						"1.125": [0.2, 0, -0.2],
						"1.4583": [0.11, -0.6, 1.86],
						"2.0": [-0.1, 0, -0.3]
					}
				},
				"leg1": {
					"rotation": {
						"0.0": [-18, 0, 1],
						"0.125": [-21, 0, 1],
						"0.4583": [-31, 0, 1],
						"1.0": [30, 0, 0.7],
						"1.125": [33, 0, 0.7],
						"1.4583": [43, 0, 0.7],
						"2.0": [-18, 0, 1]
					},
					"position": {
						"0.0": [0.2, 0, 0.2],
						"0.125": [-0.2, 0, -0.2],
						"0.4583": [-0.11, -0.6, 1.86],
						"1.0": [0.1, 0, -0.8],
						"1.125": [0.1, 0, -0.8],
						"1.4583": [0.14, 0, -2.92],
						"2.0": [0.2, 0, 0.2]
					}
				},
				"leg2": {
					"rotation": {
						"0.0": [-25, 0, 1],
						"0.125": [-28, 0, 1],
						"0.4583": [-38, 0, 1],
						"1.0": [18, 0, -0.9],
						"1.125": [21, 0, -0.9],
						"1.4583": [31, 0, -0.9],
						"2.0": [-25, 0, 1]
					},
					"position": {
						"0.0": [-0.2, 0, -0.4],
						"0.125": [-0.2, 0, -0.4],
						"0.4583": [-0.11, 0.4, 1.26],
						"1.0": [0, 0, -0.8],
						"1.125": [0, 0, -0.8],
						"1.4583": [-0.08, 0.4, -3.15],
						"2.0": [-0.2, 0, -0.4]
					}
				},
				"leg3": {
					"rotation": {
						"0.0": [18, 0, 0.9],
						"0.125": [21, 0, 0.9],
						"0.4583": [31, 0, 0.9],
						"1.0": [-25, 0, -1],
						"1.125": [-28, 0, -1],
						"1.4583": [-38, 0, -1],
						"2.0": [18, 0, 0.9]
					},
					"position": {
						"0.0": [0, 0, 0.2],
						"0.125": [0, 0, -0.8],
						"0.4583": [0.08, 0.4, -3.15],
						"1.0": [0.2, 0, -0.4],
						"1.125": [0.2, 0, -0.4],
						"1.4583": [0.11, 0.4, 1.26],
						"2.0": [0, 0, 0.2]
					}
				}
			}
		},
		"animation.sheep.hurt": {
			"animation_length": 0.375,
			"bones": {
				"head": {
					"rotation": {
						"0.0": [0, 0, 0],
						"0.125": [-18, 0, 0],
						"0.25": [12, 0, 0],
						"0.3333": [0, 0, 0]
					},
					"position": {
						"0.0": [0, 0, 0],
						"0.125": [0, -0.2, 0],
						"0.3333": [0, 0, 0]
					}
				},
				"upper_body": {
					"rotation": {
						"0.0": [0, 0, 0],
						"0.125": [13, 0, 0],
						"0.25": [-1, 0, 0],
						"0.375": [0, 0, 0]
					},
					"position": {
						"0.0": [0, 0, 0],
						"0.125": [0, -2.6, 0.8],
						"0.25": [0, -1, 0],
						"0.375": [0, 0, 0]
					}
				},
				"body_sheep": {
					"scale": {
						"0.0": [1, 1, 1],
						"0.0833": [1, 1, 0.85],
						"0.2083": [1, 1, 1]
					}
				},
				"eyeball_right": {
					"scale": {
						"0.0": [0.75, 0.79, 1],
						"0.2917": [0.75, 0.79, 1],
						"0.375": [1, 1, 1]
					}
				},
				"eyelid_right": {
					"position": {
						"0.0": [0, -0.8, 0],
						"0.0417": [0.1, -1, 0.1]
					},
					"scale": [1, 0.001, 1]
				},
				"eye_r": {
					"scale": {
						"0.0": [1, 1.19, 1],
						"0.2917": [1, 1.19, 1],
						"0.375": [1, 1, 1]
					}
				},
				"eyeball_left": {
					"scale": {
						"0.0": [0.82, 0.83, 1],
						"0.2917": [0.82, 0.83, 1],
						"0.375": [1, 1, 1]
					}
				},
				"eyelid_left": {
					"position": {
						"0.0": [0, -0.8, 0],
						"0.0417": [-0.1, -1, 0.1]
					},
					"scale": [1, 0.001, 1]
				},
				"eye_l": {
					"scale": {
						"0.0": [1, 1.18, 1],
						"0.2917": [1, 1.18, 1],
						"0.375": [1, 1, 1]
					}
				}
			}
		},
		"animation.sheep.grazing_grass": {
			"loop": "hold_on_last_frame",
			"animation_length": 2.66667,
			"bones": {
				"head": {
					"rotation": {
						"0.0": [9, 0, 0],
						"0.2083": [36, 0, 0],
						"0.5417": [32, 0, 0],
						"1.0": [36, 0, 0],
						"1.4167": [32, 0, 0],
						"1.7917": [36, 0, 0],
						"2.25": [32, 0, 0],
						"2.6667": [36, 0, 0]
					},
					"position": {
						"0.0": [0, 0, 0],
						"0.2083": [0, -9, -0.3]
					}
				},
				"upper_body": {
					"rotation": {
						"0.0": [-0.7, 0, 0],
						"0.25": [10.3, 0, 0]
					},
					"position": {
						"0.0": [0, -0.12, 0],
						"0.25": [0, -1.82, 0],
						"0.9583": [0, -1.92, 0],
						"1.625": [0, -1.82, 0],
						"2.2083": [0, -1.92, 0]
					}
				},
				"body_sheep": {
					"rotation": {
						"0.0": [0, 0, 0],
						"0.25": [-6, 0, 0]
					},
					"position": {
						"0.0": [0, 0, 0],
						"0.25": [0, -0.6, 2.1],
						"0.625": [0, -0.8, 2.1],
						"1.0": [0, -0.6, 2.1],
						"1.375": [0, -0.8, 2.1],
						"1.8333": [0, -0.6, 2.1],
						"2.2083": [0, -0.8, 2.1],
						"2.5833": [0, -0.6, 2.1]
					},
					"scale": 1
				},
				"leg0": {
					"rotation": {
						"0.0": [1, 3, 1],
						"0.25": [-1, 3, 1]
					},
					"position": {
						"0.0": [-0.1, 0, -0.4],
						"0.25": [-0.1, 0, 0.1]
					}
				},
				"leg1": {
					"rotation": {
						"0.0": [1.3, -1, -0.8],
						"0.25": [-1, -3, -1]
					},
					"position": {
						"0.0": [-0.2, 0, -0.2],
						"0.25": [0.1, 0, 0.1]
					}
				},
				"leg2": {
					"rotation": {
						"0.0": [-1.0076, 3.0269, -0.0749],
						"0.25": [-3.4, 3, 0.5]
					},
					"position": {
						"0.0": [0, 0, -0.3],
						"0.25": [0, 0, 0.6]
					}
				},
				"leg3": {
					"rotation": {
						"0.0": [0.6, -3, -0.5],
						"0.25": [-3.4, -3, -0.5]
					},
					"position": {
						"0.0": [0, 0, -0.3],
						"0.25": [0, 0, 0.6]
					}
				}
			}
		},
		"animation.sheep.sheared": {
			"animation_length": 0.375,
			"bones": {
				"head": {
					"rotation": {
						"0.0": [0, 0, 0],
						"0.0833": [-8, 0, 0],
						"0.25": [0, 0, 0]
					},
					"position": {
						"0.0": [0, 0, 0],
						"0.0833": [0, -0.3, 0],
						"0.25": [0, 0, 0]
					}
				},
				"upper_body": {
					"rotation": {
						"0.0": [0, 0, 0],
						"0.0833": [5, 0, 0],
						"0.2083": [-5, 0, 0],
						"0.2917": [0, 0, 0]
					},
					"position": {
						"0.0": [0, 0, 0],
						"0.0833": [0, -1.6, 0.8],
						"0.2083": [0, -0.4, 0],
						"0.2917": [0, 0, 0]
					}
				}
			}
		}
	}
}