{
	"format_version": "1.8.0",
	"animations": {
		"animation.villager.base": {
			"loop": true,
			"animation_length": 3,
			"bones": {
				"upper_body": {
					"rotation": {
						"0.0": [0, 0, 0],
						"1.5": [0.9, 0, 0],
						"3.0": [0, 0, 0]
					},
					"position": {
						"0.0": [0, 0, 0],
						"1.5": [0, 0.55, 0],
						"3.0": [0, 0, 0]
					}
				},
				"arms": {
					"rotation": {
						"0.0": [-62.00436, 0.70709, 0],
						"0.5417": [-59.6919, 0.70709, 0],
						"1.5": [-62.0044, 0.70709, 0],
						"2.0417": [-65.00439, 0.70709, 0],
						"3.0": [-62.00436, 0.70709, 0]
					},
					"position": {
						"0.0": [0, -1.5, -0.5],
						"0.4167": [0, -1.75, -0.5],
						"1.5": [0, -1.5, -0.5],
						"2.0417": [0, -1.35, -0.5],
						"3.0": [0, -1.5, -0.5]
					}
				},
				"head": {
					"rotation": {
						"0.0": [0.8, 0, 0],
						"0.3333": [1.3, 0, 0],
						"1.5": [0.1, 0, 0],
						"1.875": [-0.2, 0, 0],
						"3.0": [0.8, 0, 0]
					},
					"position": {
						"0.0": [0, 0, 0],
						"0.375": [0, -0.2, 0],
						"1.5": [0, 0, 0],
						"1.875": [0, 0.2, 0],
						"3.0": [0, 0, 0]
					}
				},
				"nose": {
					"position": {
						"0.0": [0, 0, 0],
						"1.4167": [0, 0.1, 0],
						"3.0": [0, 0, 0]
					}
				},
				"leg0": {
					"rotation": {
						"0.0": [0.2, 4, 0.4],
						"1.5": [0.2, 4, 0.4],
						"3.0": [0.2, 4, 0.4]
					},
					"position": {
						"0.0": [-0.16, 0, -0.2],
						"1.5": [-0.16, 0, -0.2],
						"3.0": [-0.16, 0, -0.2]
					}
				},
				"leg1": {
					"rotation": {
						"0.0": [0, -3.5, -0.4],
						"1.5": [0, -3.5, -0.4],
						"3.0": [0, -3.5, -0.4]
					},
					"position": {
						"0.0": [0.06, 0, 0.2],
						"1.5": [0.06, 0, 0.2],
						"3.0": [0.06, 0, 0.2]
					}
				},
				"body1": {
					"scale": {
						"0.0": [1, 1, 1],
						"1.5": [1, 1, 1.025],
						"3.0": [1, 1, 1]
					}
				}
			}
		},
		"animation.villager.walking": {
			"loop": true,
			"animation_length": 1.5,
			"anim_time_update": "query.modified_distance_moved * 0.11",
			"bones": {
				"upper_body": {
					"rotation": {
						"0.0": [2, 0, -0.6],
						"0.375": [0, 0, 0],
						"0.75": [2, 0, 0.6],
						"1.125": [0, 0, 0],
						"1.5": [2, 0, -0.6]
					},
					"position": {
						"0.0": [0, -1, 0],
						"0.25": [0, -0.1, 0],
						"0.375": [0, 0, 0],
						"0.75": [0, -1, 0],
						"1.0": [0, -0.1, 0],
						"1.125": [0, 0, 0],
						"1.5": [0, -1, 0]
					}
				},
				"arms": {
					"rotation": {
						"0.0": [-62.00436, 2.7071, -1],
						"0.375": [-65.0044, 0.70709, 0],
						"0.75": [-62.00436, -2.7071, 1],
						"1.125": [-65.0044, 0.70709, 0],
						"1.5": [-62.00436, 2.7071, -1]
					},
					"position": {
						"0.0": [0, -1.5, -0.5],
						"0.2917": [0, -1.1, -0.5],
						"0.75": [0, -1.5, -0.5],
						"1.0417": [0, -1.1, -0.5],
						"1.5": [0, -1.5, -0.5]
					}
				},
				"head": {
					"rotation": {
						"0.0": [-2, 0, -0.3],
						"0.2917": [0, 0, 0],
						"0.75": [-2, 0, 0.3],
						"1.0417": [0, 0, 0],
						"1.5": [-2, 0, -0.3]
					},
					"position": {
						"0.0": [0, 0, 0],
						"0.75": [0, 0, 0],
						"1.5": [0, 0, 0]
					}
				},
				"nose": {
					"rotation": {
						"0.0": [-1, 0, -2.8],
						"0.25": [-1, 0, -3.1],
						"0.75": [-1, 0, 2.8],
						"1.0": [-1, 0, 3.1],
						"1.5": [-1, 0, -2.8]
					},
					"position": {
						"0.0": [0, 0, 0],
						"0.25": [0, 0, 0],
						"0.75": [0, 0, 0],
						"1.0": [0, 0, 0],
						"1.5": [0, 0, 0]
					}
				},
				"leg0": {
					"rotation": {
						"0.0": [-25.0628, 1.3914, 0.1222],
						"0.75": [27, 0, -0.4],
						"1.0": [21.6457, 0.4638, -0.2259],
						"1.5": [-25.0628, 1.3914, 0.1222]
					},
					"position": {
						"0.0": [-0.1, -0.3, -0.3],
						"0.75": [-0.1, -0.4, -1.3],
						"1.0": [-0.1, 0.4, -1],
						"1.25": [-0.1, 2, -0.5],
						"1.5": [-0.1, -0.3, -0.3]
					}
				},
				"leg1": {
					"rotation": {
						"0.0": [27, 0, 0.4],
						"0.25": [21.6457, -0.4638, 0.22593],
						"0.75": [-25.0628, -1.3914, -0.1222],
						"1.5": [27, 0, 0.4]
					},
					"position": {
						"0.0": [0.1, -0.4, -1.3],
						"0.25": [0.1, 0.4, -1],
						"0.5": [0.1, 2, -0.5],
						"0.75": [0.1, -0.3, -0.3],
						"1.5": [0.1, -0.4, -1.3]
					}
				}
			}
		},
		"animation.villager.base_face": {
			"loop": "hold_on_last_frame",
			"animation_length": 10,
			"bones": {
				"right": {
					"scale": [1, 2.03, 1]
				},
				"eye_layer_x": {
					"scale": [1, 2.05, 1]
				},
				"top": {
					"position": [0, 1, 0]
				},
				"left": {
					"scale": [1, 2.03, 1]
				},
				"eye_layer_x2": {
					"scale": [1, 2.05, 1]
				},
				"top2": {
					"position": [0, 1, 0]
				},
				"eyelid_right": {
					"position": {
						"1.0": [
							0,
							"math.clamp(-variable.eye_target_x, -40, 0)*-0.0065+math.clamp(variable.eye_target_y, 0, 90)*-0.0065+math.clamp(variable.eye_target_y, -50, 0)*-0.008+math.clamp(-variable.eye_target_x, 0, 40)*0.0065",
							0
						],
						"1.125": [0, -1, 0],
						"1.2917": [
							0,
							"math.clamp(-variable.eye_target_x, -40, 0)*-0.0065+math.clamp(variable.eye_target_y, 0, 90)*-0.0065+math.clamp(variable.eye_target_y, -50, 0)*-0.008+math.clamp(-variable.eye_target_x, 0, 40)*0.0065",
							0
						],
						"6.5": [
							0,
							"math.clamp(-variable.eye_target_x, -40, 0)*-0.0065+math.clamp(variable.eye_target_y, 0, 90)*-0.0065+math.clamp(variable.eye_target_y, -50, 0)*-0.008+math.clamp(-variable.eye_target_x, 0, 40)*0.0065",
							0
						],
						"6.625": [0, -1, 0],
						"6.7917": [
							0,
							"math.clamp(-variable.eye_target_x, -40, 0)*-0.0065+math.clamp(variable.eye_target_y, 0, 90)*-0.0065+math.clamp(variable.eye_target_y, -50, 0)*-0.008+math.clamp(-variable.eye_target_x, 0, 40)*0.0065",
							0
						]
					},
					"scale": {
						"1.0": [1, 1.83, 1],
						"1.125": [1, 2.03, 1],
						"1.2917": [1, 1.83, 1],
						"6.5": [1, 1.83, 1],
						"6.625": [1, 2.03, 1],
						"6.7917": [1, 1.83, 1]
					}
				},
				"eyelid_left": {
					"position": {
						"1.0": [
							0,
							"math.clamp(-variable.eye_target_x, 0, 40)*0.0065+math.clamp(variable.eye_target_y, 0, 90)*-0.0065+math.clamp(variable.eye_target_y, -50, 0)*-0.008+math.clamp(-variable.eye_target_x, -40, 0)*-0.0065",
							0
						],
						"1.125": [0, -1, 0],
						"1.2917": [
							0,
							"math.clamp(-variable.eye_target_x, 0, 40)*0.0065+math.clamp(variable.eye_target_y, 0, 90)*-0.0065+math.clamp(variable.eye_target_y, -50, 0)*-0.008+math.clamp(-variable.eye_target_x, -40, 0)*-0.0065",
							0
						],
						"6.5": [
							0,
							"math.clamp(-variable.eye_target_x, 0, 40)*0.0065+math.clamp(variable.eye_target_y, 0, 90)*-0.0065+math.clamp(variable.eye_target_y, -50, 0)*-0.008+math.clamp(-variable.eye_target_x, -40, 0)*-0.0065",
							0
						],
						"6.625": [0, -1, 0],
						"6.7917": [
							0,
							"math.clamp(-variable.eye_target_x, 0, 40)*0.0065+math.clamp(variable.eye_target_y, 0, 90)*-0.0065+math.clamp(variable.eye_target_y, -50, 0)*-0.008+math.clamp(-variable.eye_target_x, -40, 0)*-0.0065",
							0
						]
					},
					"scale": {
						"1.0": [1, 1.83, 1],
						"1.125": [1, 2.03, 1],
						"1.2917": [1, 1.83, 1],
						"6.5": [1, 1.83, 1],
						"6.625": [1, 2.03, 1],
						"6.7917": [1, 1.83, 1]
					}
				},
				"eyebrown": {
					"rotation": [0, 0, "math.clamp(-variable.eye_target_x, 0, 45)*-0.07+math.clamp(-variable.eye_target_x, -45, 0)*-0.07"],
					"position": [
						0,
						"math.clamp(-variable.eye_target_x, -40, 0)*-0.0158+math.clamp(variable.eye_target_y, -55, 0)*-0.0088+math.clamp(variable.eye_target_y, 0, 90)*-0.0065+math.clamp(-variable.eye_target_x, 0, 40)*0.0158",
						0
					]
				}
			}
		},
		"animation.villager.base_face2": {
			"loop": "hold_on_last_frame",
			"animation_length": 10,
			"bones": {
				"right": {
					"scale": [1, 2.03, 1]
				},
				"eye_layer_x": {
					"scale": [1, 2.05, 1]
				},
				"top": {
					"position": [0, 1, 0]
				},
				"left": {
					"scale": [1, 2.03, 1]
				},
				"eye_layer_x2": {
					"scale": [1, 2.05, 1]
				},
				"top2": {
					"position": [0, 1, 0]
				},
				"eyelid_right": {
					"position": {
						"1.0": [0, "math.clamp(variable.eye_target_y, 0, 90)*-0.0065+math.clamp(variable.eye_target_y, -50, 0)*-0.008", 0],
						"1.125": [0, -1, 0],
						"1.2917": [0, "math.clamp(variable.eye_target_y, 0, 90)*-0.0065+math.clamp(variable.eye_target_y, -50, 0)*-0.008", 0],
						"6.5": [0, "math.clamp(variable.eye_target_y, 0, 90)*-0.0065+math.clamp(variable.eye_target_y, -50, 0)*-0.008", 0],
						"6.625": [0, -1, 0],
						"6.7917": [0, "math.clamp(variable.eye_target_y, 0, 90)*-0.0065+math.clamp(variable.eye_target_y, -50, 0)*-0.008", 0]
					},
					"scale": {
						"1.0": [1, 1.83, 1],
						"1.125": [1, 2.03, 1],
						"1.2917": [1, 1.83, 1],
						"6.5": [1, 1.83, 1],
						"6.625": [1, 2.03, 1],
						"6.7917": [1, 1.83, 1]
					}
				},
				"eyelid_left": {
					"position": {
						"1.0": [0, "math.clamp(variable.eye_target_y, 0, 90)*-0.0065+math.clamp(variable.eye_target_y, -50, 0)*-0.008", 0],
						"1.125": [0, -1, 0],
						"1.2917": [0, "math.clamp(variable.eye_target_y, 0, 90)*-0.0065+math.clamp(variable.eye_target_y, -50, 0)*-0.008", 0],
						"6.5": [0, "math.clamp(variable.eye_target_y, 0, 90)*-0.0065+math.clamp(variable.eye_target_y, -50, 0)*-0.008", 0],
						"6.625": [0, -1, 0],
						"6.7917": [0, "math.clamp(variable.eye_target_y, 0, 90)*-0.0065+math.clamp(variable.eye_target_y, -50, 0)*-0.008", 0]
					},
					"scale": {
						"1.0": [1, 1.83, 1],
						"1.125": [1, 2.03, 1],
						"1.2917": [1, 1.83, 1],
						"6.5": [1, 1.83, 1],
						"6.625": [1, 2.03, 1],
						"6.7917": [1, 1.83, 1]
					}
				},
				"eyebrown": {
					"position": [0, "math.clamp(variable.eye_target_y, -55, 0)*-0.0069+math.clamp(variable.eye_target_y, 0, 90)*-0.0065", 0]
				}
			}
		},
		"animation.villager.base_face3": {
			"loop": "hold_on_last_frame",
			"animation_length": 10,
			"bones": {
				"right": {
					"scale": [1, 2.03, 1]
				},
				"eye_layer_x": {
					"scale": [1, 2.05, 1]
				},
				"top": {
					"position": [0, 1, 0]
				},
				"left": {
					"scale": [1, 2.03, 1]
				},
				"eye_layer_x2": {
					"scale": [1, 2.05, 1]
				},
				"top2": {
					"position": [0, 1, 0]
				},
				"eyelid_right": {
					"position": {
						"1.0": [
							0,
							"math.clamp(-variable.eye_target_x, -40, 0)*-0.0065+math.clamp(variable.eye_target_y, 0, 90)*-0.0065+math.clamp(variable.eye_target_y, -50, 0)*-0.008+math.clamp(-variable.eye_target_x, 0, 40)*0.0065",
							0
						],
						"1.125": [0, -1, 0],
						"1.2917": [
							0,
							"math.clamp(-variable.eye_target_x, -40, 0)*-0.0065+math.clamp(variable.eye_target_y, 0, 90)*-0.0065+math.clamp(variable.eye_target_y, -50, 0)*-0.008+math.clamp(-variable.eye_target_x, 0, 40)*0.0065",
							0
						],
						"6.5": [
							0,
							"math.clamp(-variable.eye_target_x, -40, 0)*-0.0065+math.clamp(variable.eye_target_y, 0, 90)*-0.0065+math.clamp(variable.eye_target_y, -50, 0)*-0.008+math.clamp(-variable.eye_target_x, 0, 40)*0.0065",
							0
						],
						"6.625": [0, -1, 0],
						"6.7917": [
							0,
							"math.clamp(-variable.eye_target_x, -40, 0)*-0.0065+math.clamp(variable.eye_target_y, 0, 90)*-0.0065+math.clamp(variable.eye_target_y, -50, 0)*-0.008+math.clamp(-variable.eye_target_x, 0, 40)*0.0065",
							0
						]
					},
					"scale": {
						"1.0": [1, 1.83, 1],
						"1.125": [1, 2.03, 1],
						"1.2917": [1, 1.83, 1],
						"6.5": [1, 1.83, 1],
						"6.625": [1, 2.03, 1],
						"6.7917": [1, 1.83, 1]
					}
				},
				"eyelid_left": {
					"position": {
						"1.0": [
							0,
							"math.clamp(-variable.eye_target_x, 0, 40)*0.0065+math.clamp(variable.eye_target_y, 0, 90)*-0.0065+math.clamp(variable.eye_target_y, -50, 0)*-0.008+math.clamp(-variable.eye_target_x, -40, 0)*-0.0065",
							0
						],
						"1.125": [0, -1, 0],
						"1.2917": [
							0,
							"math.clamp(-variable.eye_target_x, 0, 40)*0.0065+math.clamp(variable.eye_target_y, 0, 90)*-0.0065+math.clamp(variable.eye_target_y, -50, 0)*-0.008+math.clamp(-variable.eye_target_x, -40, 0)*-0.0065",
							0
						],
						"6.5": [
							0,
							"math.clamp(-variable.eye_target_x, 0, 40)*0.0065+math.clamp(variable.eye_target_y, 0, 90)*-0.0065+math.clamp(variable.eye_target_y, -50, 0)*-0.008+math.clamp(-variable.eye_target_x, -40, 0)*-0.0065",
							0
						],
						"6.625": [0, -1, 0],
						"6.7917": [
							0,
							"math.clamp(-variable.eye_target_x, 0, 40)*0.0065+math.clamp(variable.eye_target_y, 0, 90)*-0.0065+math.clamp(variable.eye_target_y, -50, 0)*-0.008+math.clamp(-variable.eye_target_x, -40, 0)*-0.0065",
							0
						]
					},
					"scale": {
						"1.0": [1, 1.83, 1],
						"1.125": [1, 2.03, 1],
						"1.2917": [1, 1.83, 1],
						"6.5": [1, 1.83, 1],
						"6.625": [1, 2.03, 1],
						"6.7917": [1, 1.83, 1]
					}
				},
				"eyebrown": {
					"position": [
						0,
						"math.clamp(-variable.eye_target_x, -40, 0)*-0.0058+math.clamp(variable.eye_target_y, -55, 0)*-0.0088+math.clamp(variable.eye_target_y, 0, 90)*-0.0065+math.clamp(-variable.eye_target_x, 0, 40)*0.0058",
						0
					]
				}
			}
		},
		"animation.villager.running": {
			"loop": true,
			"animation_length": 1.5,
			"anim_time_update": "query.modified_distance_moved * 0.11",
			"bones": {
				"Root": {
					"rotation": {
						"0.0": [2, 0, 0],
						"0.375": [1, 0, 0],
						"0.75": [2, 0, 0],
						"1.0833": [1, 0, 0],
						"1.5": [2, 0, 0]
					}
				},
				"upper_body": {
					"rotation": {
						"0.0": [3, 0, -1.6],
						"0.3333": [5, 0, 0],
						"0.75": [3, 0, 1.6],
						"1.0833": [5, 0, 0],
						"1.5": [3, 0, -1.6]
					},
					"position": {
						"0.0": [0, -1.5, 0],
						"0.25": [0, -0.1, 0],
						"0.375": [0, 0.2, 0],
						"0.75": [0, -1.5, 0],
						"1.0": [0, -0.1, 0],
						"1.125": [0, 0.2, 0],
						"1.5": [0, -1.5, 0]
					}
				},
				"arms": {
					"rotation": {
						"0.0": [-80.00436, 5.7071, -1],
						"0.25": [-74, 0, 0],
						"0.5": [-86.00238, -1.4766, 0.54545],
						"0.75": [-80.00436, -5.7071, 1],
						"1.0": [-74, 0, 0],
						"1.25": [-86.00238, 1.4766, -0.5455],
						"1.5": [-80.00436, 5.7071, -1]
					},
					"position": {
						"0.0": [0, -1.5, -1.2],
						"0.25": [0, -0.8, -1.2],
						"0.75": [0, -1.5, -1.2],
						"1.0": [0, -0.8, -1.2],
						"1.5": [0, -1.5, -1.2]
					}
				},
				"head": {
					"rotation": {
						"0.0": [-7, 0, -0.7],
						"0.2917": [-1.5, 0, -0.15],
						"0.4583": [-1, 0, -0.15],
						"0.75": [-7, 0, 0.7],
						"1.0417": [-1.5, 0, 0],
						"1.2083": [-1, 0, -0.15],
						"1.5": [-7, 0, -0.7]
					},
					"position": {
						"0.0": [0, 0, 0],
						"0.75": [0, 0, 0],
						"1.5": [0, 0, 0]
					}
				},
				"nose": {
					"rotation": {
						"0.0": [-1, 0, -9.5],
						"0.1667": [-1, 0, -9.8],
						"0.75": [-1, 0, 9.5],
						"0.9167": [-1, 0, 9.8],
						"1.5": [-1, 0, -9.5]
					},
					"position": {
						"0.0": [0, 0, 0],
						"0.1667": [0, 0, 0],
						"0.75": [0, 0, 0],
						"0.9167": [0, 0, 0],
						"1.5": [0, 0, 0]
					}
				},
				"leg0": {
					"rotation": {
						"0.0": [-30.0628, 1.3914, 0.1222],
						"0.75": [25, 0, -0.4],
						"1.0": [24.6457, 0.4638, -0.2259],
						"1.5": [-30.0628, 1.3914, 0.1222]
					},
					"position": {
						"0.0": [-0.1, -0.3, -1.1],
						"0.75": [-0.1, -0.4, -0.2],
						"1.0": [-0.1, 0.4, -2.5],
						"1.2083": [0.1, 1.48, -2],
						"1.5": [-0.1, -0.3, -1.1]
					}
				},
				"leg1": {
					"rotation": {
						"0.0": [25, 0, 0.4],
						"0.2917": [24.6457, -0.4638, 0.22593],
						"0.75": [-30.0628, -1.3914, -0.1222],
						"1.5": [25, 0, 0.4]
					},
					"position": {
						"0.0": [0.1, -0.4, -0.2],
						"0.2917": [0.1, 0.4, -2.5],
						"0.5": [0.1, 1.48, -2],
						"0.75": [0.1, -0.3, -1.1],
						"1.5": [0.1, -0.4, -0.2]
					}
				}
			}
		},
		"animation.villager.avoid_face": {
			"loop": true,
			"animation_length": 1,
			"bones": {
				"right": {
					"scale": [1, 2.03, 1]
				},
				"eye_layer_x": {
					"scale": [1, 2.05, 1]
				},
				"top": {
					"position": [0, 1, 0]
				},
				"left": {
					"scale": [1, 2.03, 1]
				},
				"eye_layer_x2": {
					"scale": [1, 2.05, 1]
				},
				"top2": {
					"position": [0, 1, 0]
				},
				"eyelid_right": {
					"position": [0, 0.7, 0],
					"scale": [1, 1.83, 1]
				},
				"eyelid_left": {
					"position": [0, 0.7, 0],
					"scale": [1, 1.83, 1]
				},
				"eyebrown": {
					"rotation": [0, 0, "math.clamp(-variable.eye_target_x, 0, 45)*-0.12+math.clamp(-variable.eye_target_x, -45, 0)*-0.12"],
					"position": [
						0,
						"1+math.clamp(-variable.eye_target_x, -20, 0)*-0.0058+math.clamp(variable.eye_target_y, -20, 0)*-0.0088+math.clamp(variable.eye_target_y, 0, 65)*-0.0065+math.clamp(-variable.eye_target_x, 0, 20)*0.0058",
						0
					]
				},
				"eyeball_right": {
					"position": [0, 0.3, 0]
				},
				"eyeball_left": {
					"position": [0, 0.3, 0]
				}
			}
		},
		"animation.villager.sleep_face": {
			"loop": "hold_on_last_frame",
			"animation_length": 0.20833,
			"bones": {
				"right": {
					"scale": [1, 2.03, 1]
				},
				"eye_layer_x": {
					"scale": [1, 2.05, 1]
				},
				"top": {
					"position": [0, 1, 0]
				},
				"left": {
					"scale": [1, 2.03, 1]
				},
				"eye_layer_x2": {
					"scale": [1, 2.05, 1]
				},
				"top2": {
					"position": [0, 1, 0]
				},
				"eyelid_right": {
					"position": {
						"0.0": [0, 0, 0],
						"0.2083": [0, -1, 0]
					},
					"scale": [1, 2.03, 1]
				},
				"eyelid_left": {
					"position": {
						"0.0": [0, 0, 0],
						"0.2083": [0, -1, 0]
					},
					"scale": [1, 2.03, 1]
				},
				"eyebrown": {
					"position": {
						"0.0": [0, 0, 0],
						"0.2083": [0, -0.1, 0]
					}
				}
			}
		},
		"animation.villager.sleep_bed": {
			"loop": true,
			"animation_length": 2.375,
			"bones": {
				"Root": {
					"rotation": [-90, 0, 0],
					"position": [0, 1.8, -15]
				},
				"upper_body": {
					"position": {
						"0.0": [0, 0, 0],
						"1.1667": [0, 0, -0.19],
						"2.375": [0, 0, 0]
					}
				},
				"arms": {
					"rotation": {
						"0.0": [-52.00436, 0.70709, 0],
						"1.1667": [-53.00436, 0.70709, 0],
						"2.375": [-52.00436, 0.70709, 0]
					},
					"position": {
						"0.0": [0, -1.3, -0.5],
						"1.1667": [0, -1.3, -0.7],
						"2.375": [0, -1.3, -0.5]
					}
				},
				"nose": {
					"position": {
						"0.0": [0, 0, 0],
						"1.125": [0, 0.1, 0],
						"2.375": [0, 0, 0]
					}
				},
				"leg0": {
					"rotation": [0, 3.5, 0],
					"position": [-0.1, 0, 0]
				},
				"leg1": {
					"rotation": [0, -3.5, 0],
					"position": [0.1, 0, 0]
				}
			}
		},
		"animation.villager.riding": {
			"loop": true,
			"animation_length": 3,
			"bones": {
				"upper_body": {
					"rotation": {
						"0.0": [2.4, 0, 0],
						"1.5": [1.9, 0, 0],
						"3.0": [2.4, 0, 0]
					},
					"position": {
						"0.0": [0, 0, 0],
						"1.5": [0, 0.35, 0],
						"3.0": [0, 0, 0]
					}
				},
				"arms": {
					"rotation": {
						"0.0": [-62.00436, 0.70709, 0],
						"0.5417": [-58.6919, 0.70709, 0],
						"1.5": [-62.0044, 0.70709, 0],
						"2.0417": [-65.6919, 0.70709, 0],
						"3.0": [-62.00436, 0.70709, 0]
					},
					"position": {
						"0.0": [0, -1.5, -0.5],
						"0.3333": [0, -1.65, -0.5],
						"1.5": [0, -1.3, -0.5],
						"1.8333": [0, -1.25, -0.5],
						"3.0": [0, -1.5, -0.5]
					}
				},
				"head": {
					"rotation": {
						"0.0": [1.8, 0, 0],
						"0.25": [2.3, 0, 0],
						"1.5": [0.1, 0, 0],
						"1.75": [-0.3, 0, 0],
						"3.0": [1.8, 0, 0]
					},
					"position": {
						"0.0": [0, 0, 0],
						"0.375": [0, -0.2, 0],
						"1.5": [0, 0, 0],
						"1.875": [0, 0.2, 0],
						"3.0": [0, 0, 0]
					}
				},
				"nose": {
					"position": {
						"0.0": [0, 0, 0],
						"1.4167": [0, 0.06, 0],
						"3.0": [0, 0, 0]
					}
				},
				"leg0": {
					"rotation": ["-72.0 - this", "18.0 - this", "-this"],
					"position": [0.25, 0, 0]
				},
				"leg1": {
					"rotation": ["-72.0 - this", "-18.0 - this", "-this"],
					"position": [-0.25, 0, 0]
				},
				"body1": {
					"scale": {
						"0.0": [1, 1, 1],
						"1.5": [1, 1, 1.025],
						"3.0": [1, 1, 1]
					}
				},
				"Root": {
					"position": [0, -7.5, 0]
				}
			}
		},
		"animation.villager.death_face": {
			"loop": "hold_on_last_frame",
			"animation_length": 0.16667,
			"bones": {
				"right": {
					"scale": [1, 2.03, 1]
				},
				"eye_layer_x": {
					"scale": [1, 2.05, 1]
				},
				"top": {
					"position": [0, 1, 0]
				},
				"left": {
					"scale": [1, 2.03, 1]
				},
				"eye_layer_x2": {
					"scale": [1, 2.05, 1]
				},
				"top2": {
					"position": [0, 1, 0]
				},
				"eyelid_right": {
					"position": {
						"0.0": [0, 0, 0],
						"0.1667": [0, -1, 0]
					},
					"scale": [1, 2.03, 1]
				},
				"eyelid_left": {
					"position": {
						"0.0": [0, 0, 0],
						"0.1667": [0, -1, 0]
					},
					"scale": [1, 2.03, 1]
				},
				"eyebrown": {
					"position": {
						"0.0": [0, 0, 0],
						"0.1667": [0, -0.1, 0]
					}
				}
			}
		},
		"animation.villager.swimming": {
			"loop": true,
			"animation_length": 2,
			"bones": {
				"Root": {
					"rotation": {
						"0.0": [14, 0, 0],
						"1.0": [16, 0, 0],
						"2.0": [14, 0, 0]
					},
					"position": {
						"0.0": [0, -10.85, 0],
						"0.5": [0, -10.25, 0],
						"1.0": [0, -10.85, 0],
						"1.5417": [0, -10.25, 0],
						"2.0": [0, -10.85, 0]
					}
				},
				"upper_body": {
					"rotation": {
						"0.0": [-1, 0, 0],
						"0.5417": [-2.90865, 0.05075, 0.38],
						"0.9167": [-4, 0, 0],
						"1.375": [-2.90865, 0.05075, -0.38],
						"2.0": [-1, 0, 0]
					},
					"position": {
						"0.0": [0, 0, 0],
						"0.4583": [0, -0.3, 0],
						"0.9167": [0, 0, 0],
						"1.4583": [0, -0.3, 0],
						"2.0": [0, 0, 0]
					}
				},
				"body": {
					"rotation": {
						"0.0": [0, 2.9, 0],
						"1.0": [0, -2.9, 0],
						"2.0": [0, 2.9, 0]
					}
				},
				"arms": {
					"rotation": {
						"0.0": [-83.01688, 0.48709, -6.9703],
						"0.125": [-80.53052, 0.61949, -7.22203],
						"0.5": [-73.0088, -0.3007, -0.08618],
						"1.0": [-76.02796, -0.82728, 6.8127],
						"1.125": [-75.36366, -1.21173, 7.15597],
						"1.5417": [-73.0088, -0.3007, -0.08618],
						"2.0": [-83.01688, 0.48709, -6.9703]
					},
					"position": {
						"0.0": [0, -0.7, -0.9],
						"0.125": [0, -0.91, -0.92],
						"0.3333": [0, -1.25, -0.95],
						"0.7083": [0, -0.77, -0.77],
						"1.125": [0, -1.3, -1],
						"1.375": [0, -0.85, -0.95],
						"1.75": [0, -0.77, -0.77],
						"2.0": [0, -0.7, -0.9]
					}
				},
				"head": {
					"rotation": {
						"0.0": [-6, 0, 0.5],
						"0.5": [-10, 0, 0],
						"1.0": [-6, 0, -0.5],
						"1.5": [-10, 0, 0],
						"2.0": [-6, 0, 0.5]
					},
					"position": {
						"0.0": [0, 0, -0.2],
						"1.0": [0, 0, -0.3],
						"2.0": [0, 0, -0.2]
					}
				},
				"nose": {
					"rotation": [0, 0, "math.clamp(-variable.eye_target_x, -140, 140)*0.175"],
					"position": {
						"0.0": [0, 0, 0],
						"0.9583": [0, 0.1, 0],
						"2.0": [0, 0, 0]
					}
				},
				"leg0": {
					"rotation": {
						"0.0": [-10.0012, 0.99027, -0.13919],
						"0.125": [-13.0012, 0.99027, -0.13919],
						"0.375": [-21.40058, 0.69318, -0.09743],
						"0.9583": [9, 0, 0],
						"1.0833": [11, 0, 0],
						"1.3333": [17.68919, 0.4456, -0.0626],
						"2.0": [-10.0012, 0.99027, -0.13919]
					},
					"position": {
						"0.0": [-0.3, 0, -0.5],
						"0.125": [-0.3, 0, -0.5],
						"0.375": [-0.3, 0.1, 0.67],
						"0.9583": [-0.3, 0, 0.4],
						"1.0833": [-0.3, 0, 0.4],
						"1.3333": [-0.3, 0.5, -0.35],
						"2.0": [-0.3, 0, -0.5]
					}
				},
				"leg1": {
					"rotation": {
						"0.0": [9, 0, 0],
						"0.125": [11, 0, 0],
						"0.375": [17.68919, -0.44564, 0.06264],
						"0.9583": [-11.912, -0.99027, 0.13919],
						"1.0833": [-13.0012, -0.9903, 0.1392],
						"1.3333": [-21.40058, -0.6932, 0.0974],
						"2.0": [9, 0, 0]
					},
					"position": {
						"0.0": [0.3, 0, 0.6],
						"0.125": [0.3, 0, 0.6],
						"0.375": [0.3, 0.5, -0.35],
						"0.9583": [0.3, 0, -0.4],
						"1.0833": [0.3, 0, -0.5],
						"1.3333": [0.3, 0.1, 0.67],
						"2.0": [0.3, 0, 0.6]
					}
				}
			}
		},
		"animation.villager.hurt": {
			"animation_length": 0.41667,
			"bones": {
				"upper_body": {
					"rotation": {
						"0.0": [0, 0, 0],
						"0.125": [-0.4557, -1.0383, -0.8913],
						"0.2917": [3, 0, 0],
						"0.375": [0, 0, 0]
					},
					"position": {
						"0.0": [0, 0, 0],
						"0.1667": [0, -1.5, 1.4],
						"0.375": [0, 0, 0]
					}
				},
				"arms": {
					"rotation": {
						"0.0": [0, 0, 0],
						"0.125": [24, 0, 0],
						"0.25": [-18, 0, 0],
						"0.375": [0, 0, 0]
					},
					"position": {
						"0.0": [0, 0, 0],
						"0.0833": [0, -1.4, 0.4],
						"0.2083": [0, 2.5, 0],
						"0.375": [0, 0, 0]
					}
				},
				"head": {
					"rotation": {
						"0.0": [0, 0, 0],
						"0.125": [-19.939, -1.46016, -5.7826],
						"0.25": [20.14, 0, 0],
						"0.4167": [0, 0, 0]
					},
					"position": {
						"0.0": [0, 0, 0],
						"0.125": [0, 0, 0.8],
						"0.3333": [0, 0, 0.6],
						"0.4167": [0, 0, 0]
					}
				},
				"nose": {
					"rotation": {
						"0.0": [0, 0, 0],
						"0.0417": [17.25, 0, 0],
						"0.125": [-0.92, 0, 0],
						"0.2083": [-48, 0, 0],
						"0.3333": [13, 0, 0],
						"0.4167": [0, 0, 0]
					},
					"position": {
						"0.0": [0, 0, 0],
						"0.2083": [0, 0, 0.5],
						"0.4167": [0, 0, 0]
					}
				},
				"right": {
					"scale": {
						"0.0": [1, 2.03, 1],
						"0.3333": [1, 2.03, 1],
						"0.4167": [1, 2.03, 1]
					}
				},
				"eye_layer_x": {
					"scale": {
						"0.0": [1, 2.05, 1],
						"0.3333": [1, 2.05, 1],
						"0.4167": [1, 2.05, 1]
					}
				},
				"top": {
					"position": {
						"0.0": [0, 1, 0],
						"0.3333": [0, 1, 0],
						"0.4167": [0, 1, 0]
					}
				},
				"left": {
					"scale": {
						"0.0": [1, 2.03, 1],
						"0.3333": [1, 2.03, 1],
						"0.4167": [1, 2.03, 1]
					}
				},
				"eye_layer_x2": {
					"scale": {
						"0.0": [1, 2.05, 1],
						"0.3333": [1, 2.05, 1],
						"0.4167": [1, 2.05, 1]
					}
				},
				"top2": {
					"position": {
						"0.0": [0, 1, 0],
						"0.3333": [0, 1, 0],
						"0.4167": [0, 1, 0]
					}
				},
				"eyelid_right": {
					"position": {
						"0.0": [0, 0.7, 0],
						"0.3333": [0, 0.7, 0]
					}
				},
				"eyelid_left": {
					"position": {
						"0.0": [0, 0.8, 0],
						"0.3333": [0, 0.8, 0]
					}
				},
				"eyebrown": {
					"position": {
						"0.0": [0, 0.7, 0],
						"0.3333": [0, 0.7, 0],
						"0.4167": [0, 0, 0]
					}
				},
				"eyeball_right": {
					"scale": {
						"0.0": [0.67, 0.63, 1],
						"0.2917": [0.67, 0.63, 1],
						"0.375": [1, 1, 1]
					}
				},
				"eyeball_left": {
					"scale": {
						"0.0": [0.82, 0.8, 1],
						"0.2917": [0.82, 0.8, 1],
						"0.375": [1, 1, 1]
					}
				}
			}
		},
		"animation.villager.hurt2": {
			"animation_length": 0.41667,
			"bones": {
				"upper_body": {
					"rotation": {
						"0.0": [0, 0, 0],
						"0.125": [0.4557, -1.0383, 0.8913],
						"0.2917": [-3, 0, 0],
						"0.375": [0, 0, 0]
					},
					"position": {
						"0.0": [0, 0, 0],
						"0.1667": [0, -1.5, -1.4],
						"0.375": [0, 0, 0]
					}
				},
				"arms": {
					"rotation": {
						"0.0": [0, 0, 0],
						"0.125": [24, 0, 0],
						"0.25": [-18, 0, 0],
						"0.375": [0, 0, 0]
					},
					"position": {
						"0.0": [0, 0, 0],
						"0.0833": [0, -1.4, 0.4],
						"0.2083": [0, 2.5, 0],
						"0.375": [0, 0, 0]
					}
				},
				"head": {
					"rotation": {
						"0.0": [0, 0, 0],
						"0.125": [16.93902, -1.46016, 6.1826],
						"0.25": [-17.14, 0, 0],
						"0.4167": [0, 0, 0]
					},
					"position": {
						"0.0": [0, 0, 0],
						"0.125": [0, 0, -0.8],
						"0.3333": [0, 0, -0.6],
						"0.4167": [0, 0, 0]
					}
				},
				"nose": {
					"rotation": {
						"0.0": [0, 0, 0],
						"0.0833": [-25.75, 0, 0],
						"0.2083": [-48, 0, 0],
						"0.3333": [13, 0, 0],
						"0.4167": [0, 0, 0]
					},
					"position": {
						"0.0": [0, 0, 0],
						"0.2083": [0, 0, 0.5],
						"0.4167": [0, 0, 0]
					}
				},
				"right": {
					"scale": {
						"0.0": [1, 2.03, 1],
						"0.3333": [1, 2.03, 1],
						"0.4167": [1, 2.03, 1]
					}
				},
				"eye_layer_x": {
					"scale": {
						"0.0": [1, 2.05, 1],
						"0.3333": [1, 2.05, 1],
						"0.4167": [1, 2.05, 1]
					}
				},
				"top": {
					"position": {
						"0.0": [0, 1, 0],
						"0.3333": [0, 1, 0],
						"0.4167": [0, 1, 0]
					}
				},
				"left": {
					"scale": {
						"0.0": [1, 2.03, 1],
						"0.3333": [1, 2.03, 1],
						"0.4167": [1, 2.03, 1]
					}
				},
				"eye_layer_x2": {
					"scale": {
						"0.0": [1, 2.05, 1],
						"0.3333": [1, 2.05, 1],
						"0.4167": [1, 2.05, 1]
					}
				},
				"top2": {
					"position": {
						"0.0": [0, 1, 0],
						"0.3333": [0, 1, 0],
						"0.4167": [0, 1, 0]
					}
				},
				"eyelid_right": {
					"position": {
						"0.0": [0, 0.7, 0],
						"0.3333": [0, 0.7, 0]
					}
				},
				"eyelid_left": {
					"position": {
						"0.0": [0, 0.8, 0],
						"0.3333": [0, 0.8, 0]
					}
				},
				"eyebrown": {
					"position": {
						"0.0": [0, 0.7, 0],
						"0.3333": [0, 0.7, 0],
						"0.4167": [0, 0, 0]
					}
				},
				"eyeball_right": {
					"scale": {
						"0.0": [0.67, 0.63, 1],
						"0.2917": [0.67, 0.63, 1],
						"0.375": [1, 1, 1]
					}
				},
				"eyeball_left": {
					"scale": {
						"0.0": [0.82, 0.8, 1],
						"0.2917": [0.82, 0.8, 1],
						"0.375": [1, 1, 1]
					}
				}
			}
		},
		"animation.villager.baby": {
			"loop": true,
			"bones": {
				"head": {
					"scale": 1.5
				}
			}
		},
		"animation.villager.looking": {
			"loop": "hold_on_last_frame",
			"bones": {
				"body": {
					"rotation": [0, "math.clamp(query.target_y_rotation, -35, 35)*0.288", "math.clamp(query.target_y_rotation, -5, 5)*-0.024"]
				},
				"head": {
					"rotation": ["query.target_x_rotation", "query.target_y_rotation", "math.clamp(query.target_y_rotation, -55, 55)*0.02"]
				},
				"eyeball_right": {
					"position": ["math.clamp(-variable.eye_target_x, -290, 15)*0.0082", "-variable.eye_target_y*0.008", 0]
				},
				"eyeball_left": {
					"position": ["math.clamp(-variable.eye_target_x, -15, 290)*0.0082", "-variable.eye_target_y*0.008", 0]
				},
				"nose": {
					"rotation": [0, 0, "math.clamp(-variable.eye_target_x, -140, 140)*0.175"]
				},
				"leg0": {
					"rotation": [0, "math.clamp(query.target_y_rotation, -15, 35)*0.258", "math.clamp(query.target_y_rotation, -5, 25)*0.064"]
				},
				"leg1": {
					"rotation": [0, "math.clamp(query.target_y_rotation, -35, 15)*0.258", "math.clamp(query.target_y_rotation, -25, 5)*0.064"]
				},
				"arms": {
					"rotation": [0, "math.clamp(query.target_y_rotation, -35, 35)*0.288", "math.clamp(query.target_y_rotation, -5, 5)*-0.024"]
				}
			}
		},
		"animation.villager.facial1": {
			"loop": "hold_on_last_frame",
			"animation_length": 6,
			"bones": {
				"eyeball_right": {
					"position": {
						"0.0": [0, 0, 0],
						"1.0": [0, 0, 0],
						"1.1667": [0.1, 0, 0],
						"1.4167": [0.1, 0, 0],
						"1.5833": [-0.15, 0, 0],
						"2.5": [-0.1, 0, 0],
						"2.7083": [0, 0, 0],
						"3.0": [0, 0, 0]
					}
				},
				"eyeball_left": {
					"position": {
						"0.0": [0, 0, 0],
						"1.0": [0, 0, 0],
						"1.1667": [0.15, 0, 0],
						"1.4167": [0.1, 0, 0],
						"1.5833": [-0.1, 0, 0],
						"2.5": [-0.1, 0, 0],
						"2.7083": [0, 0, 0],
						"3.0": [0, 0, 0]
					}
				}
			}
		},
		"animation.villager.facial2": {
			"loop": "hold_on_last_frame",
			"animation_length": 6,
			"bones": {
				"eyeball_right": {
					"position": {
						"0.0": [0, 0, 0],
						"1.0": [0, 0, 0],
						"1.2917": [0, 0.15, 0],
						"1.4583": [0, 0.15, 0],
						"1.8333": [0, -0.1, 0],
						"2.1667": [0, -0.1, 0],
						"2.4167": [0, 0, 0],
						"5.0": [0, 0, 0]
					}
				},
				"eyeball_left": {
					"position": {
						"0.0": [0, 0, 0],
						"1.0": [0, 0, 0],
						"1.2917": [0, 0.15, 0],
						"1.4583": [0, 0.15, 0],
						"1.8333": [0, -0.1, 0],
						"2.1667": [0, -0.1, 0],
						"2.4167": [0, 0, 0],
						"5.0": [0, 0, 0]
					}
				}
			}
		}
	}
}