{
	"format_version": "1.8.0",
	"animations": {
		"animation.wolf.base": {
			"loop": true,
			"animation_length": 3,
			"bones": {
				"upper_body": {
					"rotation": {
						"0.0": [0.5, 0, 0],
						"1.5": [0, 0, 0],
						"3.0": [0.5, 0, 0]
					},
					"position": {
						"0.0": [0, -0.2, 0],
						"1.5": [0, 0.4, 0],
						"3.0": [0, -0.2, 0]
					}
				},
				"body2": {
					"rotation": {
						"0.0": [0, 0, 0],
						"0.6667": [2, 0, 0],
						"1.5": [0, 0, 0],
						"2.0417": [-2, 0, 0],
						"3.0": [0, 0, 0]
					},
					"position": {
						"0.0": [0, 0, 0],
						"0.4167": [0, -0.23, 0],
						"1.5": [0, 0, 0],
						"1.9167": [0, 0.23, 0],
						"3.0": [0, 0, 0]
					},
					"scale": {
						"0.0": [1, 1, 1],
						"1.5": [1.03, 1, 1.02],
						"3.0": [1, 1, 1]
					}
				},
				"head": {
					"rotation": {
						"0.0": [0, 0, 0],
						"0.75": [2.3, 0, 0],
						"1.5": [0, 0, 0],
						"2.0833": [-2, 0, 0],
						"3.0": [0, 0, 0]
					},
					"position": {
						"0.0": [0, 0, 0],
						"0.375": [0, -0.15, 0],
						"1.5": [0, 0, 0],
						"1.875": [0, 0.15, 0],
						"3.0": [0, 0, 0]
					}
				},
				"mouth": {
					"position": {
						"0.0": [0, 0, 0],
						"0.75": [0, 0, 0],
						"0.9583": [0, 0.04, 0],
						"1.2083": [0, 0, 0],
						"1.4583": [0, 0.04, 0],
						"1.7083": [0, 0, 0],
						"3.0": [0, 0, 0]
					},
					"scale": {
						"0.0": [1, 1, 1],
						"0.75": [1, 1, 1],
						"0.9583": [1, 1.04, 1],
						"1.2083": [1, 1, 1],
						"1.4583": [1, 1.04, 1],
						"1.7083": [1, 1, 1],
						"3.0": [1, 1, 1]
					}
				},
				"leg0": {
					"rotation": {
						"0.0": [1.00137, 2.99954, 1.05241],
						"1.5": [0.00137, 2.99954, 1.05241],
						"3.0": [1.00137, 2.99954, 1.05241]
					},
					"position": {
						"0.0": [-0.1, 0, 0],
						"1.5": [-0.1, 0, 0.18],
						"3.0": [-0.1, 0, 0]
					}
				},
				"leg1": {
					"rotation": {
						"0.0": [0, -3, -2],
						"1.5": [1, -3, -2],
						"3.0": [0, -3, -2]
					},
					"position": {
						"0.0": [0.2, 0, -0.1],
						"1.5": [0.2, 0, -0.24],
						"3.0": [0.2, 0, -0.1]
					}
				},
				"leg2": {
					"rotation": {
						"0.0": [-1, 14, 0],
						"1.5": [0, 14, 0],
						"3.0": [-1, 14, 0]
					},
					"position": {
						"0.0": [-0.5, 0, 0],
						"1.5": [-0.5, 0, -0.1],
						"3.0": [-0.5, 0, 0]
					}
				},
				"leg3": {
					"rotation": {
						"0.0": [2, -7, -2],
						"1.5": [3, -7, -2],
						"3.0": [2, -7, -2]
					},
					"position": {
						"0.0": [0.5, 0, 0],
						"1.5": [0.5, 0, -0.14],
						"3.0": [0.5, 0, 0]
					}
				}
			}
		},
		"animation.wolf.ear_wagging": {
			"loop": true,
			"animation_length": 3,
			"bones": {
				"left": {
					"rotation": {
						"0.0": [-5.94807, -9.0109, -0.2145],
						"0.5417": [-7.94807, -9.0109, -0.2145],
						"0.8333": [32.05193, -9.0109, -0.2145],
						"1.2083": [-32.21014, -11.7055, 0.8795],
						"1.4583": [-7.94807, -9.0109, -0.2145],
						"3.0": [-5.94807, -9.0109, -0.2145]
					},
					"position": {
						"0.0": [-0.2, -0.1, 0],
						"0.5417": [-0.2, -0.1, 0],
						"1.4583": [-0.2, -0.1, 0],
						"3.0": [-0.2, -0.1, 0]
					}
				},
				"right": {
					"rotation": {
						"0.0": [-5.94807, 13.01086, 0.21452],
						"0.5": [-7.94807, 13.01086, 0.21452],
						"0.7917": [32.05193, 13.01086, 0.21452],
						"1.1667": [-32.21014, 14.70554, -0.87946],
						"1.4167": [-7.94807, 13.01086, 0.21452],
						"3.0": [-5.94807, 13.01086, 0.21452]
					},
					"position": {
						"0.0": [0.2, -0.1, 0],
						"0.5": [0.2, -0.1, 0],
						"1.4167": [0.2, -0.1, 0],
						"3.0": [0.2, -0.1, 0]
					}
				}
			}
		},
		"animation.wolf.tail_wagging": {
			"loop": true,
			"animation_length": 4,
			"bones": {
				"tail": {
					"rotation": {
						"0.0": [18.39686, 4.83366, -14.2168],
						"0.25": [17.55303, 5.59664, -20.1353],
						"1.0": [18.39686, -4.8337, 14.2168],
						"1.25": [17.55303, -5.5966, 20.1353],
						"2.0": [18.39686, 4.83366, -14.2168],
						"2.25": [17.55303, 5.59664, -20.1353],
						"3.0": [18.39686, -4.8337, 14.2168],
						"3.25": [17.55303, -5.5966, 20.1353],
						"4.0": [18.39686, 4.83366, -14.2168]
					},
					"position": {
						"0.0": [-0.2, 0.3, -0.5],
						"0.2917": [-0.4, 0.3, -0.5],
						"1.0": [0.2, 0.3, -0.5],
						"1.2917": [0.4, 0.3, -0.5],
						"2.0": [-0.2, 0.3, -0.5],
						"2.2917": [-0.4, 0.3, -0.5],
						"3.0": [0.2, 0.3, -0.5],
						"3.2917": [0.4, 0.3, -0.5],
						"4.0": [-0.2, 0.3, -0.5]
					}
				}
			}
		},
		"animation.wolf.tail_wagging2": {
			"loop": true,
			"animation_length": 0.5,
			"bones": {
				"tail": {
					"rotation": {
						"0.0": [18.39686, 4.83366, -14.2168],
						"0.0833": [17.55303, 5.59664, -20.1353],
						"0.25": [18.39686, -4.8337, 14.2168],
						"0.3333": [17.55303, -5.5966, 20.1353],
						"0.5": [18.39686, 4.83366, -14.2168]
					},
					"position": {
						"0.0": [-0.2, 0.3, -0.5],
						"0.125": [-0.4, 0.3, -0.5],
						"0.25": [0.2, 0.3, -0.5],
						"0.375": [0.4, 0.3, -0.5],
						"0.5": [-0.2, 0.3, -0.5]
					}
				}
			}
		},
		"animation.wolf.base_face": {
			"loop": true,
			"animation_length": 10,
			"bones": {
				"eye_right": {
					"scale": [1, "1+math.clamp(-variable.eye_target_y, 0, 23)*0.0076", 1]
				},
				"eye_left": {
					"scale": [1, "1+math.clamp(-variable.eye_target_y, 0, 23)*0.0076", 1]
				},
				"eyelid_right": {
					"position": {
						"1.0": [0.1, -1, 0.1],
						"1.0417": [0, "-1+math.clamp(-variable.eye_target_y, 0, 23)*0.0076", 0],
						"1.1667": [0, "-0.98+math.clamp(-variable.eye_target_y, 0, 23)*0.0076", 0],
						"1.3333": [0, "-1+math.clamp(-variable.eye_target_y, 0, 23)*0.0076", 0],
						"1.375": [0.1, -1, 0.1],
						"6.5": [0.1, -1, 0.1],
						"6.5417": [0, "-1+math.clamp(-variable.eye_target_y, 0, 23)*0.0076", 0],
						"6.6667": [0, "-0.98+math.clamp(-variable.eye_target_y, 0, 23)*0.0076", 0],
						"6.8333": [0, "-1+math.clamp(-variable.eye_target_y, 0, 23)*0.0076", 0],
						"6.875": [0.1, -1, 0.1]
					},
					"scale": {
						"1.0417": [1, 0.001, 1],
						"1.1667": [1, "1.05+math.clamp(-variable.eye_target_y, 0, 23)*0.0076", 1],
						"1.3333": [1, 0.001, 1],
						"6.5417": [1, 0.001, 1],
						"6.6667": [1, "1.05+math.clamp(-variable.eye_target_y, 0, 23)*0.0076", 1],
						"6.8333": [1, 0.001, 1]
					}
				},
				"eyelid_left": {
					"position": {
						"1.0": [-0.1, -1, 0.1],
						"1.0417": [0, "-1+math.clamp(-variable.eye_target_y, 0, 23)*0.0076", 0],
						"1.1667": [0, "-0.98+math.clamp(-variable.eye_target_y, 0, 23)*0.0076", 0],
						"1.3333": [0, "-1+math.clamp(-variable.eye_target_y, 0, 23)*0.0076", 0],
						"1.375": [-0.1, -1, 0.1],
						"6.5": [-0.1, -1, 0.1],
						"6.5417": [0, "-1+math.clamp(-variable.eye_target_y, 0, 23)*0.0076", 0],
						"6.6667": [0, "-0.98+math.clamp(-variable.eye_target_y, 0, 23)*0.0076", 0],
						"6.8333": [0, "-1+math.clamp(-variable.eye_target_y, 0, 23)*0.0076", 0],
						"6.875": [-0.1, -1, 0.1]
					},
					"scale": {
						"1.0417": [1, 0.001, 1],
						"1.1667": [1, "1.05+math.clamp(-variable.eye_target_y, 0, 23)*0.0076", 1],
						"1.3333": [1, 0.001, 1],
						"6.5417": [1, 0.001, 1],
						"6.6667": [1, "1.05+math.clamp(-variable.eye_target_y, 0, 23)*0.0076", 1],
						"6.8333": [1, 0.001, 1]
					}
				},
				"eye_right2": {
					"scale": 0
				},
				"eye_left2": {
					"scale": 0
				}
			}
		},
		"animation.wolf.tamed_face": {
			"loop": true,
			"animation_length": 10,
			"bones": {
				"eye_right": {
					"scale": [1, "1+math.clamp(-variable.eye_target_y, 0, 23)*0.0076", 1]
				},
				"eye_left": {
					"scale": [1, "1+math.clamp(-variable.eye_target_y, 0, 23)*0.0076", 1]
				},
				"eyelid_right": {
					"position": {
						"1.0": [0.1, -1, 0.1],
						"1.0417": [0, "-1+math.clamp(-variable.eye_target_y, 0, 23)*0.0076", 0],
						"1.1667": [0, "-0.98+math.clamp(-variable.eye_target_y, 0, 23)*0.0076", 0],
						"1.3333": [0, "-1+math.clamp(-variable.eye_target_y, 0, 23)*0.0076", 0],
						"1.375": [0.1, -1, 0.1],
						"6.5": [0.1, -1, 0.1],
						"6.5417": [0, "-1+math.clamp(-variable.eye_target_y, 0, 23)*0.0076", 0],
						"6.6667": [0, "-0.98+math.clamp(-variable.eye_target_y, 0, 23)*0.0076", 0],
						"6.8333": [0, "-1+math.clamp(-variable.eye_target_y, 0, 23)*0.0076", 0],
						"6.875": [0.1, -1, 0.1]
					},
					"scale": {
						"1.0417": [1, 0.001, 1],
						"1.1667": [1, "1.05+math.clamp(-variable.eye_target_y, 0, 23)*0.0076", 1],
						"1.3333": [1, 0.001, 1],
						"6.5417": [1, 0.001, 1],
						"6.6667": [1, "1.05+math.clamp(-variable.eye_target_y, 0, 23)*0.0076", 1],
						"6.8333": [1, 0.001, 1]
					}
				},
				"eyelid_left": {
					"position": {
						"1.0": [-0.1, -1, 0.1],
						"1.0417": [0, "-1+math.clamp(-variable.eye_target_y, 0, 23)*0.0076", 0],
						"1.1667": [0, "-0.98+math.clamp(-variable.eye_target_y, 0, 23)*0.0076", 0],
						"1.3333": [0, "-1+math.clamp(-variable.eye_target_y, 0, 23)*0.0076", 0],
						"1.375": [-0.1, -1, 0.1],
						"6.5": [-0.1, -1, 0.1],
						"6.5417": [0, "-1+math.clamp(-variable.eye_target_y, 0, 23)*0.0076", 0],
						"6.6667": [0, "-0.98+math.clamp(-variable.eye_target_y, 0, 23)*0.0076", 0],
						"6.8333": [0, "-1+math.clamp(-variable.eye_target_y, 0, 23)*0.0076", 0],
						"6.875": [-0.1, -1, 0.1]
					},
					"scale": {
						"1.0417": [1, 0.001, 1],
						"1.1667": [1, "1.05+math.clamp(-variable.eye_target_y, 0, 23)*0.0076", 1],
						"1.3333": [1, 0.001, 1],
						"6.5417": [1, 0.001, 1],
						"6.6667": [1, "1.05+math.clamp(-variable.eye_target_y, 0, 23)*0.0076", 1],
						"6.8333": [1, 0.001, 1]
					}
				},
				"eye_right2": {
					"position": {
						"0.0": [0, 0, 0],
						"1.0417": [0, 0, 0],
						"1.0833": [0, -0.00119, 0.09999],
						"1.2917": [0, -0.00119, 0.09999],
						"1.3333": [0, 0, 0],
						"6.5417": [0, 0, 0],
						"6.5833": [0, -0.00119, 0.09999],
						"6.7917": [0, -0.00119, 0.09999],
						"6.8333": [0, 0, 0],
						"10.0": [0, 0, 0]
					}
				},
				"eye_left2": {
					"position": {
						"0.0": [0, 0, 0],
						"1.0417": [0, 0, 0],
						"1.0833": [0, -0.00119, 0.09999],
						"1.2917": [0, -0.00119, 0.09999],
						"1.3333": [0, 0, 0],
						"6.5417": [0, 0, 0],
						"6.5833": [0, -0.00119, 0.09999],
						"6.7917": [0, -0.00119, 0.09999],
						"6.8333": [0, 0, 0],
						"10.0": [0, 0, 0]
					}
				}
			}
		},
		"animation.wolf.death_face": {
			"loop": "hold_on_last_frame",
			"animation_length": 0.16667,
			"bones": {
				"eyelid_right": {
					"position": {
						"0.0": [0.1, -1, 0.1],
						"0.0417": [0, -1, 0],
						"0.1667": [0, -0.98, 0]
					},
					"scale": {
						"0.0417": [1, 0.001, 1],
						"0.1667": [1, 1.05, 1]
					}
				},
				"eyelid_left": {
					"position": {
						"0.0": [-0.1, -1, 0.1],
						"0.0417": [0, -1, 0],
						"0.1667": [0, -0.98, 0]
					},
					"scale": {
						"0.0417": [1, 0.001, 1],
						"0.1667": [1, 1.05, 1]
					}
				},
				"eye_right2": {
					"scale": 0
				},
				"eye_left2": {
					"scale": 0
				}
			}
		},
		"animation.wolf.looking": {
			"loop": "hold_on_last_frame",
			"bones": {
				"body1": {
					"rotation": [0, "math.clamp(query.target_y_rotation, -15, 15)*0.088", "math.clamp(query.target_y_rotation, -8, 8)*-0.384"]
				},
				"body2": {
					"rotation": [0, "math.clamp(query.target_y_rotation, -15, 15)*0.088", "math.clamp(query.target_y_rotation, -8, 8)*-0.224"]
				},
				"head": {
					"rotation": ["query.target_x_rotation", "query.target_y_rotation", "math.clamp(query.target_y_rotation, -25, 25)*0.084"],
					"position": [0, "math.clamp(query.target_x_rotation, -25, 0)*-0.03", "math.clamp(query.target_x_rotation, -15, 0)*-0.03"]
				},
				"eyeball_right": {
					"position": ["math.clamp(-variable.eye_target_x, -100, 0)*0.0083", "math.clamp(-variable.eye_target_y, 0, 23)*0.0076", 0]
				},
				"eyeball_left": {
					"position": ["math.clamp(-variable.eye_target_x, 0, 100)*0.0083", "math.clamp(-variable.eye_target_y, 0, 23)*0.0076", 0]
				},
				"leg0": {
					"rotation": [0, "math.clamp(query.target_y_rotation, -15, 35)*0.298", "math.clamp(query.target_y_rotation, -10, 25)*0.024"]
				},
				"leg1": {
					"rotation": [0, "math.clamp(query.target_y_rotation, -15, 35)*0.298", "math.clamp(query.target_y_rotation, -10, 25)*0.024"]
				},
				"leg2": {
					"rotation": [0, "math.clamp(query.target_y_rotation, -15, 35)*0.498", "math.clamp(query.target_y_rotation, -5, 25)*0.094"],
					"position": ["math.clamp(query.target_y_rotation, -5, 5)*-0.01", 0, "math.clamp(query.target_y_rotation, -15, 35)*-0.018"]
				},
				"leg3": {
					"rotation": [0, "math.clamp(query.target_y_rotation, -35, 15)*0.298", "math.clamp(query.target_y_rotation, -25, 5)*0.094"],
					"position": ["math.clamp(query.target_y_rotation, -15, 5)*-0.02", 0, "math.clamp(query.target_y_rotation, -45, 15)*0.008"]
				}
			}
		},
		"animation.wolf.walking": {
			"loop": true,
			"animation_length": 2,
			"anim_time_update": "query.modified_distance_moved * 0.21",
			"bones": {
				"Root": {
					"rotation": {
						"0.0": [0, 0, -0.1],
						"1.0": [0, 0, 0.1],
						"2.0": [0, 0, -0.1]
					},
					"position": {
						"0.0": [0, 0, 0],
						"0.5": [0, 0.3, 0],
						"1.0": [0, 0, 0],
						"1.5": [0, 0.3, 0],
						"2.0": [0, 0, 0]
					}
				},
				"upper_body": {
					"rotation": {
						"0.0": [2, 0, -0.5],
						"0.4583": [-2, 0, 0],
						"1.0": [2, 0, 0.5],
						"1.5": [-2, 0, 0],
						"2.0": [2, 0, -0.5]
					},
					"position": {
						"0.0": [0, -0.1, 0],
						"0.25": [0, -0.8, 0],
						"0.625": [0, 0.3, 0],
						"1.0": [0, -0.1, 0],
						"1.25": [0, -0.8, 0],
						"1.625": [0, 0.3, 0],
						"2.0": [0, -0.1, 0]
					}
				},
				"body1": {
					"rotation": {
						"0.0": [0, 0.5, 0],
						"1.0": [0, -0.5, 0],
						"2.0": [0, 0.5, 0]
					},
					"position": {
						"0.0": [0, 0, 0],
						"0.5": [0, 0, 0.3],
						"1.0": [0, 0, 0],
						"1.5": [0, 0, 0.3],
						"2.0": [0, 0, 0]
					}
				},
				"body2": {
					"rotation": {
						"0.0": [0, 0.5, -3],
						"1.0": [0, -0.5, 3],
						"2.0": [0, 0.5, -3]
					},
					"position": {
						"0.0": [0, 0, 0],
						"0.5": [0, 0, 0.3],
						"1.0": [0, 0, 0],
						"1.5": [0, 0, 0.3],
						"2.0": [0, 0, 0]
					}
				},
				"head": {
					"rotation": {
						"0.0": [0, 0, -0.5],
						"0.2917": [7, 0, 0],
						"0.5833": [2, 0, 0],
						"0.75": [0, 0, 0],
						"1.0": [0, 0, 0.5],
						"1.2917": [7, 0, 0],
						"1.5833": [2, 0, 0],
						"1.75": [0, 0, 0],
						"2.0": [0, 0, -0.5]
					},
					"position": {
						"0.0": [0, 0, 0],
						"0.5833": [0, -0.4, 0],
						"1.0": [0, 0, 0],
						"1.5833": [0, -0.4, 0],
						"2.0": [0, 0, 0]
					}
				},
				"left": {
					"rotation": {
						"0.0": [-14, -3, -2],
						"0.125": [-17, -3, -2],
						"0.5": [12, -3, -2],
						"1.0": [-14, -3, 1],
						"1.125": [-17, -3, 1],
						"1.5": [20, -3, -2],
						"2.0": [-17, -3, -2]
					},
					"position": {
						"0.0": [-0.1, -0.3, 0],
						"0.5": [-0.1, -0.3, 0],
						"1.0": [-0.1, -0.3, 0],
						"1.5": [-0.1, -0.3, 0],
						"2.0": [-0.1, -0.3, 0]
					}
				},
				"right": {
					"rotation": {
						"0.0": [-14, 3, 2],
						"0.125": [-17, 3, 2],
						"0.5": [20, 3, 2],
						"1.0": [-14, 3, -1],
						"1.125": [-17, 3, -1],
						"1.5": [12, 3, 2],
						"2.0": [-17, 3, 2]
					},
					"position": {
						"0.0": [0.1, -0.3, 0],
						"0.5": [0.1, -0.3, 0],
						"1.0": [0.1, -0.3, 0],
						"1.5": [0.1, -0.3, 0],
						"2.0": [0.1, -0.3, 0]
					}
				},
				"leg0": {
					"rotation": {
						"0.0": [23, 0, -0.7],
						"0.2917": [38.33333, 0, -0.8],
						"0.6667": [-1.125, 0, -0.8875],
						"1.0": [-18, 0, -1],
						"2.0": [23, 0, -0.7]
					},
					"position": {
						"0.0": [-0.4, 0, -0.3],
						"0.2917": [-0.3, 0.4, -3],
						"0.6667": [-0.3, 1.9, -1.8],
						"1.0": [-0.4, 0, 0.2],
						"2.0": [-0.4, 0, -0.3]
					}
				},
				"leg1": {
					"rotation": {
						"0.0": [-18, 0, 1],
						"1.0": [23, 0, 0.7],
						"1.2917": [38.33333, 0, 0.8],
						"1.6667": [-1.125, 0, 0.8875],
						"2.0": [-18, 0, 1]
					},
					"position": {
						"0.0": [0.4, 0, 0.2],
						"1.0": [0.4, 0, -0.3],
						"1.2917": [0.3, 0.4, -3],
						"1.625": [0.3, 1.9, -1.8],
						"2.0": [0.4, 0, 0.2]
					}
				},
				"leg2": {
					"rotation": {
						"0.0": [-17, 0, -1.5],
						"1.0": [15, 0, -0.9],
						"1.2917": [37, 0, 0.05],
						"2.0": [-17, 0, -1.5]
					},
					"position": {
						"0.0": [-0.6, 0, -0.4],
						"1.0": [-0.3, 0, 0.2],
						"1.2917": [-0.3, 0.3, -1.8],
						"1.625": [-0.3, 2.8, -2.04],
						"2.0": [-0.6, 0, -0.4]
					}
				},
				"leg3": {
					"rotation": {
						"0.0": [15, 0, 0.9],
						"0.2917": [37, 0, -0.05],
						"1.0": [-17, 0, 1.5],
						"2.0": [15, 0, 0.9]
					},
					"position": {
						"0.0": [0.3, 0, 0.2],
						"0.2917": [0.3, 0.3, -1.8],
						"0.625": [0.3, 2.8, -2.04],
						"1.0": [0.6, 0, -0.4],
						"2.0": [0.3, 0, 0.2]
					}
				},
				"tail": {
					"rotation": {
						"0.0": [18.39686, 4.83366, -14.2168],
						"0.25": [17.55303, 5.59664, -20.1353],
						"1.0": [18.39686, -4.8337, 14.2168],
						"1.25": [17.55303, -5.5966, 20.1353],
						"2.0": [18.39686, 4.83366, -14.2168]
					},
					"position": {
						"0.0": [-0.2, 0.3, -0.5],
						"0.2917": [-0.4, 0.3, -0.5],
						"1.0": [0.2, 0.3, -0.5],
						"1.2917": [0.4, 0.3, -0.5],
						"2.0": [-0.2, 0.3, -0.5]
					}
				}
			}
		},
		"animation.wolf.running": {
			"loop": true,
			"animation_length": 2,
			"anim_time_update": "query.modified_distance_moved * 0.265",
			"bones": {
				"Root": {
					"rotation": {
						"0.0": [-2, 0, 0],
						"0.4167": [8, 0, 0],
						"0.6667": [6, 0, 0],
						"1.0": [10, 0, 0],
						"1.5": [2, 0, 0],
						"2.0": [-2, 0, 0]
					},
					"position": {
						"0.0": [0, 1.1, 0],
						"0.4167": [0, 0.9, 0],
						"0.6667": [0, 0.9, 0],
						"1.0": [0, 1, 0],
						"1.5": [0, 0.4, 0],
						"2.0": [0, 1.1, 0]
					}
				},
				"upper_body": {
					"rotation": {
						"0.0": [0, 0, 0],
						"0.5": [-9, 0, 0],
						"1.0": [4, 0, 0],
						"1.125": [3.25, 0, 0],
						"2.0": [0, 0, 0]
					},
					"position": {
						"0.0": [0, -0.9, -1.5],
						"0.5": [0, -2.15, -0.35],
						"1.0": [0, -2, 1.7],
						"1.3333": [0, -2.23, 0.03],
						"1.625": [0, -1.15, -0.64],
						"2.0": [0, -0.9, -1.5]
					}
				},
				"body1": {
					"rotation": {
						"0.0": [-4, 0, 0],
						"0.5": [5, 0, 0],
						"1.0": [-2, 0, 0],
						"1.5": [-6, 0, 0],
						"2.0": [-4, 0, 0]
					},
					"position": {
						"0.0": [0, 0.7, 0],
						"0.5": [0, 0.35, -0.65],
						"1.0": [0, -0.4, -1.6],
						"1.5": [0, -0.71, -0.72],
						"2.0": [0, 0.7, 0]
					}
				},
				"body2": {
					"rotation": {
						"0.0": [-4, 0, 0],
						"0.5": [5, 0, 0],
						"1.0": [-2, 0, 0],
						"1.5": [-6, 0, 0],
						"2.0": [-4, 0, 0]
					},
					"position": {
						"0.0": [0, 0.7, 0],
						"0.5": [0, 0.35, -0.45],
						"1.0": [0, -0.4, -0.5],
						"1.5": [0, -0.71, 0.18],
						"2.0": [0, 0.7, 0]
					}
				},
				"head": {
					"rotation": {
						"0.0": [-2, 0, 0],
						"0.5": [7, 0, 0],
						"1.25": [-9, 0, 0],
						"2.0": [-2, 0, 0]
					},
					"position": {
						"0.0": [0, 0.8, 0.65],
						"0.5": [0, -0.65, -0.3],
						"1.25": [0, 0.1, 0.15],
						"2.0": [0, 0.8, 0.65]
					}
				},
				"mouth": {
					"scale": {
						"0.0": [1, 1, 1],
						"0.75": [1, 1.04, 1],
						"2.0": [1, 1, 1]
					}
				},
				"left": {
					"rotation": {
						"0.0": [-20, 3, -2],
						"0.125": [-23, 3, -2],
						"0.5": [-39, 3, 1],
						"0.625": [-23, 3, 1],
						"1.1667": [20, 3, -2],
						"2.0": [-20, 3, -2]
					},
					"position": {
						"0.0": [-0.1, -0.3, 0],
						"0.5": [-0.1, -0.3, 0],
						"1.1667": [-0.1, -0.3, 0],
						"2.0": [-0.1, -0.3, 0]
					}
				},
				"right": {
					"rotation": {
						"0.0": [-20, -3, 2],
						"0.125": [-23, -3, 2],
						"0.5": [-32, -3, -1],
						"0.625": [-23, -3, -1],
						"1.1667": [30, -3, 2],
						"2.0": [-20, -3, 2]
					},
					"position": {
						"0.0": [0.1, -0.3, 0],
						"0.5": [0.1, -0.3, 0],
						"1.1667": [0.1, -0.3, 0],
						"2.0": [0.1, -0.3, 0]
					}
				},
				"tail": {
					"rotation": {
						"0.0": [52.71051, 1.92681, -8.38756],
						"0.1667": [45.71051, 1.92681, -8.38756],
						"1.0": [104, 0, 0],
						"1.25": [115, 0, 0],
						"2.0": [52.71051, 1.92681, -8.38756]
					},
					"position": {
						"0.0": [0, 0, -0.4],
						"0.5": [0, 0.5, -1.25],
						"1.0": [0, -1.2, -2.1],
						"1.5": [0, -1.7, -1.25],
						"2.0": [0, 0, -0.4]
					}
				},
				"leg0": {
					"rotation": {
						"0.0": [31.9963, -0.87461, 0.48485],
						"0.2917": [50.87, 0, 0],
						"0.75": [4.20984, -0.37483, 0.20779],
						"1.0833": [-38.0037, -0.87461, 0.48485],
						"1.25": [-18.97429, -0.87461, 0.48485],
						"1.5833": [-9.94488, -0.87461, 0.48485],
						"2.0": [31.9963, -0.87461, 0.48485]
					},
					"position": {
						"0.0": [-0.07, 0.2, -1.9],
						"0.2917": [-0.15, -0.23, -2.62],
						"0.75": [-0.05, -0.68, -2.33],
						"1.0833": [-0.07, -2.1, -1.1],
						"1.2917": [-0.07, -1.02, -1.38],
						"1.625": [-0.07, -1.08, -1.04],
						"2.0": [-0.07, 0.2, -1.9]
					}
				},
				"leg1": {
					"rotation": {
						"0.0": [25, 0, 0],
						"0.4167": [47.87, 0, 0],
						"1.0833": [-26, 0, 0],
						"1.2917": [-8.04, 0, 0],
						"1.625": [4.09, 0, 0],
						"2.0": [25, 0, 0]
					},
					"position": {
						"0.0": [0.05, 0.2, -2.2],
						"0.4167": [0.15, -1.23, -2.72],
						"0.75": [0.05, -0.88, -1.53],
						"0.9167": [0.05, -0.89, -1.46],
						"1.0833": [0.05, -1.2, -1],
						"1.2917": [0.05, -1.19, -1.86],
						"1.625": [0.05, -1.19, -2.08],
						"2.0": [0.05, 0.2, -2.2]
					}
				},
				"leg2": {
					"rotation": {
						"0.0": [-27.08127, 4.56677, -3.438],
						"1.0": [14.80169, 0.70103, -2.46458],
						"1.4167": [26.54771, 3.67482, 0.35675],
						"1.625": [-6.6055, 3.99337, -0.28423],
						"2.0": [-27.08127, 4.56677, -3.438]
					},
					"position": {
						"0.0": [-0.8, 1.6, -2.2],
						"0.5": [-0.23, -0.14, 1.23],
						"1.0": [-0.2, -0.1, -0.1],
						"1.2083": [-0.25, 0.48, -2.83],
						"1.4167": [-0.19, -0.43, -3.67],
						"1.7083": [-0.15, 2.37, -1.2],
						"2.0": [-0.8, 1.6, -2.2]
					}
				},
				"leg3": {
					"rotation": {
						"0.0": [-34.06948, -2.67532, 2.9747],
						"1.0": [19.41565, -1.79276, 1.32863],
						"1.2083": [38.44243, -1.46011, 0.3852],
						"1.5417": [23.87844, -1.61201, 0.58389],
						"2.0": [-34.06948, -2.67532, 2.9747]
					},
					"position": {
						"0.0": [0.8, 1.6, -2.2],
						"0.3333": [0.15, 0.01, 0.24],
						"0.5": [0.18, -0.11, 0.56],
						"1.0": [0.17, -0.61, -0.67],
						"1.2083": [0.3, -1.04, -2.39],
						"1.5417": [0.16, 0.62, -3.78],
						"2.0": [0.8, 1.6, -2.2]
					}
				}
			}
		},
		"animation.wolf.sitting": {
			"loop": true,
			"animation_length": 3,
			"bones": {
				"body1": {
					"rotation": [-45, 0, 0],
					"position": [0, -2, -2.2]
				},
				"body2": {
					"rotation": {
						"0.0": [-35, 0, 0],
						"1.5": [-37, 0, 0],
						"3.0": [-35, 0, 0]
					},
					"position": {
						"0.0": [0, -0.5, 0],
						"3.0": [0, -0.5, 0]
					},
					"scale": {
						"0.0": [1, 1, 1.03],
						"1.5": [1.03, 1, 1.05],
						"3.0": [1, 1, 1.03]
					}
				},
				"head": {
					"rotation": {
						"0.0": [2, 0, 0],
						"0.5": [4, 0, 0],
						"1.5": [2, 0, 0],
						"1.9583": [0, 0, 0],
						"3.0": [2, 0, 0]
					},
					"position": {
						"0.0": [0, 2.1, 0.7],
						"0.4583": [0, 1.95, 0.7],
						"1.5": [0, 2.1, 0.7],
						"1.875": [0, 2.25, 0.7],
						"3.0": [0, 2.1, 0.7]
					}
				},
				"leg0": {
					"rotation": [-85.52186, 11.34505, -12.94179],
					"position": [-0.33, -6, -2.1]
				},
				"leg1": {
					"rotation": [-85.52186, -11.345, 12.9418],
					"position": [0.33, -6, -2.1]
				},
				"leg2": {
					"rotation": {
						"0.0": [-0.35258, 9.99385, -3.03083],
						"1.5": [1.64742, 9.99385, -3.03083],
						"3.0": [-0.35258, 9.99385, -3.03083]
					},
					"position": {
						"0.0": [-0.3, 0, -0.9],
						"1.5": [-0.3, 0, -1.2],
						"3.0": [-0.3, 0, -0.9]
					}
				},
				"leg3": {
					"rotation": {
						"0.0": [-0.35258, -9.9938, 3.0308],
						"1.5": [1.64742, -9.9938, 3.0308],
						"3.0": [-0.35258, -9.9938, 3.0308]
					},
					"position": {
						"0.0": [0.3, 0, -0.9],
						"1.5": [0.3, 0, -1.2],
						"3.0": [0.3, 0, -0.9]
					}
				},
				"Root": {
					"rotation": [-4, 0, 0],
					"position": [0, -0.4, 0]
				},
				"upper_body": {
					"rotation": {
						"0.0": [1, 0, 0],
						"1.5": [0, 0, 0],
						"3.0": [1, 0, 0]
					},
					"position": {
						"0.0": [0, -0.3, 0],
						"1.5": [0, 0.15, 0],
						"3.0": [0, -0.3, 0]
					}
				}
			}
		},
		"animation.wolf.sitting_interested": {
			"loop": true,
			"animation_length": 3,
			"bones": {
				"mouth": {
					"position": {
						"0.0": [0, 0, 0],
						"0.2083": [0, 0.04, 0],
						"0.4583": [0, 0, 0],
						"0.7083": [0, 0.04, 0],
						"0.9583": [0, 0, 0],
						"1.3333": [0, 0, 0],
						"1.5417": [0, 0.04, 0],
						"1.7917": [0, 0, 0],
						"2.0417": [0, 0.04, 0],
						"2.2917": [0, 0, 0],
						"3.0": [0, 0, 0]
					},
					"scale": {
						"0.0": [1, 1, 1],
						"0.2083": [1, 1.04, 1],
						"0.4583": [1, 1, 1],
						"0.7083": [1, 1.04, 1],
						"0.9583": [1, 1, 1],
						"1.3333": [1, 1, 1],
						"1.5417": [1, 1.04, 1],
						"1.7917": [1, 1, 1],
						"2.0417": [1, 1.04, 1],
						"2.2917": [1, 1, 1],
						"3.0": [1, 1, 1]
					}
				}
			}
		},
		"animation.wolf.tail_wagging_sit": {
			"loop": true,
			"animation_length": 2.5,
			"bones": {
				"tail": {
					"rotation": {
						"0.0": [79.88765, 25.04649, 3.08122],
						"0.2917": [79.41978, 29.96533, 2.0691],
						"1.25": [79.88765, -25.0465, -3.0812],
						"1.5": [79.41978, -29.9653, -2.0691],
						"2.5": [79.88765, 25.04649, 3.08122]
					},
					"position": {
						"0.0": [-0.1, -8, -3.7],
						"0.2917": [-0.3, -8, -3.7],
						"1.25": [0.1, -8, -3.7],
						"1.5": [0.3, -8, -3.7],
						"2.5": [-0.1, -8, -3.7]
					}
				}
			}
		},
		"animation.wolf.tail_wagging_sit2": {
			"loop": true,
			"animation_length": 0.5,
			"bones": {
				"tail": {
					"rotation": {
						"0.0": [79.88765, 25.04649, 3.08122],
						"0.0833": [79.41978, 29.96533, 2.0691],
						"0.25": [79.88765, -25.0465, -3.0812],
						"0.3333": [79.41978, -29.9653, -2.0691],
						"0.5": [79.88765, 25.04649, 3.08122]
					},
					"position": {
						"0.0": [-0.1, -8, -3.7],
						"0.0833": [-0.3, -8, -3.7],
						"0.25": [0.1, -8, -3.7],
						"0.3333": [0.3, -8, -3.7],
						"0.5": [-0.1, -8, -3.7]
					}
				}
			}
		},
		"animation.wolf.swimming": {
			"loop": true,
			"animation_length": 1.5,
			"bones": {
				"Root": {
					"rotation": {
						"0.0": [-4, 0, -0.5],
						"0.75": [-4, 0, 0.5],
						"1.5": [-4, 0, -0.5]
					},
					"position": {
						"0.0": [0, 0, 0],
						"0.375": [0, 0.4, 0],
						"0.75": [0, 0, 0],
						"1.125": [0, 0.4, 0],
						"1.5": [0, 0, 0]
					}
				},
				"upper_body": {
					"rotation": {
						"0.0": [-3, 0, -2],
						"0.375": [0, 0, 0],
						"0.75": [-3, 0, 2],
						"1.125": [0, 0, 0],
						"1.5": [-3, 0, -2]
					},
					"position": {
						"0.0": [0, -0.3, 0],
						"0.25": [0, -0.8, 0],
						"0.5": [0, -0.01, 0],
						"0.75": [0, -0.3, 0],
						"1.0": [0, -0.8, 0],
						"1.25": [0, -0.01, 0],
						"1.5": [0, -0.3, 0]
					}
				},
				"body1": {
					"rotation": {
						"0.0": [-5, 0, 0],
						"0.75": [-2, 0, 0],
						"1.4583": [-5, 0, 0]
					},
					"position": {
						"0.0": [0, 0, -0.8],
						"0.75": [0, 0, -0.8],
						"1.5": [0, 0, -0.8]
					}
				},
				"body2": {
					"rotation": {
						"0.0": [0, 3, 0],
						"0.75": [0, -3, 0],
						"1.5": [0, 3, 0]
					},
					"position": {
						"0.0": [0, 0, 0],
						"0.5": [0, 0, 0.3],
						"0.75": [0, 0, 0],
						"1.0": [0, 0, 0.3],
						"1.5": [0, 0, 0]
					}
				},
				"head": {
					"rotation": {
						"0.0": [4, 0, -0.3],
						"0.5": [-1.5, 0, 0],
						"0.75": [4, 0, 0.3],
						"0.9583": [-1.5, 0, 0],
						"1.5": [4, 0, -0.3]
					},
					"position": {
						"0.0": [0, 0, 0],
						"0.5": [0, -0.3, 0],
						"0.75": [0, 0, 0],
						"0.9583": [0, -0.3, 0],
						"1.5": [0, 0, 0]
					}
				},
				"mouth": {
					"position": {
						"0.0": [0, 0, 0],
						"0.4167": [0, 0, 0],
						"0.75": [0, 0.04, 0],
						"1.1667": [0, 0, 0],
						"1.5": [0, 0, 0]
					},
					"scale": {
						"0.0": [1, 1, 1],
						"0.4167": [1, 1, 1],
						"0.75": [1, 1.04, 1],
						"1.1667": [1, 1, 1],
						"1.5": [1, 1, 1]
					}
				},
				"left": {
					"rotation": {
						"0.0": [-5.94807, -13.0109, -0.2145],
						"0.25": [-8.94807, -13.0109, -0.2145],
						"0.75": [16.05193, -13.0109, -0.2145],
						"1.0": [23.0519, -13.0109, -0.2145],
						"1.5": [-5.94807, -13.0109, -0.2145]
					},
					"position": {
						"0.0": [-0.2, -0.1, 0],
						"1.5": [-0.2, -0.1, 0]
					}
				},
				"right": {
					"rotation": {
						"0.0": [-10.94807, 13.01086, 0.21452],
						"0.25": [-11.94807, 13.01086, 0.21452],
						"0.75": [2.05193, 13.01086, 0.21452],
						"1.0": [14.0519, 13.01086, 0.21452],
						"1.5": [-10.94807, 13.01086, 0.21452]
					},
					"position": {
						"0.0": [0.2, -0.1, 0],
						"1.5": [0.2, -0.1, 0]
					}
				},
				"leg0": {
					"rotation": {
						"0.0": [16, 0, -0.7],
						"0.125": [20, 0, -0.7],
						"0.375": [28, 0, -0.7],
						"0.75": [-15, 0, -1],
						"0.875": [-19, 0, -1],
						"1.125": [-22, 0, -1],
						"1.5": [16, 0, -0.7]
					},
					"position": {
						"0.0": [-0.2, 0, -0.9],
						"0.125": [-0.2, 0, -0.9],
						"0.375": [-0.2, 0.2, -1.19],
						"0.75": [-0.2, 0, -0.6],
						"0.875": [-0.2, 0, -0.6],
						"1.125": [-0.2, -0.8, -0.11],
						"1.5": [-0.2, 0, -0.9]
					}
				},
				"leg1": {
					"rotation": {
						"0.0": [-15, 0, 1],
						"0.125": [-19, 0, 1],
						"0.375": [-22, 0, 1],
						"0.75": [16, 0, 0.7],
						"0.875": [20, 0, 0.7],
						"1.125": [28, 0, 0.7],
						"1.5": [-15, 0, 1]
					},
					"position": {
						"0.0": [0.2, 0, -1.3],
						"0.125": [0.2, 0, -1.3],
						"0.375": [0.2, -0.8, -0.11],
						"0.75": [0.2, 0, -0.3],
						"0.875": [0.2, 0, -0.3],
						"1.125": [0.2, 0.2, -1.19],
						"1.5": [0.2, 0, -1.3]
					}
				},
				"leg2": {
					"rotation": {
						"0.0": [-20, 0, 1],
						"0.125": [-24, 0, 1],
						"0.375": [-32, 0, 0.18571],
						"0.75": [25, 0, -0.9],
						"0.875": [29, 0, -0.9],
						"1.125": [38, 0, -0.3571],
						"1.5": [-20, 0, 1]
					},
					"position": {
						"0.0": [-0.4, 0, -0.4],
						"0.125": [-0.4, 0, -0.4],
						"0.375": [-0.4, -0.1, 0.56],
						"0.75": [-0.2, 0, 0.2],
						"0.875": [-0.2, 0, 0.2],
						"1.125": [-0.2, -0.7, -0.27],
						"1.5": [-0.4, 0, -0.4]
					}
				},
				"leg3": {
					"rotation": {
						"0.0": [25, 0, 0.9],
						"0.125": [29, 0, 0.9],
						"0.375": [38, 0, 0.3571],
						"0.75": [-20, 0, -1],
						"0.875": [-24, 0, -1],
						"1.125": [-32, 0, -0.1857],
						"1.5": [25, 0, 0.9]
					},
					"position": {
						"0.0": [0.2, 0, 0.2],
						"0.125": [0.2, 0, 0.2],
						"0.375": [0.2, -0.7, -0.27],
						"0.75": [0.4, 0, -0.4],
						"0.875": [0.4, 0, -0.4],
						"1.125": [0.4, -0.1, 0.56],
						"1.5": [0.2, 0, 0.2]
					}
				}
			}
		},
		"animation.wolf.tail_wagging_swim": {
			"loop": true,
			"animation_length": 2.5,
			"bones": {
				"tail": {
					"rotation": {
						"0.0": [93.8877, 25.04649, 3.08122],
						"0.2917": [93.8877, 29.96533, 2.0691],
						"1.25": [93.8877, -25.0465, -3.0812],
						"1.5": [93.8877, -29.9653, -2.0691],
						"2.5": [93.8877, 25.04649, 3.08122]
					},
					"position": {
						"0.0": [-0.1, -1.2, -1.1],
						"0.2917": [-0.3, -1.2, -1.1],
						"1.25": [0.1, -1.2, -1.1],
						"1.5": [0.3, -1.2, -1.1],
						"2.5": [-0.1, -1.2, -1.1]
					}
				}
			}
		},
		"animation.wolf.shaking_time": {
			"loop": "hold_on_last_frame",
			"animation_length": 2,
			"bones": {
				"head": {
					"rotation": {
						"0.0": [9.0239, 14.58013, -0.1742],
						"0.0833": [1.2903, 21.08262, -34.6009],
						"0.1667": [9.0239, -14.5801, 0.1742],
						"0.25": [1.2903, -21.0826, 34.6009],
						"0.3333": [9.0239, 14.58013, -0.1742],
						"0.4167": [1.2903, 21.08262, -34.6009],
						"0.5": [9.0239, -14.5801, 0.1742],
						"0.5833": [1.2903, -21.0826, 34.6009],
						"0.6667": [9.0239, 14.58013, -0.1742],
						"0.75": [1.2903, 21.08262, -34.6009],
						"0.8333": [9.0239, -14.5801, 0.1742],
						"0.9167": [1.2903, -21.0826, 34.6009],
						"1.0": [9.0239, 14.58013, -0.1742],
						"1.0833": [1.2903, 21.08262, -34.6009],
						"1.1667": [9.0239, -14.5801, 0.1742],
						"1.25": [1.2903, -21.0826, 34.6009],
						"1.3333": [9.0239, 14.58013, -0.1742],
						"1.4167": [1.2903, 21.08262, -34.6009],
						"1.5": [9.0239, -14.5801, 0.1742],
						"1.5833": [1.2903, -21.0826, 34.6009],
						"1.6667": [9.0239, 14.58013, -0.1742],
						"1.75": [1.2903, 21.08262, -34.6009],
						"1.8333": [9.0239, -14.5801, 0.1742],
						"1.9167": [1.2903, -21.0826, 34.6009],
						"2.0": [9.0239, 14.58013, -0.1742]
					},
					"position": {
						"0.0": [0, 0, 0],
						"0.0833": [0, 0, 0],
						"0.1667": [0, 0, 0],
						"0.25": [0, 0, 0],
						"0.3333": [0, 0, 0],
						"0.4167": [0, 0, 0],
						"0.5": [0, 0, 0],
						"0.5833": [0, 0, 0],
						"0.6667": [0, 0, 0],
						"0.75": [0, 0, 0],
						"0.8333": [0, 0, 0],
						"0.9167": [0, 0, 0],
						"1.0": [0, 0, 0],
						"1.0833": [0, 0, 0],
						"1.1667": [0, 0, 0],
						"1.25": [0, 0, 0],
						"1.3333": [0, 0, 0],
						"1.4167": [0, 0, 0],
						"1.5": [0, 0, 0],
						"1.5833": [0, 0, 0],
						"1.6667": [0, 0, 0],
						"1.75": [0, 0, 0],
						"1.8333": [0, 0, 0],
						"1.9167": [0, 0, 0],
						"2.0": [0, 0, 0]
					}
				},
				"upper_body": {
					"rotation": {
						"0.0": [0.40104, 0.42871, -12.9967],
						"0.1667": [0.40104, -0.4287, 12.9967],
						"0.3333": [0.40104, 0.42871, -12.9967],
						"0.5": [0.40104, -0.4287, 12.9967],
						"0.6667": [0.40104, 0.42871, -12.9967],
						"0.8333": [0.40104, -0.4287, 12.9967],
						"1.0": [0.40104, 0.42871, -12.9967],
						"1.1667": [0.40104, -0.4287, 12.9967],
						"1.3333": [0.40104, 0.42871, -12.9967],
						"1.5": [0.40104, -0.4287, 12.9967],
						"1.6667": [0.40104, 0.42871, -12.9967],
						"1.8333": [0.40104, -0.4287, 12.9967],
						"2.0": [0.40104, 0.42871, -12.9967]
					},
					"position": {
						"0.0": [0, -0.2, 0],
						"0.1667": [0, -0.2, 0],
						"0.3333": [0, -0.2, 0],
						"0.5": [0, -0.2, 0],
						"0.6667": [0, -0.2, 0],
						"0.8333": [0, -0.2, 0],
						"1.0": [0, -0.2, 0],
						"1.1667": [0, -0.2, 0],
						"1.3333": [0, -0.2, 0],
						"1.5": [0, -0.2, 0],
						"1.6667": [0, -0.2, 0],
						"1.8333": [0, -0.2, 0],
						"2.0": [0, -0.2, 0]
					}
				},
				"body1": {
					"rotation": {
						"0.0": [-0.04, 0.09423, 5.99909],
						"0.1667": [-0.04, -0.0942, -5.9991],
						"0.3333": [-0.04, 0.09423, 5.99909],
						"0.5": [-0.04, -0.0942, -5.9991],
						"0.6667": [-0.04, 0.09423, 5.99909],
						"0.8333": [-0.04, -0.0942, -5.9991],
						"1.0": [-0.04, 0.09423, 5.99909],
						"1.1667": [-0.04, -0.0942, -5.9991],
						"1.3333": [-0.04, 0.09423, 5.99909],
						"1.5": [-0.04, -0.0942, -5.9991],
						"1.6667": [-0.04, 0.09423, 5.99909],
						"1.8333": [-0.04, -0.0942, -5.9991],
						"2.0": [-0.04, 0.09423, 5.99909]
					}
				},
				"body2": {
					"rotation": {
						"0.0": [0.16374, -0.23826, -16.9979],
						"0.0417": [0.23561, -0.34203, -24.99727],
						"0.1667": [0.16374, 0.2383, 16.9979],
						"0.2083": [0.23561, 0.342, 24.9973],
						"0.3333": [0.16374, -0.23826, -16.9979],
						"0.375": [0.23561, -0.34203, -24.99727],
						"0.5": [0.16374, 0.2383, 16.9979],
						"0.5417": [0.23561, 0.342, 24.9973],
						"0.6667": [0.16374, -0.23826, -16.9979],
						"0.7083": [0.23561, -0.34203, -24.99727],
						"0.8333": [0.16374, 0.2383, 16.9979],
						"0.875": [0.23561, 0.342, 24.9973],
						"1.0": [0.16374, -0.23826, -16.9979],
						"1.1667": [0.16374, 0.2383, 16.9979],
						"1.2083": [0.23561, 0.342, 24.9973],
						"1.3333": [0.16374, -0.23826, -16.9979],
						"1.5": [0.16374, 0.2383, 16.9979],
						"1.5417": [0.23561, 0.342, 24.9973],
						"1.6667": [0.16374, -0.23826, -16.9979],
						"1.8333": [0.16374, 0.2383, 16.9979],
						"1.875": [0.23561, 0.342, 24.9973],
						"2.0": [0.16374, -0.23826, -16.9979]
					},
					"position": {
						"0.0": [0, 0, 0],
						"0.0417": [0, 0, 0],
						"0.1667": [0, 0, 0],
						"0.2083": [0, 0, 0],
						"0.3333": [0, 0, 0],
						"0.375": [0, 0, 0],
						"0.5": [0, 0, 0],
						"0.5417": [0, 0, 0],
						"0.6667": [0, 0, 0],
						"0.7083": [0, 0, 0],
						"0.8333": [0, 0, 0],
						"0.875": [0, 0, 0],
						"1.0": [0, 0, 0],
						"1.1667": [0, 0, 0],
						"1.2083": [0, 0, 0],
						"1.3333": [0, 0, 0],
						"1.5": [0, 0, 0],
						"1.5417": [0, 0, 0],
						"1.6667": [0, 0, 0],
						"1.8333": [0, 0, 0],
						"1.875": [0, 0, 0],
						"2.0": [0, 0, 0]
					}
				},
				"mouth": {
					"position": [0, 0, 0],
					"scale": 1
				},
				"left": {
					"rotation": {
						"0.0": [46.60243, 7.22858, -20.56631],
						"0.0833": [53.20086, 13.69708, -24.75821],
						"0.1667": [38.49585, 14.71105, 33.56214],
						"0.25": [46.54613, -1.72854, 39.14721],
						"0.3333": [46.60243, 7.22858, -20.56631],
						"0.4167": [53.20086, 13.69708, -24.75821],
						"0.5": [38.49585, 14.71105, 33.56214],
						"0.5833": [46.54613, -1.72854, 39.14721],
						"0.6667": [46.60243, 7.22858, -20.56631],
						"0.75": [53.20086, 13.69708, -24.75821],
						"0.8333": [38.49585, 14.71105, 33.56214],
						"0.9167": [46.54613, -1.72854, 39.14721],
						"1.0": [46.60243, 7.22858, -20.56631],
						"1.0833": [53.20086, 13.69708, -24.75821],
						"1.1667": [38.49585, 14.71105, 33.56214],
						"1.25": [46.54613, -1.72854, 39.14721],
						"1.3333": [46.60243, 7.22858, -20.56631],
						"1.4167": [53.20086, 13.69708, -24.75821],
						"1.5": [38.49585, 14.71105, 33.56214],
						"1.5833": [46.54613, -1.72854, 39.14721],
						"1.6667": [46.60243, 7.22858, -20.56631],
						"1.75": [53.20086, 13.69708, -24.75821],
						"1.8333": [38.49585, 14.71105, 33.56214],
						"1.9167": [46.54613, -1.72854, 39.14721],
						"2.0": [46.60243, 7.22858, -20.56631]
					},
					"position": {
						"0.0": [-0.2, 0, 0],
						"0.0833": [-0.2, 0, 0],
						"0.1667": [-0.2, 0, 0],
						"0.25": [-0.2, 0, 0],
						"0.3333": [-0.2, 0, 0],
						"0.4167": [-0.2, 0, 0],
						"0.5": [-0.2, 0, 0],
						"0.5833": [-0.2, 0, 0],
						"0.6667": [-0.2, 0, 0],
						"0.75": [-0.2, 0, 0],
						"0.8333": [-0.2, 0, 0],
						"0.9167": [-0.2, 0, 0],
						"1.0": [-0.2, 0, 0],
						"1.0833": [-0.2, 0, 0],
						"1.1667": [-0.2, 0, 0],
						"1.25": [-0.2, 0, 0],
						"1.3333": [-0.2, 0, 0],
						"1.4167": [-0.2, 0, 0],
						"1.5": [-0.2, 0, 0],
						"1.5833": [-0.2, 0, 0],
						"1.6667": [-0.2, 0, 0],
						"1.75": [-0.2, 0, 0],
						"1.8333": [-0.2, 0, 0],
						"1.9167": [-0.2, 0, 0],
						"2.0": [-0.2, 0, 0]
					}
				},
				"right": {
					"rotation": {
						"0.0": [46.60243, 7.22858, -20.56631],
						"0.0833": [53.20086, 13.69708, -24.75821],
						"0.1667": [38.49585, 14.71105, 33.56214],
						"0.25": [46.54613, -1.72854, 39.14721],
						"0.3333": [46.60243, 7.22858, -20.56631],
						"0.4167": [53.20086, 13.69708, -24.75821],
						"0.5": [38.49585, 14.71105, 33.56214],
						"0.5833": [46.54613, -1.72854, 39.14721],
						"0.6667": [46.60243, 7.22858, -20.56631],
						"0.75": [53.20086, 13.69708, -24.75821],
						"0.8333": [38.49585, 14.71105, 33.56214],
						"0.9167": [46.54613, -1.72854, 39.14721],
						"1.0": [46.60243, 7.22858, -20.56631],
						"1.0833": [53.20086, 13.69708, -24.75821],
						"1.1667": [38.49585, 14.71105, 33.56214],
						"1.25": [46.54613, -1.72854, 39.14721],
						"1.3333": [46.60243, 7.22858, -20.56631],
						"1.4167": [53.20086, 13.69708, -24.75821],
						"1.5": [38.49585, 14.71105, 33.56214],
						"1.5833": [46.54613, -1.72854, 39.14721],
						"1.6667": [46.60243, 7.22858, -20.56631],
						"1.75": [53.20086, 13.69708, -24.75821],
						"1.8333": [38.49585, 14.71105, 33.56214],
						"1.9167": [46.54613, -1.72854, 39.14721],
						"2.0": [46.60243, 7.22858, -20.56631]
					},
					"position": {
						"0.0": [0.2, 0, 0],
						"0.0833": [0.2, 0, 0],
						"0.1667": [0.2, 0, 0],
						"0.25": [0.2, 0, 0],
						"0.3333": [0.2, 0, 0],
						"0.4167": [0.2, 0, 0],
						"0.5": [0.2, 0, 0],
						"0.5833": [0.2, 0, 0],
						"0.6667": [0.2, 0, 0],
						"0.75": [0.2, 0, 0],
						"0.8333": [0.2, 0, 0],
						"0.9167": [0.2, 0, 0],
						"1.0": [0.2, 0, 0],
						"1.0833": [0.2, 0, 0],
						"1.1667": [0.2, 0, 0],
						"1.25": [0.2, 0, 0],
						"1.3333": [0.2, 0, 0],
						"1.4167": [0.2, 0, 0],
						"1.5": [0.2, 0, 0],
						"1.5833": [0.2, 0, 0],
						"1.6667": [0.2, 0, 0],
						"1.75": [0.2, 0, 0],
						"1.8333": [0.2, 0, 0],
						"1.9167": [0.2, 0, 0],
						"2.0": [0.2, 0, 0]
					}
				},
				"tail": {
					"rotation": {
						"0.0": [18.39686, -4.8337, 14.2168],
						"0.0833": [18.63109, -1.1968, 25.7296],
						"0.1667": [18.39686, 4.83366, -14.2168],
						"0.25": [18.63109, 1.19681, -25.7296],
						"0.3333": [18.39686, -4.8337, 14.2168],
						"0.4167": [18.63109, -1.1968, 25.7296],
						"0.5": [18.39686, 4.83366, -14.2168],
						"0.5833": [18.63109, 1.19681, -25.7296],
						"0.6667": [18.39686, -4.8337, 14.2168],
						"0.75": [18.63109, -1.1968, 25.7296],
						"0.8333": [18.39686, 4.83366, -14.2168],
						"0.9167": [18.63109, 1.19681, -25.7296],
						"1.0": [18.39686, -4.8337, 14.2168],
						"1.0833": [18.63109, -1.1968, 25.7296],
						"1.1667": [18.39686, 4.83366, -14.2168],
						"1.25": [18.63109, 1.19681, -25.7296],
						"1.3333": [18.39686, -4.8337, 14.2168],
						"1.4167": [18.63109, -1.1968, 25.7296],
						"1.5": [18.39686, 4.83366, -14.2168],
						"1.5833": [18.63109, 1.19681, -25.7296],
						"1.6667": [18.39686, -4.8337, 14.2168],
						"1.75": [18.63109, -1.1968, 25.7296],
						"1.8333": [18.39686, 4.83366, -14.2168],
						"1.9167": [18.63109, 1.19681, -25.7296],
						"2.0": [18.39686, -4.8337, 14.2168]
					},
					"position": {
						"0.0": [0.2, 0.3, -0.5],
						"0.1667": [-0.2, 0.3, -0.5],
						"0.3333": [0.2, 0.3, -0.5],
						"0.5": [-0.2, 0.3, -0.5],
						"0.6667": [0.2, 0.3, -0.5],
						"0.8333": [-0.2, 0.3, -0.5],
						"1.0": [0.2, 0.3, -0.5],
						"1.1667": [-0.2, 0.3, -0.5],
						"1.3333": [0.2, 0.3, -0.5],
						"1.5": [-0.2, 0.3, -0.5],
						"1.6667": [0.2, 0.3, -0.5],
						"1.8333": [-0.2, 0.3, -0.5],
						"2.0": [0.2, 0.3, -0.5]
					}
				},
				"leg0": {
					"rotation": {
						"0.0": [1.20832, 2.9224, 3.057],
						"0.0833": [1.20832, 2.9224, 0.057],
						"0.1667": [1.20832, 2.9224, 3.057],
						"0.25": [1.20832, 2.9224, 0.057],
						"0.3333": [1.20832, 2.9224, 3.057],
						"0.4167": [1.20832, 2.9224, 0.057],
						"0.5": [1.20832, 2.9224, 3.057],
						"0.5833": [1.20832, 2.9224, 0.057],
						"0.6667": [1.20832, 2.9224, 3.057],
						"0.75": [1.20832, 2.9224, 0.057],
						"0.8333": [1.20832, 2.9224, 3.057],
						"0.9167": [1.20832, 2.9224, 0.057],
						"1.0": [1.20832, 2.9224, 3.057],
						"1.0833": [1.20832, 2.9224, 0.057],
						"1.1667": [1.20832, 2.9224, 3.057],
						"1.25": [1.20832, 2.9224, 0.057],
						"1.3333": [1.20832, 2.9224, 3.057],
						"1.4167": [1.20832, 2.9224, 0.057],
						"1.5": [1.20832, 2.9224, 3.057],
						"1.5833": [1.20832, 2.9224, 0.057],
						"1.6667": [1.20832, 2.9224, 3.057],
						"1.75": [1.20832, 2.9224, 0.057],
						"1.8333": [1.20832, 2.9224, 3.057],
						"1.9167": [1.20832, 2.9224, 0.057],
						"2.0": [1.20832, 2.9224, 3.057]
					},
					"position": {
						"0.0": [0.3, 0, 0],
						"0.0833": [0, 0, 0],
						"0.1667": [0.3, 0, 0],
						"0.25": [0, 0, 0],
						"0.3333": [0.3, 0, 0],
						"0.4167": [0, 0, 0],
						"0.5": [0.3, 0, 0],
						"0.5833": [0, 0, 0],
						"0.6667": [0.3, 0, 0],
						"0.75": [0, 0, 0],
						"0.8333": [0.3, 0, 0],
						"0.9167": [0, 0, 0],
						"1.0": [0.3, 0, 0],
						"1.0833": [0, 0, 0],
						"1.1667": [0.3, 0, 0],
						"1.25": [0, 0, 0],
						"1.3333": [0.3, 0, 0],
						"1.4167": [0, 0, 0],
						"1.5": [0.3, 0, 0],
						"1.5833": [0, 0, 0],
						"1.6667": [0.3, 0, 0],
						"1.75": [0, 0, 0],
						"1.8333": [0.3, 0, 0],
						"1.9167": [0, 0, 0],
						"2.0": [0.3, 0, 0]
					}
				},
				"leg1": {
					"rotation": {
						"0.0": [1.20832, -2.9224, -3.057],
						"0.0833": [1.20832, -2.9224, -0.057],
						"0.1667": [1.20832, -2.9224, -3.057],
						"0.25": [1.20832, -2.9224, -0.057],
						"0.3333": [1.20832, -2.9224, -3.057],
						"0.4167": [1.20832, -2.9224, -0.057],
						"0.5": [1.20832, -2.9224, -3.057],
						"0.5833": [1.20832, -2.9224, -0.057],
						"0.6667": [1.20832, -2.9224, -3.057],
						"0.75": [1.20832, -2.9224, -0.057],
						"0.8333": [1.20832, -2.9224, -3.057],
						"0.9167": [1.20832, -2.9224, -0.057],
						"1.0": [1.20832, -2.9224, -3.057],
						"1.0833": [1.20832, -2.9224, -0.057],
						"1.1667": [1.20832, -2.9224, -3.057],
						"1.25": [1.20832, -2.9224, -0.057],
						"1.3333": [1.20832, -2.9224, -3.057],
						"1.4167": [1.20832, -2.9224, -0.057],
						"1.5": [1.20832, -2.9224, -3.057],
						"1.5833": [1.20832, -2.9224, -0.057],
						"1.6667": [1.20832, -2.9224, -3.057],
						"1.75": [1.20832, -2.9224, -0.057],
						"1.8333": [1.20832, -2.9224, -3.057],
						"1.9167": [1.20832, -2.9224, -0.057],
						"2.0": [1.20832, -2.9224, -3.057]
					},
					"position": {
						"0.0": [-0.3, 0, 0],
						"0.0833": [0, 0, 0],
						"0.1667": [-0.3, 0, 0],
						"0.25": [0, 0, 0],
						"0.3333": [-0.3, 0, 0],
						"0.4167": [0, 0, 0],
						"0.5": [-0.3, 0, 0],
						"0.5833": [0, 0, 0],
						"0.6667": [-0.3, 0, 0],
						"0.75": [0, 0, 0],
						"0.8333": [-0.3, 0, 0],
						"0.9167": [0, 0, 0],
						"1.0": [-0.3, 0, 0],
						"1.0833": [0, 0, 0],
						"1.1667": [-0.3, 0, 0],
						"1.25": [0, 0, 0],
						"1.3333": [-0.3, 0, 0],
						"1.4167": [0, 0, 0],
						"1.5": [-0.3, 0, 0],
						"1.5833": [0, 0, 0],
						"1.6667": [-0.3, 0, 0],
						"1.75": [0, 0, 0],
						"1.8333": [-0.3, 0, 0],
						"1.9167": [0, 0, 0],
						"2.0": [-0.3, 0, 0]
					}
				},
				"leg2": {
					"rotation": {
						"0.0": [-0.25097, 14.03276, 1.0919],
						"0.0833": [-0.25097, 14.03276, -0.9081],
						"0.1667": [-0.25097, 14.03276, 1.0919],
						"0.25": [-0.25097, 14.03276, -0.9081],
						"0.3333": [-0.25097, 14.03276, 1.0919],
						"0.4167": [-0.25097, 14.03276, -0.9081],
						"0.5": [-0.25097, 14.03276, 1.0919],
						"0.5833": [-0.25097, 14.03276, -0.9081],
						"0.6667": [-0.25097, 14.03276, 1.0919],
						"0.75": [-0.25097, 14.03276, -0.9081],
						"0.8333": [-0.25097, 14.03276, 1.0919],
						"0.9167": [-0.25097, 14.03276, -0.9081],
						"1.0": [-0.25097, 14.03276, 1.0919],
						"1.0833": [-0.25097, 14.03276, -0.9081],
						"1.1667": [-0.25097, 14.03276, 1.0919],
						"1.25": [-0.25097, 14.03276, -0.9081],
						"1.3333": [-0.25097, 14.03276, 1.0919],
						"1.4167": [-0.25097, 14.03276, -0.9081],
						"1.5": [-0.25097, 14.03276, 1.0919],
						"1.5833": [-0.25097, 14.03276, -0.9081],
						"1.6667": [-0.25097, 14.03276, 1.0919],
						"1.75": [-0.25097, 14.03276, -0.9081],
						"1.8333": [-0.25097, 14.03276, 1.0919],
						"1.9167": [-0.25097, 14.03276, -0.9081],
						"2.0": [-0.25097, 14.03276, 1.0919]
					},
					"position": {
						"0.0": [-0.5, 0, 0],
						"0.0833": [-0.7, 0, 0],
						"0.1667": [-0.5, 0, 0],
						"0.25": [-0.7, 0, 0],
						"0.3333": [-0.5, 0, 0],
						"0.4167": [-0.7, 0, 0],
						"0.5": [-0.5, 0, 0],
						"0.5833": [-0.7, 0, 0],
						"0.6667": [-0.5, 0, 0],
						"0.75": [-0.7, 0, 0],
						"0.8333": [-0.5, 0, 0],
						"0.9167": [-0.7, 0, 0],
						"1.0": [-0.5, 0, 0],
						"1.0833": [-0.7, 0, 0],
						"1.1667": [-0.5, 0, 0],
						"1.25": [-0.7, 0, 0],
						"1.3333": [-0.5, 0, 0],
						"1.4167": [-0.7, 0, 0],
						"1.5": [-0.5, 0, 0],
						"1.5833": [-0.7, 0, 0],
						"1.6667": [-0.5, 0, 0],
						"1.75": [-0.7, 0, 0],
						"1.8333": [-0.5, 0, 0],
						"1.9167": [-0.7, 0, 0],
						"2.0": [-0.5, 0, 0]
					}
				},
				"leg3": {
					"rotation": {
						"0.0": [-0.25097, -14.0328, -1.0919],
						"0.0833": [-0.25097, -14.0328, 0.9081],
						"0.1667": [-0.25097, -14.0328, -1.0919],
						"0.25": [-0.25097, -14.0328, 0.9081],
						"0.3333": [-0.25097, -14.0328, -1.0919],
						"0.4167": [-0.25097, -14.0328, 0.9081],
						"0.5": [-0.25097, -14.0328, -1.0919],
						"0.5833": [-0.25097, -14.0328, 0.9081],
						"0.6667": [-0.25097, -14.0328, -1.0919],
						"0.75": [-0.25097, -14.0328, 0.9081],
						"0.8333": [-0.25097, -14.0328, -1.0919],
						"0.9167": [-0.25097, -14.0328, 0.9081],
						"1.0": [-0.25097, -14.0328, -1.0919],
						"1.0833": [-0.25097, -14.0328, 0.9081],
						"1.1667": [-0.25097, -14.0328, -1.0919],
						"1.25": [-0.25097, -14.0328, 0.9081],
						"1.3333": [-0.25097, -14.0328, -1.0919],
						"1.4167": [-0.25097, -14.0328, 0.9081],
						"1.5": [-0.25097, -14.0328, -1.0919],
						"1.5833": [-0.25097, -14.0328, 0.9081],
						"1.6667": [-0.25097, -14.0328, -1.0919],
						"1.75": [-0.25097, -14.0328, 0.9081],
						"1.8333": [-0.25097, -14.0328, -1.0919],
						"1.9167": [-0.25097, -14.0328, 0.9081],
						"2.0": [-0.25097, -14.0328, -1.0919]
					},
					"position": {
						"0.0": [0.5, 0, 0],
						"0.0833": [0.7, 0, 0],
						"0.1667": [0.5, 0, 0],
						"0.25": [0.7, 0, 0],
						"0.3333": [0.5, 0, 0],
						"0.4167": [0.7, 0, 0],
						"0.5": [0.5, 0, 0],
						"0.5833": [0.7, 0, 0],
						"0.6667": [0.5, 0, 0],
						"0.75": [0.7, 0, 0],
						"0.8333": [0.5, 0, 0],
						"0.9167": [0.7, 0, 0],
						"1.0": [0.5, 0, 0],
						"1.0833": [0.7, 0, 0],
						"1.1667": [0.5, 0, 0],
						"1.25": [0.7, 0, 0],
						"1.3333": [0.5, 0, 0],
						"1.4167": [0.7, 0, 0],
						"1.5": [0.5, 0, 0],
						"1.5833": [0.7, 0, 0],
						"1.6667": [0.5, 0, 0],
						"1.75": [0.7, 0, 0],
						"1.8333": [0.5, 0, 0],
						"1.9167": [0.7, 0, 0],
						"2.0": [0.5, 0, 0]
					}
				}
			}
		},
		"animation.wolf.after_shaking": {
			"loop": "hold_on_last_frame",
			"animation_length": 1,
			"bones": {
				"head": {
					"rotation": {
						"0.0": [9.0239, 14.58013, -0.1742],
						"0.1667": [1.2903, 21.08262, -23.60092],
						"0.375": [0, 0, 0],
						"1.0": [0, 0, 0]
					},
					"position": {
						"0.0": [0, 0, 0],
						"0.1667": [0, 0, 0],
						"0.375": [0, 0, 0],
						"1.0": [0, 0, 0]
					}
				},
				"upper_body": {
					"rotation": [0.5, 0, 0],
					"position": [0, -0.2, 0]
				},
				"body1": {
					"rotation": {
						"0.0": [-0.04, 0.09423, 5.99909],
						"0.5": [-0.04, -0.0942, -5.9991],
						"0.75": [-4, 0, 0],
						"1.0": [0, 0, 0]
					}
				},
				"body2": {
					"rotation": {
						"0.0": [0.16374, -0.23826, -16.9979],
						"0.125": [0.23561, -0.34203, -24.99727],
						"0.375": [0.16374, 0.2383, 16.9979],
						"0.5": [0.23561, 0.342, 24.9973],
						"0.75": [0, 0, 0],
						"1.0": [0, 0, 0]
					},
					"position": {
						"0.0": [0, 0, 0],
						"0.125": [0, 0, 0],
						"0.375": [0, 0, 0],
						"0.5": [0, 0, 0],
						"0.75": [0, 0, 0],
						"1.0": [0, 0, 0]
					}
				},
				"mouth": {
					"position": [0, 0, 0],
					"scale": 1
				},
				"left": {
					"rotation": {
						"0.0": [46.60243, 7.22858, -20.56631],
						"0.1667": [53.20086, 13.69708, -24.75821],
						"0.3333": [38.49585, 14.71105, 33.56214],
						"0.5833": [-5.94807, -9.0109, -0.2145],
						"1.0": [-5.94807, -9.0109, -0.2145]
					},
					"position": {
						"0.0": [-0.2, 0, 0],
						"0.1667": [-0.2, 0, 0],
						"0.3333": [-0.2, 0, 0],
						"0.5833": [-0.2, -0.1, 0],
						"1.0": [-0.2, -0.1, 0]
					}
				},
				"right": {
					"rotation": {
						"0.0": [46.60243, 7.22858, -20.56631],
						"0.1667": [53.20086, 13.69708, -24.75821],
						"0.3333": [38.49585, 14.71105, 33.56214],
						"0.5833": [-5.94807, 13.01086, 0.21452],
						"1.0": [-5.94807, 13.01086, 0.21452]
					},
					"position": {
						"0.0": [0.2, 0, 0],
						"0.1667": [0.2, 0, 0],
						"0.3333": [0.2, 0, 0],
						"0.5833": [0.2, -0.1, 0],
						"1.0": [0.2, -0.1, 0]
					}
				},
				"tail": {
					"rotation": {
						"0.0": [18.39686, -4.8337, 14.2168],
						"0.1667": [18.63109, -1.1968, 25.7296],
						"0.5": [18.39686, 4.83366, -14.2168],
						"0.6667": [18.63109, 1.19681, -25.7296],
						"1.0": [18.39686, -4.8337, 14.2168]
					},
					"position": {
						"0.0": [0.2, 0.3, -0.5],
						"0.5": [-0.2, 0.3, -0.5],
						"1.0": [0.2, 0.3, -0.5]
					}
				},
				"leg0": {
					"rotation": [1.00137, 2.99954, 1.05241],
					"position": [-0.1, 0, 0]
				},
				"leg1": {
					"rotation": [0, -3, -2],
					"position": [0.2, 0, -0.1]
				},
				"leg2": {
					"rotation": [-1, 14, 0],
					"position": [-0.5, 0, 0]
				},
				"leg3": {
					"rotation": [2, -7, -2],
					"position": [0.5, 0, 0]
				}
			}
		},
		"animation.wolf.baby": {
			"loop": true,
			"bones": {
				"head": {
					"position": [0, 1, -2],
					"scale": 1.6
				}
			}
		},
		"animation.wolf.hurt": {
			"animation_length": 0.375,
			"bones": {
				"head": {
					"rotation": {
						"0.0": [0, 0, 0],
						"0.125": [-24, 0, 0],
						"0.25": [27, 0, 0],
						"0.3333": [0, 0, 0]
					},
					"position": {
						"0.0": [0, 0, 0],
						"0.125": [0, 0.5, 0],
						"0.3333": [0, 0, 0]
					}
				},
				"upper_body": {
					"rotation": {
						"0.0": [0, 0, 0],
						"0.125": [15, 0, 0],
						"0.25": [-8, 0, 0],
						"0.3333": [0, 0, 0]
					},
					"position": {
						"0.0": [0, 0, 0],
						"0.125": [0, -2.5, 0.8],
						"0.25": [0, -1, 0],
						"0.3333": [0, 0, 0]
					}
				},
				"body2": {
					"scale": {
						"0.0": [1, 1, 1],
						"0.0833": [1, 1, 0.85],
						"0.2083": [1, 1, 1]
					}
				},
				"left": {
					"rotation": {
						"0.0": [0, 0, 0],
						"0.0833": [45, 0, 0],
						"0.2083": [-21.5, 0, 0],
						"0.2917": [-49.12, 0, 0],
						"0.375": [0, 0, 0]
					}
				},
				"right": {
					"rotation": {
						"0.0": [0, 0, 0],
						"0.0833": [45, 0, 0],
						"0.2083": [-21.5, 0, 0],
						"0.2917": [-49.12, 0, 0],
						"0.375": [0, 0, 0]
					}
				},
				"eye_right": {
					"scale": {
						"0.0": [1, 1.19, 1],
						"0.2917": [1, 1.19, 1],
						"0.375": [1, 1, 1]
					}
				},
				"eye_left": {
					"scale": {
						"0.0": [1, 1.18, 1],
						"0.2917": [1, 1.18, 1],
						"0.375": [1, 1, 1]
					}
				},
				"eyelid_right": {
					"position": {
						"0.0": [0, -0.8, 0],
						"0.0417": [0.1, -1, 0.1]
					},
					"scale": [1, 0.001, 1]
				},
				"eyelid_left": {
					"position": {
						"0.0": [0, -0.8, 0],
						"0.0417": [-0.1, -1, 0.1]
					},
					"scale": [1, 0.001, 1]
				},
				"eyeball_right": {
					"scale": {
						"0.0": [0.79, 0.79, 1],
						"0.2917": [0.79, 0.79, 1],
						"0.375": [1, 1, 1]
					}
				},
				"eyeball_left": {
					"scale": {
						"0.0": [0.68, 0.68, 1],
						"0.2917": [0.68, 0.68, 1],
						"0.375": [1, 1, 1]
					}
				},
				"tail": {
					"rotation": {
						"0.0": [18.39686, 4.83366, -14.2168],
						"0.125": [57.39686, 4.83366, -14.2168],
						"0.2083": [81.39686, 4.83366, -14.2168],
						"0.375": [18.39686, 4.83366, -14.2168]
					},
					"position": [0, -0.5, 0]
				}
			}
		}
	}
}