{
	"format_version": "1.8.0",
	"animations": {
		"animation.zombie_piglin.base": {
			"loop": true,
			"animation_length": 3,
			"bones": {
				"body1": {
					"scale": {
						"0.0": [1, 1, 1],
						"1.5": [1.025, 1, 1.05],
						"3.0": [1, 1, 1]
					}
				},
				"leftarm": {
					"rotation": {
						"0.0": [-15.39301, 0.71396, -5.03342],
						"1.5": [-19.40222, 0.39834, -5.98235],
						"3.0": [-15.39301, 0.71396, -5.03342]
					},
					"position": {
						"0.0": [0, 0, -2],
						"0.75": [0, -0.7, -2],
						"1.5": [0, 0, -2],
						"2.1667": [0, 0.7, -2],
						"3.0": [0, 0, -2]
					}
				},
				"rightarm": {
					"rotation": {
						"0.0": [-31.43388, 6.32548, 10.2183],
						"1.5": [-23.09685, 7.1136, 12.0692],
						"3.0": [-31.43388, 6.32548, 10.2183]
					},
					"position": {
						"0.0": [-0.2, -0.3, -0.4],
						"0.75": [-0.2, -1, -0.4],
						"1.5": [-0.2, -0.3, -0.4],
						"2.1667": [-0.2, 0.4, -0.4],
						"3.0": [-0.2, -0.3, -0.4]
					}
				},
				"head": {
					"rotation": {
						"0.0": [1.98421, 13.34041, -5.43472],
						"0.5417": [6.12862, 13.31543, -4.80618],
						"1.5": [1.98421, 13.34041, -2.4347],
						"2.0": [-1.83736, 13.29034, -0.30146],
						"3.0": [1.98421, 13.34041, -5.43472]
					},
					"position": {
						"0.0": [0, 0, 0],
						"0.4167": [0, -0.3, 0],
						"1.5": [0, 0, 0],
						"1.9167": [0, 0.1, 0],
						"3.0": [0, 0, 0]
					}
				},
				"leftear": {
					"rotation": {
						"0.0": [0, 0, 14],
						"0.625": [0, 0, 17],
						"1.5": [0, 0, 14],
						"2.2917": [0, 0, 11],
						"3.0": [0, 0, 14]
					}
				},
				"mouth": {
					"position": {
						"0.0": [0, 0, 0],
						"0.5": [0, 0, 0],
						"0.7083": [0, 0.13, 0],
						"1.25": [0, 0, 0],
						"1.625": [0, 0.13, 0],
						"2.1667": [0, 0, 0],
						"3.0": [0, 0, 0]
					},
					"scale": {
						"0.0": [1, 1, 1],
						"0.5": [1, 1, 1],
						"0.7083": [1.01, 1.05, 1],
						"1.25": [1, 1, 1],
						"1.625": [1.01, 1.05, 1],
						"2.1667": [1, 1, 1],
						"3.0": [1, 1, 1]
					}
				}
			}
		},
		"animation.zombie_piglin.walking": {
			"loop": true,
			"animation_length": 2,
			"anim_time_update": "query.modified_distance_moved * 0.20",
			"bones": {
				"Root": {
					"position": {
						"0.0": [0, 0, 0],
						"0.4583": [0, 0.35, 0],
						"1.0": [0, 0, 0],
						"1.5": [0, 0.35, 0],
						"2.0": [0, 0, 0]
					}
				},
				"upper_body": {
					"rotation": {
						"0.0": [19, 0, -2.9],
						"0.375": [10, 0, 0],
						"1.0": [19, 0, 2.9],
						"1.375": [10, 0, 0],
						"2.0": [19, 0, -2.9]
					},
					"position": {
						"0.0": [0, -0.2, 0.9],
						"0.375": [0, -1.9, 0.5],
						"1.0": [0, -0.2, 0.9],
						"1.375": [0, -1.9, 0.5],
						"2.0": [0, -0.2, 0.9]
					}
				},
				"leftarm": {
					"rotation": {
						"0.0": [-103.49874, -10.549, 2.1203],
						"0.2917": [-95.4987, -10.549, 2.1203],
						"0.6667": [-106.4399, -10.549, 2.1203],
						"1.0": [-103.49874, -10.549, 2.1203],
						"1.2917": [-95.4987, -5.549, 2.1203],
						"1.6667": [-106.4399, -7.549, 2.1203],
						"2.0": [-103.49874, -10.549, 2.1203]
					},
					"position": {
						"0.0": [0, -0.5, -0.9],
						"1.0": [0, -0.5, -0.9],
						"2.0": [0, -0.5, -0.9]
					}
				},
				"rightarm": {
					"rotation": {
						"0.0": [-103.49874, 10.54899, -2.12034],
						"0.2917": [-95.4987, 5.549, -2.12034],
						"0.6667": [-106.4399, 7.549, -2.12034],
						"1.0": [-103.49874, 10.54899, -2.12034],
						"1.2917": [-95.4987, 10.549, -2.12034],
						"1.625": [-106.4399, 10.549, -2.12034],
						"2.0": [-103.49874, 10.54899, -2.12034]
					},
					"position": {
						"0.0": [0, -0.5, -0.9],
						"1.0": [0, -0.5, -0.9],
						"2.0": [0, -0.5, -0.9]
					}
				},
				"head": {
					"rotation": {
						"0.0": [-4.96292, -0.60859, -3.9736],
						"0.25": [-0.96292, -0.60859, -3.9736],
						"0.625": [-11.96292, -0.60859, 0],
						"1.0": [-4.96292, -0.60859, 1.9736],
						"1.25": [-0.96292, -0.60859, 3.9736],
						"1.625": [-11.96292, -0.60859, 0],
						"2.0": [-4.96292, -0.60859, -3.9736]
					}
				},
				"leftear": {
					"rotation": {
						"0.0": [0, 0, -1],
						"0.3333": [0, 0, -6],
						"1.0": [0, 0, 21],
						"1.375": [0, 0, 24],
						"2.0": [0, 0, -1]
					}
				},
				"mouth": {
					"position": {
						"0.0": [0, 0, 0],
						"0.625": [0, 0, 0],
						"0.8333": [0, 0.13, 0],
						"1.125": [0, 0, 0],
						"2.0": [0, 0, 0]
					},
					"scale": {
						"0.0": [1, 1, 1],
						"0.625": [1, 1, 1],
						"0.8333": [1.01, 1.05, 1],
						"1.125": [1, 1, 1],
						"2.0": [1, 1, 1]
					}
				},
				"rightleg": {
					"rotation": {
						"0.0": [-24, 2, 1.5],
						"1.0": [27, 0.3, 0],
						"1.25": [42.25, 0.725, 0.05],
						"1.625": [5.6, 1.3, 0.1],
						"2.0": [-24, 2, 1.5]
					},
					"position": {
						"0.0": [-0.2, -0.6, -1.5],
						"1.0": [-0.3, -0.3, 0.8],
						"1.25": [-0.28, -0.8, -2.57],
						"1.625": [-0.24, 1.71, -3.83],
						"2.0": [-0.2, -0.6, -1.5]
					}
				},
				"leftleg": {
					"rotation": {
						"0.0": [27, -0.3, 0],
						"0.25": [42.25, -0.725, -0.05],
						"0.625": [5.6, -1.3, -0.1],
						"1.0": [-24, -2, -1.5],
						"2.0": [27, -0.3, 0]
					},
					"position": {
						"0.0": [0.3, -0.3, 0.8],
						"0.25": [0.28, -0.8, -2.57],
						"0.625": [0.24, 1.71, -3.83],
						"1.0": [0.2, -0.6, -1.5],
						"2.0": [0.3, -0.3, 0.8]
					}
				}
			}
		},
		"animation.zombie_piglin.running": {
			"loop": true,
			"animation_length": 2,
			"anim_time_update": "query.modified_distance_moved * 0.192",
			"bones": {
				"Root": {
					"position": {
						"0.0": [0, 0, 0],
						"0.4583": [0, 0.35, 0],
						"1.0": [0, 0, 0],
						"1.5": [0, 0.35, 0],
						"2.0": [0, 0, 0]
					}
				},
				"upper_body": {
					"rotation": {
						"0.0": [35, 0, -1.9],
						"0.375": [31, 0, 0],
						"1.0": [35, 0, 1.9],
						"1.375": [31, 0, 0],
						"2.0": [35, 0, -1.9]
					},
					"position": {
						"0.0": [0, -0.2, 0.9],
						"0.375": [0, -1.9, 0.5],
						"0.6667": [0, 0, 0.69],
						"1.0": [0, -0.2, 0.9],
						"1.375": [0, -1.9, 0.5],
						"1.6667": [0, 0, 0.71],
						"2.0": [0, -0.2, 0.9]
					}
				},
				"leftarm": {
					"rotation": {
						"0.0": [-103.49874, -10.549, 2.1203],
						"0.4583": [-88.4987, -10.549, 2.1203],
						"1.0": [-103.49874, -10.549, 2.1203],
						"1.5": [-88.4987, -10.549, 2.1203],
						"2.0": [-103.49874, -10.549, 2.1203]
					},
					"position": {
						"0.0": [0, -0.5, -0.9],
						"1.0": [0, -0.5, -0.9],
						"2.0": [0, -0.5, -0.9]
					}
				},
				"rightarm": {
					"rotation": {
						"0.0": [-123.49874, 10.54899, -2.12034],
						"0.4583": [-110.4987, 10.54899, -2.12034],
						"1.0": [-123.49874, 10.54899, -2.12034],
						"1.4167": [-110.4987, 10.54899, -2.12034],
						"2.0": [-123.49874, 10.54899, -2.12034]
					},
					"position": {
						"0.0": [0, -0.5, -0.9],
						"1.0": [0, -0.5, -0.9],
						"2.0": [0, -0.5, -0.9]
					}
				},
				"head": {
					"rotation": {
						"0.0": [-26.9629, -0.60859, -3.2736],
						"0.4167": [-31.2629, -0.60859, 0],
						"1.0": [-26.9629, -0.60859, 3.2736],
						"1.4167": [-31.2629, -0.60859, 0],
						"2.0": [-26.9629, -0.60859, -3.2736]
					}
				},
				"leftear": {
					"rotation": {
						"0.0": [0, 0, -1],
						"0.3333": [0, 0, -6],
						"1.0": [0, 0, 21],
						"1.375": [0, 0, 24],
						"2.0": [0, 0, -1]
					}
				},
				"rightleg": {
					"rotation": {
						"0.0": [-24, 2, 1.5],
						"1.0": [35, 0.3, 0],
						"1.25": [55.25, 0.725, 0.05],
						"1.625": [5.6, 1.3, 0.1],
						"2.0": [-24, 2, 1.5]
					},
					"position": {
						"0.0": [-0.2, -0.6, -1.5],
						"1.0": [-0.3, -0.3, 0.8],
						"1.25": [-0.28, 1.3, -3.87],
						"1.625": [-0.24, 1.81, -3.83],
						"2.0": [-0.2, -0.6, -1.5]
					}
				},
				"leftleg": {
					"rotation": {
						"0.0": [35, -0.3, 0],
						"0.25": [55.25, -0.725, -0.05],
						"0.625": [5.6, -1.3, -0.1],
						"1.0": [-24, -2, -1.5],
						"1.9583": [35, -0.3, 0]
					},
					"position": {
						"0.0": [0.3, -0.3, 0.8],
						"0.25": [0.28, -1.3, -3.87],
						"0.625": [0.24, 1.81, -3.83],
						"1.0": [0.2, -0.6, -1.5],
						"2.0": [0.3, -0.3, 0.8]
					}
				},
				"mouth": {
					"position": {
						"0.0": [0, 0, 0],
						"0.5": [0, 0, 0],
						"0.7083": [0, 0.13, 0],
						"1.25": [0, 0, 0],
						"1.625": [0, 0.13, 0],
						"2.0": [0, 0, 0]
					},
					"scale": {
						"0.0": [1, 1, 1],
						"0.5": [1, 1, 1],
						"0.7083": [1.01, 1.05, 1],
						"1.25": [1, 1, 1],
						"1.625": [1.01, 1.05, 1],
						"2.0": [1, 1, 1]
					}
				}
			}
		},
		"animation.zombie_piglin.base_face": {
			"loop": true,
			"animation_length": 10,
			"bones": {
				"eye": {
					"position": ["math.clamp(-variable.eye_target_x, -10, 15)*0.0186", "math.clamp(-variable.eye_target_y, -10, 15)*0.0176", 0]
				},
				"eyelid": {
					"position": {
						"0.0": ["math.clamp(-variable.eye_target_x, -10, 10)*0.0106", "math.clamp(-variable.eye_target_y, -10, 15)*0.0076", 0.1],
						"1.0": ["math.clamp(-variable.eye_target_x, -10, 15)*0.0186", "math.clamp(-variable.eye_target_y, -10, 15)*0.0176", 0.1],
						"1.0417": ["math.clamp(-variable.eye_target_x, -10, 15)*0.0186", "math.clamp(-variable.eye_target_y, -10, 15)*0.0176", 0],
						"1.3333": ["math.clamp(-variable.eye_target_x, -10, 15)*0.0186", "math.clamp(-variable.eye_target_y, -10, 15)*0.0176", 0],
						"1.375": ["math.clamp(-variable.eye_target_x, -10, 15)*0.0186", "math.clamp(-variable.eye_target_y, -10, 15)*0.0176", 0.1],
						"6.5": ["math.clamp(-variable.eye_target_x, -10, 15)*0.0186", "math.clamp(-variable.eye_target_y, -10, 15)*0.0176", 0.1],
						"6.5417": ["math.clamp(-variable.eye_target_x, -10, 15)*0.0186", "math.clamp(-variable.eye_target_y, -10, 15)*0.0176", 0],
						"6.8333": ["math.clamp(-variable.eye_target_x, -10, 15)*0.0186", "math.clamp(-variable.eye_target_y, -10, 15)*0.0176", 0],
						"6.875": ["math.clamp(-variable.eye_target_x, -10, 15)*0.0186", "math.clamp(-variable.eye_target_y, -10, 15)*0.0176", 0.1]
					},
					"scale": {
						"0.0": [1, 0.02, 1],
						"1.0": [1, 0.02, 1],
						"1.0417": [1, 0.02, 1],
						"1.1667": [1, 1, 1],
						"1.2083": [1, 1, 1],
						"1.3333": [1, 0.02, 1],
						"1.375": [1, 0.02, 1],
						"6.5": [1, 0.02, 1],
						"6.5417": [1, 0.02, 1],
						"6.6667": [1, 1, 1],
						"6.7083": [1, 1, 1],
						"6.8333": [1, 0.02, 1],
						"6.875": [1, 0.02, 1]
					}
				}
			}
		},
		"animation.zombie_piglin.death_face": {
			"loop": "hold_on_last_frame",
			"animation_length": 0.20833,
			"bones": {
				"eye": {
					"position": [0, 0, 0]
				},
				"eyelid": {
					"position": {
						"0.0": ["math.clamp(-variable.eye_target_x, -10, 10)*0.0106", "math.clamp(-variable.eye_target_y, -10, 15)*0.0076", 0.1],
						"0.0417": ["math.clamp(-variable.eye_target_x, -10, 10)*0.0106", "math.clamp(-variable.eye_target_y, -10, 15)*0.0076", 0]
					},
					"scale": {
						"0.0": [1, 0.02, 1],
						"0.0417": [1, 0.02, 1],
						"0.1667": [1, 1, 1],
						"0.2083": [1, 1, 1]
					}
				}
			}
		},
		"animation.zombie_piglin.attack_time": {
			"loop": "hold_on_last_frame",
			"animation_length": 1,
			"bones": {
				"Root": {
					"position": {
						"0.0": [0, 0, 0],
						"0.4583": [0, 0.35, 0],
						"1.0": [0, 0, 0]
					}
				},
				"upper_body": {
					"rotation": {
						"0.0": [19, 0, -2.9],
						"0.125": [-2, 0, 0],
						"0.25": [25.16667, 0, 1.12778],
						"0.4167": [19, 0, 2.9],
						"0.6667": [10, 0, 0],
						"1.0": [19, 0, -2.9]
					},
					"position": {
						"0.0": [0, -0.2, 0.9],
						"0.125": [0, -1.9, 0.5],
						"0.4167": [0, -0.2, 0.9],
						"0.6667": [0, -1.9, 0.5],
						"1.0": [0, -0.2, 0.9]
					}
				},
				"leftarm": {
					"rotation": {
						"0.0": [-103.49874, -10.549, 2.1203],
						"0.125": [-182.78644, -10.28695, 9.2328],
						"0.2917": [-64.78127, 2.58182, 6.99902],
						"0.4583": [-103.49874, -10.549, 2.1203],
						"0.7083": [-95.4987, -5.549, 2.1203],
						"1.0": [-103.49874, -10.549, 2.1203]
					},
					"position": {
						"0.0": [0, -0.5, -0.9],
						"0.4583": [0, -0.5, -0.9],
						"1.0": [0, -0.5, -0.9]
					}
				},
				"rightarm": {
					"rotation": {
						"0.0": [-103.49874, 10.54899, -2.12034],
						"0.125": [-173.13753, 2.47217, -16.68496],
						"0.2917": [-58.91985, 3.48951, -12.80794],
						"0.4583": [-103.49874, 10.54899, -2.12034],
						"0.7083": [-95.4987, 10.549, -2.12034],
						"1.0": [-103.49874, 10.54899, -2.12034]
					},
					"position": {
						"0.0": [0, -0.5, -0.9],
						"0.4583": [0, -0.5, -0.9],
						"1.0": [0, -0.5, -0.9]
					}
				},
				"head": {
					"rotation": {
						"0.0": [-4.96292, -0.60859, -3.9736],
						"0.0833": [14.53708, -0.60859, -3.9736],
						"0.1667": [-6.66292, -0.60859, -3.9736],
						"0.2917": [4.03708, -0.60859, -3.9736],
						"0.5": [-9.96292, -0.60859, 0],
						"0.75": [-18.96292, -0.60859, 1.9736],
						"1.0": [-0.96292, -0.60859, 3.9736]
					}
				},
				"leftear": {
					"rotation": {
						"0.0": [0, 0, -1],
						"0.0833": [0, 0, 20],
						"0.1667": [0, 0, 26.8],
						"0.2917": [0, 0, -10.15],
						"0.4583": [0, 0, 21],
						"0.6667": [0, 0, -3],
						"1.0": [0, 0, 7]
					}
				},
				"mouth": {
					"position": {
						"0.0": [0, 0, 0],
						"0.625": [0, 0, 0],
						"0.8333": [0, 0.13, 0],
						"1.0": [0, 0, 0]
					},
					"scale": {
						"0.0": [1, 1, 1],
						"0.625": [1, 1, 1],
						"0.8333": [1.01, 1.05, 1],
						"1.0": [1, 1, 1]
					}
				}
			}
		},
		"animation.zombie_piglin.attack_walk": {
			"loop": true,
			"animation_length": 2,
			"anim_time_update": "query.modified_distance_moved * 0.22",
			"bones": {
				"rightleg": {
					"rotation": {
						"0.0": [-24, 2, 1.5],
						"1.0": [27, 0.3, 0],
						"1.25": [42.25, 0.725, 0.05],
						"1.625": [5.6, 1.3, 0.1],
						"2.0": [-24, 2, 1.5]
					},
					"position": {
						"0.0": [-0.2, -0.6, -1.5],
						"1.0": [-0.3, -0.3, 0.8],
						"1.25": [-0.28, -0.8, -2.57],
						"1.625": [-0.24, 1.71, -3.83],
						"2.0": [-0.2, -0.6, -1.5]
					}
				},
				"leftleg": {
					"rotation": {
						"0.0": [27, -0.3, 0],
						"0.25": [42.25, -0.725, -0.05],
						"0.625": [5.6, -1.3, -0.1],
						"1.0": [-24, -2, -1.5],
						"2.0": [27, -0.3, 0]
					},
					"position": {
						"0.0": [0.3, -0.3, 0.8],
						"0.25": [0.28, -0.8, -2.57],
						"0.625": [0.24, 1.71, -3.83],
						"1.0": [0.2, -0.6, -1.5],
						"2.0": [0.3, -0.3, 0.8]
					}
				}
			}
		},
		"animation.zombie_piglin.riding": {
			"loop": true,
			"animation_length": 3,
			"bones": {
				"upper_body": {
					"rotation": {
						"0.0": [17.75313, -9.53274, -3.03513],
						"1.5": [15.75313, -9.53274, -3.03513],
						"3.0": [17.75313, -9.53274, -3.03513]
					},
					"position": {
						"0.0": [0, 0, 0],
						"1.5": [0, 0.4, 0],
						"3.0": [0, 0, 0]
					}
				},
				"body1": {
					"scale": {
						"0.0": [1, 1, 1],
						"1.5": [1.025, 1, 1.05],
						"3.0": [1, 1, 1]
					}
				},
				"leftarm": {
					"rotation": {
						"0.0": [-15.39301, 0.71396, -5.03342],
						"1.5": [-19.40222, 0.39834, -5.98235],
						"3.0": [-15.39301, 0.71396, -5.03342]
					},
					"position": {
						"0.0": [0, 0, -2],
						"0.75": [0, -0.7, -2],
						"1.5": [0, 0, -2],
						"2.1667": [0, 0.7, -2],
						"3.0": [0, 0, -2]
					}
				},
				"rightarm": {
					"rotation": {
						"0.0": [-31.43388, 6.32548, 10.2183],
						"1.5": [-23.09685, 7.1136, 12.0692],
						"3.0": [-31.43388, 6.32548, 10.2183]
					},
					"position": {
						"0.0": [-0.2, -0.3, -0.4],
						"0.75": [-0.2, -1, -0.4],
						"1.5": [-0.2, -0.3, -0.4],
						"2.1667": [-0.2, 0.4, -0.4],
						"3.0": [-0.2, -0.3, -0.4]
					}
				},
				"head": {
					"rotation": {
						"0.0": [1.98421, 13.34041, -5.43472],
						"0.5417": [6.12862, 13.31543, -4.80618],
						"1.5": [1.98421, 13.34041, -2.4347],
						"2.0": [-1.83736, 13.29034, -0.30146],
						"3.0": [1.98421, 13.34041, -5.43472]
					},
					"position": {
						"0.0": [0, 0, 0],
						"0.4167": [0, -0.3, 0],
						"1.5": [0, 0, 0],
						"1.9167": [0, 0.1, 0],
						"3.0": [0, 0, 0]
					}
				},
				"leftear": {
					"rotation": {
						"0.0": [0, 0, 14],
						"0.625": [0, 0, 17],
						"1.5": [0, 0, 14],
						"2.2917": [0, 0, 11],
						"3.0": [0, 0, 14]
					}
				},
				"mouth": {
					"position": {
						"0.0": [0, 0, 0],
						"0.5": [0, 0, 0],
						"0.7083": [0, 0.13, 0],
						"1.25": [0, 0, 0],
						"1.625": [0, 0.13, 0],
						"2.1667": [0, 0, 0],
						"3.0": [0, 0, 0]
					},
					"scale": {
						"0.0": [1, 1, 1],
						"0.5": [1, 1, 1],
						"0.7083": [1.01, 1.05, 1],
						"1.25": [1, 1, 1],
						"1.625": [1.01, 1.05, 1],
						"2.1667": [1, 1, 1],
						"3.0": [1, 1, 1]
					}
				}
			}
		},
		"animation.zombie_piglin.riding_legs": {
			"loop": true,
			"bones": {
				"rightleg": {
					"rotation": ["-72.0 - this", "18.0 - this", "-this"]
				},
				"leftleg": {
					"rotation": ["-72.0 - this", "-18.0 - this", "-this"]
				}
			}
		},
		"animation.zombie_piglin.baby": {
			"loop": true,
			"bones": {
				"head": {
					"scale": 1.4
				}
			}
		},
		"animation.zombie_piglin.looking": {
			"loop": true,
			"bones": {
				"head": {
					"rotation": ["query.target_x_rotation", "math.clamp(query.target_y_rotation, -55, 55)", "math.clamp(query.target_y_rotation, -55, 55)*-0.04"]
				},
				"upper_body": {
					"rotation": [0, "math.clamp(query.target_y_rotation, -55, 55)*0.262", "math.clamp(query.target_y_rotation, -5, 5)*-0.024"]
				},
				"rightleg": {
					"rotation": [0, "math.clamp(query.target_y_rotation, -15, 35)*0.568", "math.clamp(query.target_y_rotation, -5, 25)*-0.094"]
				},
				"leftleg": {
					"rotation": [0, "math.clamp(query.target_y_rotation, -35, 15)*0.568", "math.clamp(query.target_y_rotation, -25, 5)*-0.094"]
				}
			}
		},
		"animation.zombie_piglin.arm_control": {
			"loop": true,
			"bones": {
				"leftarm": {
					"rotation": [
						"math.clamp(query.target_x_rotation, -35, 40)*0.762",
						"math.clamp(query.target_y_rotation, -30, 30)*0.762",
						"math.clamp(query.target_y_rotation, -5, 5)*-0.224"
					]
				},
				"rightarm": {
					"rotation": [
						"math.clamp(query.target_x_rotation, -35, 40)*0.762",
						"math.clamp(query.target_y_rotation, -30, 30)*0.762",
						"math.clamp(query.target_y_rotation, -5, 5)*-0.024"
					]
				}
			}
		},
		"animation.zombie_piglin.hurt": {
			"animation_length": 0.375,
			"bones": {
				"head": {
					"rotation": {
						"0.0": [0, 0, 0],
						"0.0833": [-25, 0, 0],
						"0.2083": [16.14, 0, 0],
						"0.375": [0, 0, 0]
					},
					"position": {
						"0.0": [0, 0, 0],
						"0.0833": [0, 0, 0.8],
						"0.2917": [0, 0, 0.6],
						"0.375": [0, 0, 0]
					}
				},
				"upper_body": {
					"rotation": {
						"0.0": [0, 0, 0],
						"0.0833": [-7.9362, -1.24529, -5.86981],
						"0.2083": [7, 0, 0],
						"0.2917": [0, 0, 0]
					},
					"position": {
						"0.0": [0, 0, 0],
						"0.125": [0, -1.5, 1.4],
						"0.2917": [0, 0, 0]
					}
				},
				"leftarm": {
					"rotation": {
						"0.0": [0, 0, 0],
						"0.125": [-55, 0, 0],
						"0.2917": [0, 0, 0]
					},
					"position": {
						"0.0": [0, 0, 0],
						"0.1667": [0, -1.5, 0],
						"0.2917": [0, 0, 0]
					}
				},
				"rightarm": {
					"rotation": {
						"0.0": [0, 0, 0],
						"0.125": [-55, 0, 0],
						"0.2917": [0, 0, 0]
					},
					"position": {
						"0.0": [0, 0, 0],
						"0.1667": [0, -1.6, 0],
						"0.2917": [0, 0, 0]
					}
				},
				"leftear": {
					"rotation": {
						"0.0": [0, 0, 0],
						"0.0833": [0, 0, -37],
						"0.1667": [0, 0, -23],
						"0.25": [0, 0, 5],
						"0.375": [0, 0, 0]
					}
				}
			}
		}
	}
}