{
	"format_version": "1.8.0",
	"animations": {
		"animation.zombie.husk.v1.8.base": {
			"loop": true,
			"animation_length": 3,
			"bones": {
				"head": {
					"rotation": {
						"0.0": [-3.97768, -0.36544, -2.9905],
						"0.5": [0.02232, -0.36544, -2.9905],
						"1.5": [-4.97768, -0.36544, -2.9905],
						"2.0": [-7.97768, -0.36544, -2.9905],
						"3.0": [-3.97768, -0.36544, -2.9905]
					},
					"position": {
						"0.0": [0, -0.2, 0],
						"0.4167": [0, -0.4, 0],
						"1.5": [0, -0.2, 0],
						"2.0": [0, 0, 0],
						"3.0": [0, -0.2, 0]
					}
				},
				"rightArm": {
					"rotation": {
						"0.0": [-25.30992, 3.07823, 0.9066],
						"0.25": [-25.8099, 3.07823, 0.9066],
						"1.5": [-19.30992, 3.07823, 0.9066],
						"1.7917": [-18.9099, 3.07823, 0.9066],
						"3.0": [-25.30992, 3.07823, 0.9066]
					},
					"position": {
						"0.0": [0, -0.3, -1],
						"0.4583": [0, -0.7, -1],
						"1.5": [0, -0.2, -1],
						"2.0": [0, 0.4, -1],
						"3.0": [0, -0.3, -1]
					}
				},
				"leftArm": {
					"rotation": {
						"0.0": [-23.77879, 9.49985, -5.91443],
						"0.25": [-23.9788, 9.49985, -5.91443],
						"1.5": [-17.77879, 9.49985, -5.91443],
						"1.7917": [-16.9788, 9.49985, -5.91443],
						"3.0": [-23.77879, 9.49985, -5.91443]
					},
					"position": {
						"0.0": [0, 0, -1.6],
						"0.5": [0, -0.7, -1.6],
						"1.5": [0, 0.2, -1.6],
						"2.0": [0, 0.75, -1.6],
						"3.0": [0, 0, -1.6]
					}
				},
				"body1": {
					"scale": {
						"0.0": [1, 1, 1],
						"1.5": [1, 1, 1.035],
						"3.0": [1, 1, 1]
					}
				}
			}
		},
		"animation.zombie.husk.v1.8.base_face": {
			"loop": true,
			"animation_length": 10,
			"bones": {
				"right": {
					"scale": [1, 2.03, 1]
				},
				"eye_layer_x": {
					"scale": [1, 2.12, 1]
				},
				"top": {
					"position": [0, 1, 0]
				},
				"eyelid_layer": {
					"position": [0, "math.clamp(-variable.eye_target_x, -35, 0)*-0.0050+math.clamp(variable.eye_target_y, -35, 0)*-0.005", 0]
				},
				"left": {
					"scale": [1, 2.03, 1]
				},
				"eye_layer_x2": {
					"scale": [1, 2.12, 1]
				},
				"top2": {
					"position": [0, 1, 0]
				},
				"eyelid_layer2": {
					"position": [0, "math.clamp(-variable.eye_target_x, 0, 35)*0.0050+math.clamp(variable.eye_target_y, -35, 0)*-0.005", 0]
				},
				"eyelid_right": {
					"position": {
						"1.0": [
							0,
							"math.clamp(-variable.eye_target_x, -35, 0)*-0.0050+math.clamp(variable.eye_target_y, 0, 70)*-0.0062+math.clamp(variable.eye_target_y, -35, 0)*-0.005",
							0
						],
						"1.125": [0, -1, 0],
						"1.2917": [
							0,
							"math.clamp(-variable.eye_target_x, -35, 0)*-0.0050+math.clamp(variable.eye_target_y, 0, 70)*-0.0062+math.clamp(variable.eye_target_y, -35, 0)*-0.005",
							0
						],
						"6.5": [
							0,
							"math.clamp(-variable.eye_target_x, -35, 0)*-0.0050+math.clamp(variable.eye_target_y, 0, 70)*-0.0062+math.clamp(variable.eye_target_y, -35, 0)*-0.005",
							0
						],
						"6.625": [0, -1, 0],
						"6.7917": [
							0,
							"math.clamp(-variable.eye_target_x, -35, 0)*-0.0050+math.clamp(variable.eye_target_y, 0, 70)*-0.0062+math.clamp(variable.eye_target_y, -35, 0)*-0.005",
							0
						]
					},
					"scale": {
						"1.0": [1, 1.83, 1],
						"1.125": [1, 2.03, 1],
						"1.2917": [1, 1.83, 1],
						"6.5": [1, 1.83, 1],
						"6.625": [1, 2.03, 1],
						"6.7917": [1, 1.83, 1]
					}
				},
				"eyelid_left": {
					"position": {
						"1.0": [
							0,
							"math.clamp(-variable.eye_target_x, 0, 35)*0.0050+math.clamp(variable.eye_target_y, 0, 70)*-0.0062+math.clamp(variable.eye_target_y, -35, 0)*-0.005",
							0
						],
						"1.125": [0, -1, 0],
						"1.2917": [
							0,
							"math.clamp(-variable.eye_target_x, 0, 35)*0.0050+math.clamp(variable.eye_target_y, 0, 70)*-0.0062+math.clamp(variable.eye_target_y, -35, 0)*-0.005",
							0
						],
						"6.5": [
							0,
							"math.clamp(-variable.eye_target_x, 0, 35)*0.0050+math.clamp(variable.eye_target_y, 0, 70)*-0.0062+math.clamp(variable.eye_target_y, -35, 0)*-0.005",
							0
						],
						"6.625": [0, -1, 0],
						"6.7917": [
							0,
							"math.clamp(-variable.eye_target_x, 0, 35)*0.0050+math.clamp(variable.eye_target_y, 0, 70)*-0.0062+math.clamp(variable.eye_target_y, -35, 0)*-0.005",
							0
						]
					},
					"scale": {
						"1.0": [1, 1.83, 1],
						"1.125": [1, 2.03, 1],
						"1.2917": [1, 1.83, 1],
						"6.5": [1, 1.83, 1],
						"6.625": [1, 2.03, 1],
						"6.7917": [1, 1.83, 1]
					}
				}
			}
		},
		"animation.zombie.husk.v1.8.death_face": {
			"loop": "hold_on_last_frame",
			"animation_length": 0.125,
			"bones": {
				"eyelid_right": {
					"position": {
						"0.0": [0, 0, 0],
						"0.125": [0, -1, 0]
					}
				},
				"eyelid_left": {
					"position": {
						"0.0": [0, 0, 0],
						"0.125": [0, -1, 0]
					}
				}
			}
		},
		"animation.zombie.husk.v1.8.walking": {
			"loop": true,
			"animation_length": 2,
			"anim_time_update": "query.modified_distance_moved * 0.225",
			"bones": {
				"upper_body": {
					"rotation": {
						"0.0": [24, 0, -1.4],
						"0.5": [22, 0, 0],
						"1.0": [24, 0, 1.4],
						"1.5": [22, 0, 0],
						"2.0": [24, 0, -1.4]
					},
					"position": {
						"0.0": [0, -0.4, 0.9],
						"0.25": [0, -0.7, 0.5],
						"0.5833": [0, 0.3, 0.1],
						"1.0": [0, -0.4, 0.9],
						"1.25": [0, -0.7, 0.5],
						"1.625": [0, 0.3, 0.1],
						"2.0": [0, -0.4, 0.9]
					}
				},
				"head": {
					"rotation": {
						"0.0": [-15, 0, -2],
						"0.5": [-3, 0, 0],
						"1.0": [-15, 0, 2],
						"1.5": [-3, 0, 0],
						"2.0": [-15, 0, -2]
					},
					"position": {
						"0.0": [0, 0.2, -0.6],
						"0.3333": [0, 0, -0.6],
						"1.0": [0, 0.2, -0.6],
						"1.3333": [0, 0, -0.6],
						"2.0": [0, 0.2, -0.6]
					}
				},
				"body": {
					"rotation": {
						"0.0": [0, 2.2, 0],
						"1.0": [0, -2.2, 0],
						"2.0": [0, 2.2, 0]
					},
					"position": {
						"0.0": [0, 0, -0.4],
						"1.0": [0, 0, -0.4],
						"2.0": [0, 0, -0.4]
					}
				},
				"rightArm": {
					"rotation": {
						"0.0": [-116, 2.2, -4],
						"0.375": [-102, 2.2, -4],
						"0.5417": [-99, 2.2, -4],
						"1.0": [-116, 2.2, -4],
						"1.4167": [-102, 2.2, -4],
						"1.625": [-99, 2.2, -4],
						"2.0": [-116, 2.2, -4]
					},
					"position": {
						"0.0": [0, 0.1, -1.9],
						"0.375": [0, 0.1, -1.9],
						"1.0": [0, 0.1, -1.9],
						"1.4167": [0, 0.1, -1.9],
						"2.0": [0, 0.1, -1.9]
					}
				},
				"leftArm": {
					"rotation": {
						"0.0": [-116, -2.2, 4],
						"0.375": [-102, -2.2, 4],
						"0.5417": [-99, -2.2, 4],
						"1.0": [-116, -2.2, 4],
						"1.4167": [-102, -2.2, 4],
						"1.625": [-99, -2.2, 4],
						"2.0": [-116, -2.2, 4]
					},
					"position": {
						"0.0": [0, 0.1, -1.9],
						"0.375": [0, 0.1, -1.9],
						"1.0": [0, 0.1, -1.9],
						"1.4167": [0, 0.1, -1.9],
						"2.0": [0, 0.1, -1.9]
					}
				},
				"rightLeg": {
					"rotation": {
						"0.0": [-24, 2, 0.2],
						"1.0": [27, 0.3, 0],
						"1.25": [50.25, 0.725, 0.05],
						"1.625": [5.6, 1.3, 0.1],
						"2.0": [-24, 2, 0.2]
					},
					"position": {
						"0.0": [-0.2, -0.6, -1.5],
						"1.0": [-0.3, -0.3, 0.8],
						"1.25": [-0.28, -0.5, -2.57],
						"1.625": [-0.24, 1.71, -3.83],
						"2.0": [-0.2, -0.6, -1.5]
					}
				},
				"leftLeg": {
					"rotation": {
						"0.0": [27, -0.3, 0],
						"0.25": [50.25, -0.725, -0.05],
						"0.625": [5.6, -1.3, -0.1],
						"1.0": [-24, -2, -0.2],
						"2.0": [27, -0.3, 0]
					},
					"position": {
						"0.0": [0.3, -0.3, 0.8],
						"0.25": [0.28, -0.5, -2.57],
						"0.625": [0.24, 1.71, -3.83],
						"1.0": [0.2, -0.6, -1.5],
						"2.0": [0.3, -0.3, 0.8]
					}
				}
			}
		},
		"animation.zombie.husk.v1.8.running": {
			"loop": true,
			"animation_length": 2,
			"anim_time_update": "query.modified_distance_moved * 0.238",
			"bones": {
				"upper_body": {
					"rotation": {
						"0.0": [30, 0, -1.9],
						"0.5": [24, 0, 0],
						"1.0": [30, 0, 1.9],
						"1.5": [24, 0, 0],
						"2.0": [30, 0, -1.9]
					},
					"position": {
						"0.0": [0, -0.4, 0.9],
						"0.25": [0, -0.6, 0.5],
						"0.5833": [0, 0.3, 0.1],
						"1.0": [0, -0.4, 0.9],
						"1.25": [0, -0.6, 0.5],
						"1.5833": [0, 0.3, 0.1],
						"2.0": [0, -0.4, 0.9]
					}
				},
				"head": {
					"rotation": {
						"0.0": [-26, 0, -2],
						"0.5": [-12, 0, 0],
						"1.0": [-26, 0, 2],
						"1.5": [-12, 0, 0],
						"2.0": [-26, 0, -2]
					},
					"position": {
						"0.0": [0, 0.2, -0.6],
						"0.3333": [0, 0, -0.6],
						"1.0": [0, 0.2, -0.6],
						"1.3333": [0, 0, -0.6],
						"2.0": [0, 0.2, -0.6]
					}
				},
				"body": {
					"rotation": {
						"0.0": [0, 2.2, 0],
						"1.0": [0, -2.2, 0],
						"2.0": [0, 2.2, 0]
					},
					"position": {
						"0.0": [0, 0, -0.4],
						"1.0": [0, 0, -0.4],
						"2.0": [0, 0, -0.4]
					}
				},
				"rightArm": {
					"rotation": {
						"0.0": [-116, 2.2, -4],
						"0.375": [-99, 2.2, -4],
						"0.5417": [-94, 2.2, -4],
						"1.0": [-116, 2.2, -4],
						"1.4167": [-99, 2.2, -4],
						"1.625": [-94, 2.2, -4],
						"2.0": [-116, 2.2, -4]
					},
					"position": {
						"0.0": [0, 0.1, -1.9],
						"0.375": [0, 0.1, -1.9],
						"1.0": [0, 0.1, -1.9],
						"1.4167": [0, 0.1, -1.9],
						"2.0": [0, 0.1, -1.9]
					}
				},
				"leftArm": {
					"rotation": {
						"0.0": [-116, -2.2, 4],
						"0.375": [-99, -2.2, 4],
						"0.5417": [-94, -2.2, 4],
						"1.0": [-116, -2.2, 4],
						"1.4167": [-99, -2.2, 4],
						"1.625": [-94, -2.2, 4],
						"2.0": [-116, -2.2, 4]
					},
					"position": {
						"0.0": [0, 0.1, -1.9],
						"0.375": [0, 0.1, -1.9],
						"1.0": [0, 0.1, -1.9],
						"1.4167": [0, 0.1, -1.9],
						"2.0": [0, 0.1, -1.9]
					}
				},
				"rightLeg": {
					"rotation": {
						"0.0": [-24, 2, 0.2],
						"1.0": [36, 0.3, 0],
						"1.25": [50.25, 0.725, 0.05],
						"1.625": [5.6, 1.3, 0.1],
						"2.0": [-24, 2, 0.2]
					},
					"position": {
						"0.0": [-0.2, -0.6, -1.5],
						"1.0": [-0.3, -0.3, 0.8],
						"1.25": [-0.28, -0.5, -3.57],
						"1.625": [-0.24, 2.1, -4.23],
						"2.0": [-0.2, -0.6, -1.5]
					}
				},
				"leftLeg": {
					"rotation": {
						"0.0": [36, -0.3, 0],
						"0.25": [50.25, -0.725, -0.05],
						"0.625": [5.6, -1.3, -0.1],
						"1.0": [-24, -2, -0.2],
						"2.0": [36, -0.3, 0]
					},
					"position": {
						"0.0": [0.3, -0.3, 0.8],
						"0.25": [0.28, -0.5, -3.57],
						"0.625": [0.24, 2.1, -4.23],
						"1.0": [0.2, -0.6, -1.5],
						"2.0": [0.3, -0.3, 0.8]
					}
				},
				"waist": {
					"position": {
						"0.0": [0, 0, 0],
						"0.4583": [0, 0.35, 0],
						"1.0": [0, 0, 0],
						"1.5": [0, 0.35, 0],
						"2.0": [0, 0, 0]
					}
				}
			}
		},
		"animation.zombie.husk.v1.8.attack_time": {
			"loop": "hold_on_last_frame",
			"animation_length": 1,
			"bones": {
				"waist": {
					"position": {
						"0.0": [0, 0, 0],
						"0.125": [0, 0.45, 0],
						"0.2917": [0, 0.07, 0],
						"0.5": [0, 0, 0],
						"0.75": [0, 0.25, 0],
						"1.0": [0, 0, 0]
					}
				},
				"upper_body": {
					"rotation": {
						"0.0": [18.4843, 0.45245, -3.4744],
						"0.125": [-11.81994, 0.37626, -2.33008],
						"0.25": [28.30774, 0.27467, -0.80433],
						"0.5417": [14.49926, 0.12228, 1.4843],
						"1.0": [10.4843, 0.45245, -3.4744]
					},
					"position": {
						"0.0": [0, -0.4, 0],
						"0.125": [0, 0.07, 0],
						"0.2083": [0, 0.45, 0],
						"0.2917": [0, -0.66, 0],
						"0.5417": [0, -0.4, 0],
						"0.75": [0, -0.35, 0],
						"1.0": [0, -0.3, 0]
					}
				},
				"head": {
					"rotation": {
						"0.0": ["6.9498+query.target_x_rotation", "1.1543+query.target_y_rotation", 2.14839],
						"0.0833": ["36.9498+query.target_x_rotation", "1.1543+query.target_y_rotation", 2.14839],
						"0.25": [-15.50028, "2.2001+query.target_y_rotation", 3.85392],
						"0.375": ["29.7669+query.target_x_rotation", "4.5563+query.target_y_rotation", -1.52081],
						"0.5": ["6.9498+query.target_x_rotation", "1.1543+query.target_y_rotation", 2.14839]
					},
					"position": {
						"0.0": [0, 0, 0],
						"0.1667": [0, 0.08, -1.2],
						"0.5": [0, 0, 0],
						"0.75": [0, 0.08, -0.4],
						"1.0": [0, 0, 0]
					}
				},
				"rightArm": {
					"rotation": {
						"0.0": [-84.96714, 8.82801, -5.91818],
						"0.0833": [-123.07863, 3.30205, 2.46667],
						"0.125": [-123.07863, 3.30205, 2.46667],
						"0.25": [-54.17212, 2.31002, -14.49296],
						"0.4167": [-62.58203, 12.61792, -7.58861],
						"0.5417": [-85.78465, 10.33532, -4.8326],
						"0.7917": [-89.36949, 11.88248, -1.89541],
						"1.0": [-84.96714, 8.82801, -5.91818]
					},
					"position": {
						"0.0": [0, -1, -1.4],
						"0.0833": [0, 0.3, -1.4],
						"0.1667": [0, -0.63, -2.7],
						"0.25": [0, -1.1, -1.6],
						"0.5417": [0, -0.7, -1.3],
						"1.0": [0, -1, -1.4]
					}
				},
				"leftArm": {
					"rotation": {
						"0.0": [-81.91206, -8.3927, 3.80617],
						"0.0833": [-120.03848, -8.95226, 4.64455],
						"0.125": [-120.03848, -8.95226, 4.64455],
						"0.25": [-35.05803, 0.16186, 17.84809],
						"0.375": [-46.3666, -19.42186, -1.90528],
						"0.5": [-77.87929, -9.37047, 3.59393],
						"0.75": [-91.49789, -10.17835, -2.58012],
						"1.0": [-81.91206, -8.3927, 3.80617]
					},
					"position": {
						"0.0": [0, -0.7, -0.9],
						"0.0833": [0, 0.6, -0.9],
						"0.1667": [0, -0.3, -2.3],
						"0.25": [0, -1.9, -1.3],
						"0.5": [0, -1.3, -1.1],
						"1.0": [0, -0.7, -0.9]
					}
				}
			}
		},
		"animation.zombie.husk.v1.8.attack_walk": {
			"loop": true,
			"animation_length": 2,
			"anim_time_update": "query.modified_distance_moved * 0.22",
			"bones": {
				"rightLeg": {
					"rotation": {
						"0.0": [-24, 2, 0.2],
						"1.0": [27, 0.3, 0],
						"1.25": [50.25, 0.725, 0.05],
						"1.625": [5.6, 1.3, 0.1],
						"2.0": [-24, 2, 0.2]
					},
					"position": {
						"0.0": [-0.2, -0.6, -1.5],
						"1.0": [-0.3, -0.3, 0.8],
						"1.25": [-0.28, -0.5, -2.57],
						"1.625": [-0.24, 1.71, -2.83],
						"2.0": [-0.2, -0.6, -1.5]
					}
				},
				"leftLeg": {
					"rotation": {
						"0.0": [27, -0.3, 0],
						"0.25": [50.25, -0.725, -0.05],
						"0.625": [5.6, -1.3, -0.1],
						"1.0": [-24, -2, -0.2],
						"2.0": [27, -0.3, 0]
					},
					"position": {
						"0.0": [0.3, -0.3, 0.8],
						"0.25": [0.28, -0.5, -2.57],
						"0.625": [0.24, 1.71, -2.83],
						"1.0": [0.2, -0.6, -1.5],
						"2.0": [0.3, -0.3, 0.8]
					}
				}
			}
		},
		"animation.zombie.husk.v1.8.riding_leg": {
			"loop": true,
			"bones": {
				"rightLeg": {
					"rotation": ["-72.0 - this", "18.0 - this", "-this"]
				},
				"leftLeg": {
					"rotation": ["-72.0 - this", "-18.0 - this", "-this"]
				}
			}
		},
		"animation.zombie.husk.v1.8.riding_arms": {
			"loop": true,
			"animation_length": 3,
			"bones": {
				"upper_body": {
					"rotation": {
						"0.0": [23, 0, 0],
						"1.5": [21, 0, 0],
						"3.0": [23, 0, 0]
					},
					"position": {
						"0.0": [0, -0.13, 0.03],
						"1.5": [0, 0.145, 0.03],
						"3.0": [0, -0.13, 0.03]
					}
				},
				"head": {
					"rotation": {
						"0.0": [-3.97768, -0.36544, -2.9905],
						"0.2083": [-4.2777, -0.36544, -2.9905],
						"1.5": [2.02232, -0.36544, -2.9905],
						"1.7083": [2.5223, -0.36544, -2.9905],
						"3.0": [-3.97768, -0.36544, -2.9905]
					},
					"position": {
						"0.0": [0, 0, 0],
						"0.2083": [0, 0, 0],
						"1.5": [0, -0.17, 0],
						"1.7083": [0, -0.185, 0],
						"3.0": [0, 0, 0]
					}
				},
				"body1": {
					"scale": {
						"0.0": [1, 1, 1],
						"1.5": [1, 1, 1.035],
						"3.0": [1, 1, 1]
					}
				},
				"rightArm": {
					"rotation": {
						"0.0": [-25.30992, 3.07823, 0.9066],
						"0.25": [-25.8099, 3.07823, 0.9066],
						"1.5": [-19.30992, 3.07823, 0.9066],
						"1.7917": [-18.9099, 3.07823, 0.9066],
						"3.0": [-25.30992, 3.07823, 0.9066]
					},
					"position": {
						"0.0": [0, -0.3, -1],
						"0.3333": [0, -0.41, -1],
						"1.5": [0, -0.2, -1],
						"1.7917": [0, 0, -1],
						"3.0": [0, -0.3, -1]
					}
				},
				"leftArm": {
					"rotation": {
						"0.0": [-23.77879, 9.49985, -5.91443],
						"0.25": [-23.9788, 9.49985, -5.91443],
						"1.5": [-17.77879, 9.49985, -5.91443],
						"1.7917": [-16.9788, 9.49985, -5.91443],
						"3.0": [-23.77879, 9.49985, -5.91443]
					},
					"position": {
						"0.0": [0, 0, -1.6],
						"0.3333": [0, -0.11, -1.6],
						"1.5": [0, 0.2, -1.6],
						"1.7917": [0, 0.45, -1.6],
						"3.0": [0, 0, -1.6]
					}
				}
			}
		},
		"animation.zombie.husk.v1.8.riding_has_target": {
			"loop": true,
			"animation_length": 3,
			"bones": {
				"upper_body": {
					"rotation": {
						"0.0": [23, 0, 0],
						"1.5": [21, 0, 0],
						"3.0": [23, 0, 0]
					},
					"position": {
						"0.0": [0, -0.13, 0.03],
						"1.5": [0, 0.145, 0.03],
						"3.0": [0, -0.13, 0.03]
					}
				},
				"head": {
					"rotation": {
						"0.0": [-3.97768, -0.36544, -2.9905],
						"0.2083": [-4.2777, -0.36544, -2.9905],
						"1.5": [2.02232, -0.36544, -2.9905],
						"1.7083": [2.5223, -0.36544, -2.9905],
						"3.0": [-3.97768, -0.36544, -2.9905]
					},
					"position": {
						"0.0": [0, 0, 0],
						"0.2083": [0, 0, 0],
						"1.5": [0, -0.17, 0],
						"1.7083": [0, -0.185, 0],
						"3.0": [0, 0, 0]
					}
				},
				"body1": {
					"scale": {
						"0.0": [1, 1, 1],
						"1.5": [1, 1, 1.035],
						"3.0": [1, 1, 1]
					}
				},
				"rightArm": {
					"rotation": {
						"0.0": [-97.94662, 4.3927, -5.71612],
						"0.1667": [-97.94662, 4.3927, -5.71612],
						"1.5": [-90.94662, 4.3927, -5.71612],
						"1.6667": [-90.94662, 4.3927, -5.71612],
						"3.0": [-97.94662, 4.3927, -5.71612]
					},
					"position": {
						"0.0": [0, -0.8, -1.1],
						"0.4167": [0, -0.95, -1],
						"1.5417": [0, -0.5, -1],
						"1.9167": [0, -0.35, -1],
						"3.0": [0, -0.8, -1.1]
					}
				},
				"leftArm": {
					"rotation": {
						"0.0": [-97.9121, -6.9927, 3.80617],
						"0.1667": [-97.9121, -6.9927, 3.80617],
						"1.5": [-91.9121, -6.9927, 3.80617],
						"1.6667": [-91.9121, -6.9927, 3.80617],
						"3.0": [-97.9121, -6.9927, 3.80617]
					},
					"position": {
						"0.0": [0, -0.9, -0.9],
						"0.4167": [0, -1.05, -1],
						"1.5417": [-0.1, -0.6, -1],
						"1.875": [-0.1, -0.45, -1],
						"3.0": [0, -0.9, -0.9]
					}
				}
			}
		},
		"animation.zombie.husk.v1.8.baby": {
			"loop": true,
			"bones": {
				"head": {
					"scale": 1.4
				}
			}
		},
		"animation.zombie.husk.v1.8.hurt": {
			"animation_length": 0.33333,
			"bones": {
				"upper_body": {
					"rotation": {
						"0.0": [0, 0, 0],
						"0.125": [-7.9362, -1.24529, -5.86981],
						"0.25": [7, 0, 0],
						"0.3333": [0, 0, 0]
					},
					"position": {
						"0.0": [0, 0, 0],
						"0.1667": [0, -1.5, 1.4],
						"0.3333": [0, 0, 0]
					}
				},
				"head": {
					"rotation": {
						"0.0": [0, 0, 0],
						"0.0833": [-25, 0, 0],
						"0.2083": [16.14, 0, 0],
						"0.3333": [0, 0, 0]
					},
					"position": {
						"0.0": [0, 0, 0],
						"0.0833": [0, 0, 0.8],
						"0.25": [0, 0, 0.6],
						"0.3333": [0, 0, 0]
					}
				},
				"right": {
					"scale": [1, 2.03, 1]
				},
				"eye_layer_x": {
					"scale": [1, 2.12, 1]
				},
				"top": {
					"position": [0, 1, 0]
				},
				"eyelid_layer": {
					"position": {
						"0.0": [0, 0, 0],
						"0.0417": [0, 0.4, 0],
						"0.125": [0, 0.4, 0],
						"0.2083": [0, 0, 0]
					}
				},
				"left": {
					"scale": [1, 2.03, 1]
				},
				"eye_layer_x2": {
					"scale": [1, 2.12, 1]
				},
				"top2": {
					"position": [0, 1, 0]
				},
				"eyelid_layer2": {
					"position": {
						"0.0": [0, 0, 0],
						"0.0417": [0, 0.2, 0],
						"0.125": [0, 0.2, 0],
						"0.2083": [0, 0, 0]
					}
				},
				"eyelid_right": {
					"position": {
						"0.0": [0, 0, 0],
						"0.0417": [0, 0.4, 0],
						"0.125": [0, 0.4, 0],
						"0.2083": [0, 0, 0]
					},
					"scale": {
						"0.0": [1, 1.83, 1],
						"0.2083": [1, 1.83, 1]
					}
				},
				"eyelid_left": {
					"position": {
						"0.0": [0, 0, 0],
						"0.0417": [0, 0.2, 0],
						"0.125": [0, 0.2, 0],
						"0.2083": [0, 0, 0]
					},
					"scale": {
						"0.0": [1, 1.83, 1],
						"0.2083": [1, 1.83, 1]
					}
				}
			}
		},
		"animation.zombie.husk.v1.8.hurt2": {
			"animation_length": 0.33333,
			"bones": {
				"upper_body": {
					"rotation": {
						"0.0": [0, 0, 0],
						"0.125": [7.9362, -1.24529, 5.86981],
						"0.25": [-7, 0, 0],
						"0.3333": [0, 0, 0]
					},
					"position": {
						"0.0": [0, 0, 0],
						"0.1667": [0, -1.5, -1.4],
						"0.3333": [0, 0, 0]
					}
				},
				"head": {
					"rotation": {
						"0.0": [0, 0, 0],
						"0.0833": [26, 0, 0],
						"0.2083": [-16.14, 0, 0],
						"0.3333": [0, 0, 0]
					},
					"position": {
						"0.0": [0, 0, 0],
						"0.0833": [0, 0, -0.8],
						"0.25": [0, 0, -0.6],
						"0.3333": [0, 0, 0]
					}
				},
				"right": {
					"scale": [1, 2.03, 1]
				},
				"eye_layer_x": {
					"scale": [1, 2.12, 1]
				},
				"top": {
					"position": [0, 1, 0]
				},
				"eyelid_layer": {
					"position": {
						"0.0": [0, 0, 0],
						"0.0417": [0, 0.4, 0],
						"0.125": [0, 0.4, 0],
						"0.2083": [0, 0, 0]
					}
				},
				"left": {
					"scale": [1, 2.03, 1]
				},
				"eye_layer_x2": {
					"scale": [1, 2.12, 1]
				},
				"top2": {
					"position": [0, 1, 0]
				},
				"eyelid_layer2": {
					"position": {
						"0.0": [0, 0, 0],
						"0.0417": [0, 0.2, 0],
						"0.125": [0, 0.2, 0],
						"0.2083": [0, 0, 0]
					}
				},
				"eyelid_right": {
					"position": {
						"0.0": [0, 0, 0],
						"0.0417": [0, 0.4, 0],
						"0.125": [0, 0.4, 0],
						"0.2083": [0, 0, 0]
					},
					"scale": {
						"0.0": [1, 1.83, 1],
						"0.2083": [1, 1.83, 1]
					}
				},
				"eyelid_left": {
					"position": {
						"0.0": [0, 0, 0],
						"0.0417": [0, 0.2, 0],
						"0.125": [0, 0.2, 0],
						"0.2083": [0, 0, 0]
					},
					"scale": {
						"0.0": [1, 1.83, 1],
						"0.2083": [1, 1.83, 1]
					}
				}
			}
		},
		"animation.zombie.husk.v1.8.looking": {
			"loop": "hold_on_last_frame",
			"bones": {
				"head": {
					"rotation": ["query.target_x_rotation", "query.target_y_rotation", "math.clamp(query.target_y_rotation, -55, 55)*-0.09"]
				},
				"body": {
					"rotation": [0, "math.clamp(query.target_y_rotation, -35, 35)*0.292", "math.clamp(query.target_y_rotation, -5, 5)*-0.024"]
				},
				"rightLeg": {
					"rotation": [0, "math.clamp(query.target_y_rotation, -15, 35)*0.568", "math.clamp(query.target_y_rotation, -5, 25)*-0.094"]
				},
				"leftLeg": {
					"rotation": [0, "math.clamp(query.target_y_rotation, -35, 15)*0.568", "math.clamp(query.target_y_rotation, -25, 5)*-0.094"]
				}
			}
		},
		"animation.zombie.husk.v1.8.arm_control": {
			"loop": "hold_on_last_frame",
			"bones": {
				"rightArm": {
					"rotation": [
						"math.clamp(query.target_x_rotation, -35, 40)*0.762",
						"math.clamp(query.target_y_rotation, -30, 30)*0.762",
						"math.clamp(query.target_y_rotation, -5, 5)*-0.024"
					]
				},
				"leftArm": {
					"rotation": [
						"math.clamp(query.target_x_rotation, -35, 40)*0.762",
						"math.clamp(query.target_y_rotation, -30, 30)*0.762",
						"math.clamp(query.target_y_rotation, -5, 5)*-0.224"
					]
				}
			}
		}
	}
}