{
	"format_version": "1.12.0",
	"minecraft:geometry": [
		{
			"description": {
				"identifier": "geometry.chicken",
				"texture_width": 64,
				"texture_height": 32,
				"visible_bounds_width": 2,
				"visible_bounds_height": 2.25,
				"visible_bounds_offset": [0, 0.875, 0]
			},
			"bones": [
				{
					"name": "Root",
					"pivot": [0, 5, 0]
				},
				{
					"name": "upper_body",
					"parent": "Root",
					"pivot": [0, 5, 0]
				},
				{
					"name": "body",
					"parent": "upper_body",
					"pivot": [0, 8, 0],
					"cubes": [
						{
							"origin": [-3, -4, 5],
							"size": [6, 8, 6],
							"pivot": [0, 0, 0],
							"rotation": [90, 0, 0],
							"uv": {
								"north": {"uv": [6, 15], "uv_size": [6, 8]},
								"east": {"uv": [0, 15], "uv_size": [6, 8]},
								"south": {"uv": [18, 15], "uv_size": [6, 8]},
								"west": {"uv": [12, 15], "uv_size": [6, 8]},
								"up": {"uv": [6, 9], "uv_size": [6, 6]},
								"down": {"uv": [12, 15], "uv_size": [6, -6]}
							}
						}
					]
				},
				{
					"name": "wing0",
					"parent": "body",
					"pivot": [-3, 11, 0],
					"cubes": [
						{
							"origin": [-4, 7, -3],
							"size": [1, 4, 6],
							"uv": {
								"north": {"uv": [30, 19], "uv_size": [1, 4]},
								"east": {"uv": [24, 19], "uv_size": [6, 4]},
								"south": {"uv": [37, 19], "uv_size": [1, 4]},
								"west": {"uv": [31, 19], "uv_size": [6, 4]},
								"up": {"uv": [30, 13], "uv_size": [1, 6]},
								"down": {"uv": [31, 19], "uv_size": [1, -6]}
							}
						}
					]
				},
				{
					"name": "wing1",
					"parent": "body",
					"pivot": [3, 11, 0],
					"cubes": [
						{
							"origin": [3, 7, -3],
							"size": [1, 4, 6],
							"uv": {
								"north": {"uv": [30, 19], "uv_size": [1, 4]},
								"east": {"uv": [24, 19], "uv_size": [6, 4]},
								"south": {"uv": [37, 19], "uv_size": [1, 4]},
								"west": {"uv": [31, 19], "uv_size": [6, 4]},
								"up": {"uv": [30, 13], "uv_size": [1, 6]},
								"down": {"uv": [31, 19], "uv_size": [1, -6]}
							}
						}
					]
				},
				{
					"name": "head",
					"parent": "upper_body",
					"pivot": [0, 9, -4],
					"cubes": [
						{
							"origin": [-2, 9, -6],
							"size": [4, 6, 3],
							"uv": {
								"north": {"uv": [3, 3], "uv_size": [4, 6]},
								"east": {"uv": [0, 3], "uv_size": [3, 6]},
								"south": {"uv": [10, 3], "uv_size": [4, 6]},
								"west": {"uv": [7, 3], "uv_size": [3, 6]},
								"up": {"uv": [3, 0], "uv_size": [4, 3]},
								"down": {"uv": [7, 3], "uv_size": [4, -3]}
							}
						}
					],
					"locators": {
						"lead": [0, 9, -4]
					}
				},
				{
					"name": "comb",
					"parent": "head",
					"pivot": [0, 11, -6],
					"cubes": [
						{
							"origin": [-1, 9, -7],
							"size": [2, 2.3, 1],
							"uv": {
								"north": {"uv": [16, 6], "uv_size": [2, 2]},
								"east": {"uv": [14, 6], "uv_size": [2, 2]},
								"south": {"uv": [20, 6], "uv_size": [2, 2]},
								"west": {"uv": [18, 6], "uv_size": [2, 2]},
								"up": {"uv": [16, 4], "uv_size": [2, 2]},
								"down": {"uv": [18, 6], "uv_size": [2, -2]}
							}
						}
					]
				},
				{
					"name": "beak",
					"parent": "head",
					"pivot": [0, 9, -4],
					"cubes": [
						{
							"origin": [-2, 11, -8],
							"size": [4, 2, 2],
							"uv": {
								"north": {"uv": [16, 2], "uv_size": [4, 2]},
								"east": {"uv": [14, 2], "uv_size": [2, 2]},
								"south": {"uv": [22, 2], "uv_size": [4, 2]},
								"west": {"uv": [20, 2], "uv_size": [2, 2]},
								"up": {"uv": [16, 0], "uv_size": [4, 2]},
								"down": {"uv": [20, 2], "uv_size": [4, -2]}
							}
						}
					]
				},
				{
					"name": "eyelids",
					"parent": "head",
					"pivot": [0, 0, 0]
				},
				{
					"name": "eyelid_right",
					"parent": "eyelids",
					"pivot": [-1.5, 14, -6],
					"cubes": [
						{
							"origin": [-2, 14, -6],
							"size": [1, 1, 0.025],
							"uv": {
								"north": {"uv": [6, 3], "uv_size": [1, 1]},
								"east": {"uv": [6, 3], "uv_size": [0.025, 1]},
								"south": {"uv": [6, 3], "uv_size": [1, 1]},
								"west": {"uv": [7, 3], "uv_size": [0.025, 1]},
								"up": {"uv": [7, 3.025], "uv_size": [-1, -0.025]},
								"down": {"uv": [7, 3.025], "uv_size": [-1, -0.025]}
							}
						}
					]
				},
				{
					"name": "eyelid_left",
					"parent": "eyelids",
					"pivot": [1.5, 14, -6],
					"cubes": [
						{
							"origin": [1, 14, -6],
							"size": [1, 1, 0.025],
							"uv": {
								"north": {"uv": [7, 3], "uv_size": [-1, 1]},
								"east": {"uv": [7.025, 3], "uv_size": [-0.025, 1]},
								"south": {"uv": [7, 3], "uv_size": [-1, 1]},
								"west": {"uv": [6.025, 3], "uv_size": [-0.025, 1]},
								"up": {"uv": [6, 3.025], "uv_size": [1, -0.025]},
								"down": {"uv": [6, 3.025], "uv_size": [1, -0.025]}
							}
						}
					]
				},
				{
					"name": "lower_body",
					"parent": "Root",
					"pivot": [0, 0, 0]
				},
				{
					"name": "leg0",
					"parent": "lower_body",
					"pivot": [-2, 5, 1],
					"cubes": [
						{
							"origin": [-3, 0, -2],
							"size": [3, 5, 3],
							"uv": {
								"north": {"uv": [29, 3], "uv_size": [3, 5]},
								"east": {"uv": [26, 3], "uv_size": [3, 5]},
								"south": {"uv": [35, 3], "uv_size": [3, 5]},
								"west": {"uv": [32, 3], "uv_size": [3, 5]},
								"up": {"uv": [29, 0], "uv_size": [3, 3]},
								"down": {"uv": [32, 3], "uv_size": [3, -3]}
							}
						}
					]
				},
				{
					"name": "leg1",
					"parent": "lower_body",
					"pivot": [1, 5, 1],
					"cubes": [
						{
							"origin": [0, 0, -2],
							"size": [3, 5, 3],
							"uv": {
								"north": {"uv": [29, 3], "uv_size": [3, 5]},
								"east": {"uv": [26, 3], "uv_size": [3, 5]},
								"south": {"uv": [35, 3], "uv_size": [3, 5]},
								"west": {"uv": [32, 3], "uv_size": [3, 5]},
								"up": {"uv": [29, 0], "uv_size": [3, 3]},
								"down": {"uv": [32, 3], "uv_size": [3, -3]}
							}
						}
					]
				},
				{
					"name": "bone",
					"pivot": [0, 0, 0]
				}
			]
		}
	]
}