{
	"format_version": "1.12.0",
	"minecraft:geometry": [
		{
			"description": {
				"identifier": "geometry.enderman.v1.8",
				"texture_width": 64,
				"texture_height": 32,
				"visible_bounds_width": 2,
				"visible_bounds_height": 4,
				"visible_bounds_offset": [0, 2, 0]
			},
			"bones": [
				{
					"name": "Root",
					"pivot": [0, 4, 0]
				},
				{
					"name": "upper_body",
					"parent": "Root",
					"pivot": [0, 30.1, 0]
				},
				{
					"name": "head",
					"parent": "upper_body",
					"pivot": [0, 41.9, 0]
				},
				{
					"name": "facial",
					"parent": "head",
					"pivot": [0, 43, 0],
					"cubes": [
						{
							"origin": [-4, 42, -4],
							"size": [8, 8, 8],
							"uv": {
								"north": {"uv": [8, 8], "uv_size": [8, 8]},
								"east": {"uv": [0, 8], "uv_size": [8, 8]},
								"south": {"uv": [24, 8], "uv_size": [8, 8]},
								"west": {"uv": [16, 8], "uv_size": [8, 8]},
								"up": {"uv": [8, 0], "uv_size": [8, 8]},
								"down": {"uv": [32, 16], "uv_size": [8, -8]}
							}
						},
						{
							"origin": [-4, 45, -4],
							"size": [0.15, 1, 0],
							"uv": {
								"north": {"uv": [10, 10], "uv_size": [0.15, 1]},
								"east": {"uv": [10, 10], "uv_size": [0, 1]},
								"south": {"uv": [10, 10], "uv_size": [0.15, 1]},
								"west": {"uv": [10, 10], "uv_size": [0, 1]},
								"up": {"uv": [10.15, 10], "uv_size": [-0.15, 0]},
								"down": {"uv": [10.15, 11], "uv_size": [-0.15, 0]}
							}
						},
						{
							"origin": [-4, 46, -4],
							"size": [0.15, 1, 0],
							"uv": {
								"north": {"uv": [8, 8], "uv_size": [0.15, 1]},
								"east": {"uv": [8, 8], "uv_size": [0, 1]},
								"south": {"uv": [8, 8], "uv_size": [0.15, 1]},
								"west": {"uv": [8, 8], "uv_size": [0, 1]},
								"up": {"uv": [8.15, 9], "uv_size": [-0.15, 0]},
								"down": {"uv": [8.15, 9], "uv_size": [-0.15, 0]}
							}
						},
						{
							"origin": [3.85, 46, -4],
							"size": [0.15, 1, 0],
							"uv": {
								"north": {"uv": [8.15, 8], "uv_size": [-0.15, 1]},
								"east": {"uv": [8, 8], "uv_size": [0, 1]},
								"south": {"uv": [8.15, 8], "uv_size": [-0.15, 1]},
								"west": {"uv": [8, 8], "uv_size": [0, 1]},
								"up": {"uv": [8, 9], "uv_size": [0.15, 0]},
								"down": {"uv": [8, 9], "uv_size": [0.15, 0]}
							}
						},
						{
							"origin": [3.85, 45, -4],
							"size": [0.15, 1, 0],
							"uv": {
								"north": {"uv": [10.15, 10], "uv_size": [-0.15, 1]},
								"east": {"uv": [10, 10], "uv_size": [0, 1]},
								"south": {"uv": [10.15, 10], "uv_size": [-0.15, 1]},
								"west": {"uv": [10, 10], "uv_size": [0, 1]},
								"up": {"uv": [10, 10], "uv_size": [0.15, 0]},
								"down": {"uv": [10, 11], "uv_size": [0.15, 0]}
							}
						},
						{
							"origin": [-3.9, 44, -4],
							"size": [7.8, 0.02, 7.9],
							"uv": {
								"north": {"uv": [46, 3], "uv_size": [8, 0.02]},
								"east": {"uv": [46, 3], "uv_size": [8, 0.02]},
								"south": {"uv": [46, 3], "uv_size": [8, 0.02]},
								"west": {"uv": [46, 3], "uv_size": [8, 0.02]},
								"up": {"uv": [54, 10], "uv_size": [-8, -8]},
								"down": {"uv": [54, 10], "uv_size": [-8, -8]}
							}
						}
					]
				},
				{
					"name": "eye",
					"parent": "facial",
					"pivot": [0, 4, 0]
				},
				{
					"name": "eye_r",
					"parent": "eye",
					"pivot": [0, 4, 0]
				},
				{
					"name": "right",
					"parent": "eye_r",
					"pivot": [-2.4, 45, -4],
					"cubes": [
						{
							"origin": [-3.85, 45, -3.9166],
							"size": [2.9, 1, 0.4],
							"uv": {
								"north": {"uv": [4, 3], "uv_size": [2.9, 1]},
								"east": {"uv": [4, 1], "uv_size": [0.4, 1]},
								"south": {"uv": [4, 2], "uv_size": [2.9, 1]},
								"west": {"uv": [4, 1], "uv_size": [0.4, 1]},
								"up": {"uv": [6.9, 4.4], "uv_size": [-2.9, -0.4]},
								"down": {"uv": [6.9, 4.4], "uv_size": [-2.9, -0.4]}
							}
						}
					]
				},
				{
					"name": "eye_layer_x",
					"parent": "eye_r",
					"pivot": [-2.4, 45, -4],
					"cubes": [
						{
							"origin": [-4.348, 43.5336, -3.99563],
							"size": [0.1, 1.2, 0.5],
							"pivot": [-4.1, 44.81562, -3.79663],
							"rotation": [0, 0, -180],
							"uv": {
								"north": {"uv": [12, 12], "uv_size": [0.1, 0.5]},
								"east": {"uv": [12, 12.5], "uv_size": [0.5, 0.5]},
								"south": {"uv": [12, 12.5], "uv_size": [0.1, 0.5]},
								"west": {"uv": [12, 12.5], "uv_size": [0.5, 0.5]},
								"up": {"uv": [11.6, 12.3], "uv_size": [-0.1, -0.25]},
								"down": {"uv": [12.1, 12.25], "uv_size": [-0.1, -0.25]}
							}
						},
						{
							"origin": [-7.348, 43.5336, -3.99563],
							"size": [0.1, 1.2, 0.5],
							"pivot": [-4.1, 44.81562, -3.79663],
							"rotation": [0, 0, -180],
							"uv": {
								"north": {"uv": [12, 12], "uv_size": [0.1, 0.5]},
								"east": {"uv": [12, 12.5], "uv_size": [0.5, 0.5]},
								"south": {"uv": [12, 12.5], "uv_size": [0.1, 0.5]},
								"west": {"uv": [12, 12.5], "uv_size": [0.5, 0.5]},
								"up": {"uv": [11.6, 12.3], "uv_size": [-0.1, -0.25]},
								"down": {"uv": [12.1, 12.25], "uv_size": [-0.1, -0.25]}
							}
						}
					]
				},
				{
					"name": "eye_layer_y",
					"parent": "eye_r",
					"pivot": [0, 4, 0]
				},
				{
					"name": "top",
					"parent": "eye_layer_y",
					"pivot": [-2.3, 46, -4],
					"cubes": [
						{
							"origin": [13.282, 31.7936, -3.99563],
							"size": [0.1, 3.05, 0.5],
							"pivot": [-0.9, 31.81562, -3.79663],
							"rotation": [0, 0, -90],
							"uv": {
								"north": {"uv": [12, 12], "uv_size": [0.1, 0.5]},
								"east": {"uv": [12, 12.5], "uv_size": [0.5, 0.5]},
								"south": {"uv": [12, 12.5], "uv_size": [0.1, 0.5]},
								"west": {"uv": [12, 12.5], "uv_size": [0.5, 0.5]},
								"up": {"uv": [11.6, 12.3], "uv_size": [-0.1, -0.25]},
								"down": {"uv": [12.1, 12.25], "uv_size": [-0.1, -0.25]}
							}
						}
					]
				},
				{
					"name": "down",
					"parent": "eye_layer_y",
					"pivot": [0, 4, 0],
					"cubes": [
						{
							"origin": [12.182, 31.7936, -3.99563],
							"size": [0.1, 3.05, 0.5],
							"pivot": [-0.9, 31.81562, -3.79663],
							"rotation": [0, 0, -90],
							"uv": {
								"north": {"uv": [12, 12], "uv_size": [0.1, 0.5]},
								"east": {"uv": [12, 12.5], "uv_size": [0.5, 0.5]},
								"south": {"uv": [12, 12.5], "uv_size": [0.1, 0.5]},
								"west": {"uv": [12, 12.5], "uv_size": [0.5, 0.5]},
								"up": {"uv": [11.6, 12.3], "uv_size": [-0.1, -0.25]},
								"down": {"uv": [12.1, 12.25], "uv_size": [-0.1, -0.25]}
							}
						}
					]
				},
				{
					"name": "eyelid_layer_right",
					"parent": "eye_r",
					"pivot": [-2.4, 47, -4],
					"cubes": [
						{
							"origin": [-2, 46, -4],
							"size": [1, 1, 0.005],
							"uv": {
								"north": {"uv": [26, 3], "uv_size": [1, 1]},
								"east": {"uv": [27, 3], "uv_size": [0, 1]},
								"south": {"uv": [26, 3], "uv_size": [1, 1]},
								"west": {"uv": [26, 3], "uv_size": [0, 1]},
								"up": {"uv": [27, 4], "uv_size": [-1, 0]},
								"down": {"uv": [27, 3], "uv_size": [-1, 0]}
							}
						},
						{
							"origin": [-3.85, 46, -4],
							"size": [2.68, 1, 0.005],
							"uv": {
								"north": {"uv": [22, 3], "uv_size": [2.9, 1]},
								"east": {"uv": [23, 4], "uv_size": [0.4, 1]},
								"south": {"uv": [22, 4], "uv_size": [2.9, 1]},
								"west": {"uv": [23, 4], "uv_size": [0.4, 1]},
								"up": {"uv": [24.9, 4.4], "uv_size": [-2.9, -0.4]},
								"down": {"uv": [24.9, 3.4], "uv_size": [-2.9, -0.4]}
							}
						}
					]
				},
				{
					"name": "eye_l",
					"parent": "eye",
					"pivot": [0, 4, 0]
				},
				{
					"name": "left",
					"parent": "eye_l",
					"pivot": [2.4, 45, -4],
					"cubes": [
						{
							"origin": [0.95, 45, -3.9166],
							"size": [2.9, 1, 0.4],
							"uv": {
								"north": {"uv": [6.9, 3], "uv_size": [-2.9, 1]},
								"east": {"uv": [4.4, 1], "uv_size": [-0.4, 1]},
								"south": {"uv": [6.9, 2], "uv_size": [-2.9, 1]},
								"west": {"uv": [4.4, 1], "uv_size": [-0.4, 1]},
								"up": {"uv": [4, 4.4], "uv_size": [2.9, -0.4]},
								"down": {"uv": [4, 4.4], "uv_size": [2.9, -0.4]}
							}
						}
					]
				},
				{
					"name": "eye_layer_x2",
					"parent": "eye_l",
					"pivot": [2.4, 45, -4],
					"cubes": [
						{
							"origin": [4.248, 43.5336, -3.99563],
							"size": [0.1, 1.2, 0.5],
							"pivot": [4.1, 44.81562, -3.79663],
							"rotation": [0, 0, 180],
							"uv": {
								"north": {"uv": [12.1, 12], "uv_size": [-0.1, 0.5]},
								"east": {"uv": [12.5, 12.5], "uv_size": [-0.5, 0.5]},
								"south": {"uv": [12.1, 12.5], "uv_size": [-0.1, 0.5]},
								"west": {"uv": [12.5, 12.5], "uv_size": [-0.5, 0.5]},
								"up": {"uv": [11.5, 12.3], "uv_size": [0.1, -0.25]},
								"down": {"uv": [12, 12.25], "uv_size": [0.1, -0.25]}
							}
						},
						{
							"origin": [7.248, 43.5336, -3.99563],
							"size": [0.1, 1.2, 0.5],
							"pivot": [4.1, 44.81562, -3.79663],
							"rotation": [0, 0, 180],
							"uv": {
								"north": {"uv": [12.1, 12], "uv_size": [-0.1, 0.5]},
								"east": {"uv": [12.5, 12.5], "uv_size": [-0.5, 0.5]},
								"south": {"uv": [12.1, 12.5], "uv_size": [-0.1, 0.5]},
								"west": {"uv": [12.5, 12.5], "uv_size": [-0.5, 0.5]},
								"up": {"uv": [11.5, 12.3], "uv_size": [0.1, -0.25]},
								"down": {"uv": [12, 12.25], "uv_size": [0.1, -0.25]}
							}
						}
					]
				},
				{
					"name": "eye_layer_y2",
					"parent": "eye_l",
					"pivot": [0, 4, 0]
				},
				{
					"name": "top2",
					"parent": "eye_layer_y2",
					"pivot": [2.3, 46, -4],
					"cubes": [
						{
							"origin": [-13.382, 31.7936, -3.99563],
							"size": [0.1, 3.05, 0.5],
							"pivot": [0.9, 31.81562, -3.79663],
							"rotation": [0, 0, 90],
							"uv": {
								"north": {"uv": [12.1, 12], "uv_size": [-0.1, 0.5]},
								"east": {"uv": [12.5, 12.5], "uv_size": [-0.5, 0.5]},
								"south": {"uv": [12.1, 12.5], "uv_size": [-0.1, 0.5]},
								"west": {"uv": [12.5, 12.5], "uv_size": [-0.5, 0.5]},
								"up": {"uv": [11.5, 12.3], "uv_size": [0.1, -0.25]},
								"down": {"uv": [12, 12.25], "uv_size": [0.1, -0.25]}
							}
						}
					]
				},
				{
					"name": "down2",
					"parent": "eye_layer_y2",
					"pivot": [0, 4, 0],
					"cubes": [
						{
							"origin": [-12.282, 31.7936, -3.99563],
							"size": [0.1, 3.05, 0.5],
							"pivot": [0.9, 31.81562, -3.79663],
							"rotation": [0, 0, 90],
							"uv": {
								"north": {"uv": [12.1, 12], "uv_size": [-0.1, 0.5]},
								"east": {"uv": [12.5, 12.5], "uv_size": [-0.5, 0.5]},
								"south": {"uv": [12.1, 12.5], "uv_size": [-0.1, 0.5]},
								"west": {"uv": [12.5, 12.5], "uv_size": [-0.5, 0.5]},
								"up": {"uv": [11.5, 12.3], "uv_size": [0.1, -0.25]},
								"down": {"uv": [12, 12.25], "uv_size": [0.1, -0.25]}
							}
						}
					]
				},
				{
					"name": "eyelid_layer_left",
					"parent": "eye_l",
					"pivot": [2.4, 47, -4],
					"cubes": [
						{
							"origin": [1, 46, -4],
							"size": [1, 1, 0.005],
							"uv": {
								"north": {"uv": [27, 3], "uv_size": [-1, 1]},
								"east": {"uv": [26, 3], "uv_size": [0, 1]},
								"south": {"uv": [27, 3], "uv_size": [-1, 1]},
								"west": {"uv": [27, 3], "uv_size": [0, 1]},
								"up": {"uv": [26, 4], "uv_size": [1, 0]},
								"down": {"uv": [26, 3], "uv_size": [1, 0]}
							}
						},
						{
							"origin": [1.17, 46, -4],
							"size": [2.68, 1, 0.005],
							"uv": {
								"north": {"uv": [24.9, 3], "uv_size": [-2.9, 1]},
								"east": {"uv": [23.4, 4], "uv_size": [-0.4, 1]},
								"south": {"uv": [24.9, 4], "uv_size": [-2.9, 1]},
								"west": {"uv": [23.4, 4], "uv_size": [-0.4, 1]},
								"up": {"uv": [22, 4.4], "uv_size": [2.9, -0.4]},
								"down": {"uv": [22, 3.4], "uv_size": [2.9, -0.4]}
							}
						}
					]
				},
				{
					"name": "eye_ball",
					"parent": "facial",
					"pivot": [0, 4, 0]
				},
				{
					"name": "eyeball_right",
					"parent": "eye_ball",
					"pivot": [-2.4, 45.5, -4],
					"cubes": [
						{
							"origin": [-2.9, 45, -3.9536],
							"size": [1, 1, 0.05],
							"uv": {
								"north": {"uv": [1, 1], "uv_size": [1, 0.5]},
								"east": {"uv": [2, 1], "uv_size": [0.05, 0.5]},
								"south": {"uv": [1, 1], "uv_size": [1, 0.5]},
								"west": {"uv": [1, 1], "uv_size": [0.05, 0.5]},
								"up": {"uv": [2, 1.025], "uv_size": [-1, -0.025]},
								"down": {"uv": [2, 1.025], "uv_size": [-1, -0.025]}
							}
						}
					]
				},
				{
					"name": "eyeball_left",
					"parent": "eye_ball",
					"pivot": [2.4, 45.5, -4],
					"cubes": [
						{
							"origin": [1.9, 45, -3.9536],
							"size": [1, 1, 0.05],
							"uv": {
								"north": {"uv": [2, 1], "uv_size": [-1, 0.5]},
								"east": {"uv": [1.05, 1], "uv_size": [-0.05, 0.5]},
								"south": {"uv": [2, 1], "uv_size": [-1, 0.5]},
								"west": {"uv": [2.05, 1], "uv_size": [-0.05, 0.5]},
								"up": {"uv": [1, 1.025], "uv_size": [1, -0.025]},
								"down": {"uv": [1, 1.025], "uv_size": [1, -0.025]}
							}
						}
					]
				},
				{
					"name": "eyelid",
					"parent": "facial",
					"pivot": [0, 4, 0]
				},
				{
					"name": "eyelid_right",
					"parent": "eyelid",
					"pivot": [-2.4, 46, -4],
					"cubes": [
						{
							"origin": [-3.85, 46, -3.9866],
							"size": [2.9, 1, 0.01],
							"uv": {
								"north": {"uv": [18, 3], "uv_size": [2.9, 1]},
								"east": {"uv": [20, 3], "uv_size": [0.4, 1]},
								"south": {"uv": [18, 4], "uv_size": [2.9, 1]},
								"west": {"uv": [18, 3], "uv_size": [0.4, 1]},
								"up": {"uv": [20.9, 4.4], "uv_size": [-2.9, -0.4]},
								"down": {"uv": [20.9, 3.4], "uv_size": [-2.9, -0.4]}
							}
						}
					]
				},
				{
					"name": "eyelid_left",
					"parent": "eyelid",
					"pivot": [2.4, 46, -4],
					"cubes": [
						{
							"origin": [0.95, 46, -3.9866],
							"size": [2.9, 1, 0.01],
							"uv": {
								"north": {"uv": [20.9, 3], "uv_size": [-2.9, 1]},
								"east": {"uv": [18.4, 3], "uv_size": [-0.4, 1]},
								"south": {"uv": [20.9, 4], "uv_size": [-2.9, 1]},
								"west": {"uv": [20.4, 3], "uv_size": [-0.4, 1]},
								"up": {"uv": [18, 4.4], "uv_size": [2.9, -0.4]},
								"down": {"uv": [18, 3.4], "uv_size": [2.9, -0.4]}
							}
						}
					]
				},
				{
					"name": "hat",
					"parent": "head",
					"pivot": [0, 42, 0],
					"reset": true,
					"cubes": [
						{
							"origin": [-4, 41.5, -4],
							"size": [8, 8, 8],
							"inflate": -0.5,
							"uv": {
								"north": {"uv": [8, 24], "uv_size": [8, 8]},
								"east": {"uv": [0, 24], "uv_size": [8, 8]},
								"south": {"uv": [24, 24], "uv_size": [8, 8]},
								"west": {"uv": [16, 24], "uv_size": [8, 8]},
								"up": {"uv": [8, 16], "uv_size": [8, 8]},
								"down": {"uv": [16, 24], "uv_size": [8, -8]}
							}
						}
					]
				},
				{
					"name": "body",
					"parent": "upper_body",
					"pivot": [0, 42, 0],
					"reset": true
				},
				{
					"name": "rightArm",
					"parent": "body",
					"pivot": [-3, 40, 0],
					"reset": true,
					"cubes": [
						{
							"origin": [-6, 12, -1],
							"size": [2, 30, 2],
							"uv": {
								"north": {"uv": [58, 2], "uv_size": [2, 30]},
								"east": {"uv": [56, 2], "uv_size": [2, 30]},
								"south": {"uv": [62, 2], "uv_size": [2, 30]},
								"west": {"uv": [60, 2], "uv_size": [2, 30]},
								"up": {"uv": [58, 0], "uv_size": [2, 2]},
								"down": {"uv": [60, 2], "uv_size": [2, -2]}
							}
						}
					]
				},
				{
					"name": "rightItem",
					"parent": "rightArm",
					"pivot": [-6, 19, 1]
				},
				{
					"name": "leftArm",
					"parent": "body",
					"pivot": [5, 40, 0],
					"reset": true,
					"cubes": [
						{
							"origin": [4, 12, -1],
							"size": [2, 30, 2],
							"uv": {
								"north": {"uv": [60, 2], "uv_size": [-2, 30]},
								"east": {"uv": [62, 2], "uv_size": [-2, 30]},
								"south": {"uv": [64, 2], "uv_size": [-2, 30]},
								"west": {"uv": [58, 2], "uv_size": [-2, 30]},
								"up": {"uv": [60, 0], "uv_size": [-2, 2]},
								"down": {"uv": [62, 2], "uv_size": [-2, -2]}
							}
						}
					]
				},
				{
					"name": "body1",
					"parent": "body",
					"pivot": [0, 36, 0],
					"cubes": [
						{
							"origin": [-4, 30, -2],
							"size": [8, 12, 4],
							"uv": {
								"north": {"uv": [36, 20], "uv_size": [8, 12]},
								"east": {"uv": [32, 20], "uv_size": [4, 12]},
								"south": {"uv": [48, 20], "uv_size": [8, 12]},
								"west": {"uv": [44, 20], "uv_size": [4, 12]},
								"up": {"uv": [36, 16], "uv_size": [8, 4]},
								"down": {"uv": [44, 20], "uv_size": [8, -4]}
							}
						}
					]
				},
				{
					"name": "lower_body",
					"parent": "Root",
					"pivot": [0, 4, 0]
				},
				{
					"name": "rightLeg",
					"parent": "lower_body",
					"pivot": [-2, 30, 0],
					"reset": true,
					"cubes": [
						{
							"origin": [-3, 0, -1],
							"size": [2, 30, 2],
							"uv": {
								"north": {"uv": [58, 2], "uv_size": [2, 30]},
								"east": {"uv": [56, 2], "uv_size": [2, 30]},
								"south": {"uv": [62, 2], "uv_size": [2, 30]},
								"west": {"uv": [60, 2], "uv_size": [2, 30]},
								"up": {"uv": [58, 0], "uv_size": [2, 2]},
								"down": {"uv": [60, 2], "uv_size": [2, -2]}
							}
						}
					]
				},
				{
					"name": "leftLeg",
					"parent": "lower_body",
					"pivot": [2, 30, 0],
					"reset": true,
					"cubes": [
						{
							"origin": [1, 0, -1],
							"size": [2, 30, 2],
							"uv": {
								"north": {"uv": [60, 2], "uv_size": [-2, 30]},
								"east": {"uv": [62, 2], "uv_size": [-2, 30]},
								"south": {"uv": [64, 2], "uv_size": [-2, 30]},
								"west": {"uv": [58, 2], "uv_size": [-2, 30]},
								"up": {"uv": [60, 0], "uv_size": [-2, 2]},
								"down": {"uv": [62, 2], "uv_size": [-2, -2]}
							}
						}
					]
				}
			]
		}
	]
}