{
	"format_version": "1.12.0",
	"minecraft:geometry": [
		{
			"description": {
				"identifier": "geometry.llama.v1.8",
				"texture_width": 128,
				"texture_height": 64,
				"visible_bounds_width": 3,
				"visible_bounds_height": 3.25,
				"visible_bounds_offset": [0, 1.375, 0]
			},
			"bones": [
				{
					"name": "root",
					"pivot": [0, 11, 0]
				},
				{
					"name": "body1",
					"parent": "root",
					"pivot": [0, 12, 1]
				},
				{
					"name": "head",
					"parent": "body1",
					"pivot": [0, 16.7, -6],
					"cubes": [
						{
							"origin": [-4, 15, -12],
							"size": [8, 18, 6],
							"uv": {
								"north": {"uv": [6, 20], "uv_size": [8, 18]},
								"east": {"uv": [0, 20], "uv_size": [6, 18]},
								"south": {"uv": [20, 20], "uv_size": [8, 18]},
								"west": {"uv": [14, 20], "uv_size": [6, 18]},
								"up": {"uv": [6, 14], "uv_size": [8, 6]},
								"down": {"uv": [14, 20], "uv_size": [8, -6]}
							}
						}
					],
					"locators": {
						"lead": [0, 18, -11]
					}
				},
				{
					"name": "eyelids",
					"parent": "head",
					"pivot": [0, 0, 0]
				},
				{
					"name": "eyelid_right",
					"parent": "eyelids",
					"pivot": [-2, 31, -12],
					"cubes": [
						{
							"origin": [-3.01, 30, -12.04],
							"size": [2.01, 1, 0.06],
							"uv": {
								"north": {"uv": [9, 21], "uv_size": [-2, 1]},
								"east": {"uv": [7.1, 21], "uv_size": [-0.1, 1]},
								"south": {"uv": [9, 21], "uv_size": [-2, 1]},
								"west": {"uv": [9.1, 21], "uv_size": [-0.1, 1]},
								"up": {"uv": [7, 21.1], "uv_size": [2, -0.1]},
								"down": {"uv": [7, 22.1], "uv_size": [2, -0.1]}
							}
						}
					]
				},
				{
					"name": "eyelid_left",
					"parent": "eyelids",
					"pivot": [2, 31, -12],
					"cubes": [
						{
							"origin": [1, 30, -12.04],
							"size": [2.01, 1, 0.06],
							"uv": {
								"north": {"uv": [7, 21], "uv_size": [2, 1]},
								"east": {"uv": [9, 21], "uv_size": [0.1, 1]},
								"south": {"uv": [7, 21], "uv_size": [2, 1]},
								"west": {"uv": [7, 21], "uv_size": [0.1, 1]},
								"up": {"uv": [9, 21.1], "uv_size": [-2, -0.1]},
								"down": {"uv": [9, 22.1], "uv_size": [-2, -0.1]}
							}
						}
					]
				},
				{
					"name": "eyebrown",
					"parent": "head",
					"pivot": [0, 0, 0]
				},
				{
					"name": "eyebrown_left",
					"parent": "eyebrown",
					"pivot": [2, 31, -12],
					"cubes": [
						{
							"origin": [1, 31, -12.1],
							"size": [2, 1, 0.1],
							"uv": {
								"north": {"uv": [2, 3], "uv_size": [2, 1]},
								"east": {"uv": [4, 3], "uv_size": [0.1, 1]},
								"south": {"uv": [2, 3], "uv_size": [2, 1]},
								"west": {"uv": [2, 3], "uv_size": [0.1, 1]},
								"up": {"uv": [4, 3.1], "uv_size": [-2, -0.1]},
								"down": {"uv": [4, 3.1], "uv_size": [-2, -0.1]}
							}
						}
					]
				},
				{
					"name": "eyebrown_right",
					"parent": "eyebrown",
					"pivot": [-2, 31, -12],
					"cubes": [
						{
							"origin": [-3, 31, -12.1],
							"size": [2, 1, 0.1],
							"uv": {
								"north": {"uv": [4, 3], "uv_size": [-2, 1]},
								"east": {"uv": [2.1, 3], "uv_size": [-0.1, 1]},
								"south": {"uv": [4, 3], "uv_size": [-2, 1]},
								"west": {"uv": [4.1, 3], "uv_size": [-0.1, 1]},
								"up": {"uv": [2, 3.1], "uv_size": [2, -0.1]},
								"down": {"uv": [2, 3.1], "uv_size": [2, -0.1]}
							}
						}
					]
				},
				{
					"name": "Mouth",
					"parent": "head",
					"pivot": [0, 29, -12]
				},
				{
					"name": "m_up",
					"parent": "Mouth",
					"pivot": [0, 28.2, -12],
					"cubes": [
						{
							"origin": [-2, 28, -16],
							"size": [4, 3, 9],
							"uv": {
								"north": {"uv": [9, 9], "uv_size": [4, 3]},
								"east": {"uv": [0, 9], "uv_size": [9, 4]},
								"south": {"uv": [22, 9], "uv_size": [4, 4]},
								"west": {"uv": [13, 9], "uv_size": [9, 4]},
								"up": {"uv": [9, 0], "uv_size": [4, 9]},
								"down": {"uv": [13, 9], "uv_size": [4, -9]}
							}
						}
					]
				},
				{
					"name": "m_down",
					"parent": "Mouth",
					"pivot": [0, 27.3, -12],
					"cubes": [
						{
							"origin": [-1, 28, -15],
							"size": [2, 0.1, 3],
							"uv": {
								"north": {"uv": [5, 6], "uv_size": [2, 0.1]},
								"east": {"uv": [4, 6], "uv_size": [3, 0.1]},
								"south": {"uv": [4, 6], "uv_size": [2, 0.1]},
								"west": {"uv": [4, 6], "uv_size": [3, 0.1]},
								"up": {"uv": [7, 6], "uv_size": [-2, -3]},
								"down": {"uv": [7, 6], "uv_size": [-2, -3]}
							}
						},
						{
							"origin": [-2, 27, -16],
							"size": [4, 1, 4],
							"uv": {
								"north": {"uv": [9, 12], "uv_size": [4, 1]},
								"east": {"uv": [5, 12], "uv_size": [4, 1]},
								"south": {"uv": [5, 10], "uv_size": [4, 1]},
								"west": {"uv": [13, 12], "uv_size": [4, 1]},
								"up": {"uv": [12, 13], "uv_size": [-2, -1]},
								"down": {"uv": [10, 13], "uv_size": [-1, -1]}
							}
						}
					]
				},
				{
					"name": "ears",
					"parent": "head",
					"pivot": [0, 0, 0]
				},
				{
					"name": "ear_left",
					"parent": "ears",
					"pivot": [2.3, 33, -8.9],
					"cubes": [
						{
							"origin": [1, 33, -10],
							"size": [3, 3, 2],
							"uv": {
								"north": {"uv": [19, 2], "uv_size": [3, 3]},
								"east": {"uv": [17, 2], "uv_size": [2, 3]},
								"south": {"uv": [24, 2], "uv_size": [3, 3]},
								"west": {"uv": [22, 2], "uv_size": [2, 3]},
								"up": {"uv": [19, 0], "uv_size": [3, 2]},
								"down": {"uv": [22, 2], "uv_size": [3, -2]}
							}
						}
					]
				},
				{
					"name": "ear_right",
					"parent": "ears",
					"pivot": [-2.6, 33, -8.9],
					"cubes": [
						{
							"origin": [-4, 33, -10],
							"size": [3, 3, 2],
							"uv": {
								"north": {"uv": [19, 2], "uv_size": [3, 3]},
								"east": {"uv": [17, 2], "uv_size": [2, 3]},
								"south": {"uv": [24, 2], "uv_size": [3, 3]},
								"west": {"uv": [22, 2], "uv_size": [2, 3]},
								"up": {"uv": [19, 0], "uv_size": [3, 2]},
								"down": {"uv": [22, 2], "uv_size": [3, -2]}
							}
						}
					]
				},
				{
					"name": "body2",
					"parent": "body1",
					"pivot": [0, 19, 2],
					"rotation": [90, 0, 0],
					"cubes": [
						{
							"origin": [-6, 11, -5],
							"size": [12, 18, 10],
							"uv": {
								"north": {"uv": [39, 10], "uv_size": [12, 18]},
								"east": {"uv": [29, 10], "uv_size": [10, 18]},
								"south": {"uv": [61, 10], "uv_size": [12, 18]},
								"west": {"uv": [51, 10], "uv_size": [10, 18]},
								"up": {"uv": [39, 0], "uv_size": [12, 10]},
								"down": {"uv": [51, 10], "uv_size": [12, -10]}
							}
						}
					]
				},
				{
					"name": "chest",
					"parent": "body1",
					"pivot": [0, 0, 0]
				},
				{
					"name": "chest1",
					"parent": "chest",
					"pivot": [-8.5, 21, 3],
					"rotation": [0, 90, 0],
					"cubes": [
						{
							"origin": [-11.5, 13, 3],
							"size": [8, 8, 3],
							"uv": {
								"north": {"uv": [48, 31], "uv_size": [8, 8]},
								"east": {"uv": [45, 31], "uv_size": [3, 8]},
								"south": {"uv": [59, 31], "uv_size": [8, 8]},
								"west": {"uv": [56, 31], "uv_size": [3, 8]},
								"up": {"uv": [48, 28], "uv_size": [8, 3]},
								"down": {"uv": [56, 31], "uv_size": [8, -3]}
							}
						}
					]
				},
				{
					"name": "chest2",
					"parent": "chest",
					"pivot": [5.5, 21, 3],
					"rotation": [0, 90, 0],
					"cubes": [
						{
							"origin": [2.5, 13, 3],
							"size": [8, 8, 3],
							"uv": {
								"north": {"uv": [48, 44], "uv_size": [8, 8]},
								"east": {"uv": [45, 44], "uv_size": [3, 8]},
								"south": {"uv": [59, 44], "uv_size": [8, 8]},
								"west": {"uv": [56, 44], "uv_size": [3, 8]},
								"up": {"uv": [48, 41], "uv_size": [8, 3]},
								"down": {"uv": [56, 44], "uv_size": [8, -3]}
							}
						}
					]
				},
				{
					"name": "legs",
					"parent": "root",
					"pivot": [0, 0, 0]
				},
				{
					"name": "leg0",
					"parent": "legs",
					"pivot": [-3.5, 14, 6],
					"cubes": [
						{
							"origin": [-5.5, 0, 4],
							"size": [4, 14, 4],
							"uv": {
								"north": {"uv": [33, 33], "uv_size": [4, 14]},
								"east": {"uv": [29, 33], "uv_size": [4, 14]},
								"south": {"uv": [41, 33], "uv_size": [4, 14]},
								"west": {"uv": [37, 33], "uv_size": [4, 14]},
								"up": {"uv": [33, 29], "uv_size": [4, 4]},
								"down": {"uv": [37, 33], "uv_size": [4, -4]}
							}
						}
					]
				},
				{
					"name": "leg1",
					"parent": "legs",
					"pivot": [3.5, 14, 6],
					"cubes": [
						{
							"origin": [1.5, 0, 4],
							"size": [4, 14, 4],
							"uv": {
								"north": {"uv": [33, 33], "uv_size": [4, 14]},
								"east": {"uv": [29, 33], "uv_size": [4, 14]},
								"south": {"uv": [41, 33], "uv_size": [4, 14]},
								"west": {"uv": [37, 33], "uv_size": [4, 14]},
								"up": {"uv": [33, 29], "uv_size": [4, 4]},
								"down": {"uv": [37, 33], "uv_size": [4, -4]}
							}
						}
					]
				},
				{
					"name": "leg2",
					"parent": "legs",
					"pivot": [-3.5, 14, -5],
					"cubes": [
						{
							"origin": [-5.5, 0, -7],
							"size": [4, 14, 4],
							"uv": {
								"north": {"uv": [33, 33], "uv_size": [4, 14]},
								"east": {"uv": [29, 33], "uv_size": [4, 14]},
								"south": {"uv": [41, 33], "uv_size": [4, 14]},
								"west": {"uv": [37, 33], "uv_size": [4, 14]},
								"up": {"uv": [33, 29], "uv_size": [4, 4]},
								"down": {"uv": [37, 33], "uv_size": [4, -4]}
							}
						}
					]
				},
				{
					"name": "leg3",
					"parent": "legs",
					"pivot": [3.5, 14, -5],
					"cubes": [
						{
							"origin": [1.5, 0, -7],
							"size": [4, 14, 4],
							"uv": {
								"north": {"uv": [33, 33], "uv_size": [4, 14]},
								"east": {"uv": [29, 33], "uv_size": [4, 14]},
								"south": {"uv": [41, 33], "uv_size": [4, 14]},
								"west": {"uv": [37, 33], "uv_size": [4, 14]},
								"up": {"uv": [33, 29], "uv_size": [4, 4]},
								"down": {"uv": [37, 33], "uv_size": [4, -4]}
							}
						}
					]
				}
			]
		}
	]
}