{
	"format_version": "1.8.0",
	"geometry.panda": {
		"texturewidth": 64,
		"textureheight": 64,
		"visible_bounds_width": 3,
		"visible_bounds_height": 3.5,
		"visible_bounds_offset": [
			0,
			1.25,
			0
		],
		"bones": [
			{
				"name": "body",
				"pivot": [
					0,
					14,
					0
				],
				"cubes": [
					{
						"origin": [
							-9.5,
							1,
							-6.5
						],
						"size": [
							19,
							26,
							13
						],
						"uv": [
							0,
							25
						]
					}
				]
			},
			{
				"name": "head",
				"parent": "body",
				"pivot": [
					0,
					12.5,
					-17
				],
				"cubes": [
					{
						"origin": [
							-6.5,
							7.5,
							-21
						],
						"size": [
							13,
							10,
							9
						],
						"uv": [
							0,
							6
						]
					}
				],
				"locators": {
					"lead": [
						0,
						14,
						-16
					]
				}
			},
			{
				"name": "nose",
				"parent": "head",
				"pivot": [
					0,
					11,
					-21
				],
				"cubes": [
					{
						"origin": [
							-3.5,
							7.5,
							-23
						],
						"size": [
							7,
							5,
							2
						],
						"uv": [
							45,
							16
						]
					}
				]
			},
			{
				"name": "ears",
				"parent": "head",
				"pivot": [
					0,
					16.5,
					-17
				]
			},
			{
				"name": "left_ear",
				"parent": "ears",
				"pivot": [
					6,
					16.5,
					-17.5
				],
				"cubes": [
					{
						"origin": [
							3.5,
							16.5,
							-18
						],
						"size": [
							5,
							4,
							1
						],
						"uv": [
							52,
							25
						]
					}
				]
			},
			{
				"name": "right_ear",
				"parent": "ears",
				"pivot": [
					-6,
					16.5,
					-17.5
				],
				"cubes": [
					{
						"origin": [
							-8.5,
							16.5,
							-18
						],
						"size": [
							5,
							4,
							1
						],
						"uv": [
							52,
							25
						]
					}
				]
			},
			{
				"name": "eyelids",
				"parent": "head",
				"pivot": [
					0,
					12.5,
					-17
				],
				"cubes": [
					{
						"origin": [
							-4.5,
							12.5,
							-21.05
						],
						"size": [
							2,
							1,
							0
						],
						"uv": [
							6,
							20
						]
					},
					{
						"origin": [
							2.5,
							12.5,
							-21.05
						],
						"size": [
							2,
							1,
							0
						],
						"uv": [
							6,
							20
						],
						"mirror": true
					}
				]
			},
			{
				"name": "leg0",
				"parent": "body",
				"pivot": [
					-5.5,
					9,
					7
				],
				"cubes": [
					{
						"origin": [
							-8.5,
							0,
							6
						],
						"size": [
							6,
							9,
							6
						],
						"uv": [
							40,
							0
						]
					}
				]
			},
			{
				"name": "leg1",
				"parent": "body",
				"pivot": [
					5.5,
					9,
					7
				],
				"cubes": [
					{
						"origin": [
							2.5,
							0,
							6
						],
						"size": [
							6,
							9,
							6
						],
						"uv": [
							40,
							0
						]
					}
				]
			},
			{
				"name": "leg2",
				"parent": "body",
				"pivot": [
					-5.5,
					9,
					-11
				],
				"cubes": [
					{
						"origin": [
							-8.5,
							0,
							-12
						],
						"size": [
							6,
							9,
							6
						],
						"uv": [
							40,
							0
						]
					}
				]
			},
			{
				"name": "leg3",
				"parent": "body",
				"pivot": [
					5.5,
					9,
					-11
				],
				"cubes": [
					{
						"origin": [
							2.5,
							0,
							-12
						],
						"size": [
							6,
							9,
							6
						],
						"uv": [
							40,
							0
						]
					}
				]
			}
		]
	}
}