{
	"format_version": "1.12.0",
	"minecraft:geometry": [
		{
			"description": {
				"identifier": "geometry.parrot",
				"texture_width": 32,
				"texture_height": 32,
				"visible_bounds_width": 2,
				"visible_bounds_height": 2,
				"visible_bounds_offset": [0, 1, 0]
			},
			"bones": [
				{
					"name": "Root",
					"pivot": [0, 7.5, -3]
				},
				{
					"name": "upper_body",
					"parent": "Root",
					"pivot": [0, 1.5, -2.9]
				},
				{
					"name": "tail",
					"parent": "upper_body",
					"pivot": [0, 4.5, -1.3],
					"cubes": [
						{
							"origin": [-1.5, 0.50228, -2.36749],
							"size": [3, 4, 1],
							"uv": {
								"north": {"uv": [23, 2], "uv_size": [3, 4]},
								"east": {"uv": [22, 2], "uv_size": [1, 4]},
								"south": {"uv": [27, 2], "uv_size": [3, 4]},
								"west": {"uv": [26, 2], "uv_size": [1, 4]},
								"up": {"uv": [23, 1], "uv_size": [3, 1]},
								"down": {"uv": [26, 2], "uv_size": [3, -1]}
							}
						}
					]
				},
				{
					"name": "wing_right",
					"parent": "upper_body",
					"pivot": [-1.5, 7.1, -2.8],
					"cubes": [
						{
							"origin": [-2, 2.1, -4.3],
							"size": [1, 5, 3],
							"uv": {
								"north": {"uv": [22, 11], "uv_size": [1, 5]},
								"east": {"uv": [19, 11], "uv_size": [3, 5]},
								"south": {"uv": [26, 11], "uv_size": [1, 5]},
								"west": {"uv": [23, 11], "uv_size": [3, 5]},
								"up": {"uv": [22, 8], "uv_size": [1, 3]},
								"down": {"uv": [23, 11], "uv_size": [1, -3]}
							}
						}
					]
				},
				{
					"name": "wing_left",
					"parent": "upper_body",
					"pivot": [1.5, 7.1, -2.8],
					"cubes": [
						{
							"origin": [1, 2.1, -4.3],
							"size": [1, 5, 3],
							"uv": {
								"north": {"uv": [22, 11], "uv_size": [1, 5]},
								"east": {"uv": [19, 11], "uv_size": [3, 5]},
								"south": {"uv": [26, 11], "uv_size": [1, 5]},
								"west": {"uv": [23, 11], "uv_size": [3, 5]},
								"up": {"uv": [22, 8], "uv_size": [1, 3]},
								"down": {"uv": [23, 11], "uv_size": [1, -3]}
							}
						}
					]
				},
				{
					"name": "head",
					"parent": "upper_body",
					"pivot": [0, 8.3, -2.8],
					"cubes": [
						{
							"origin": [-1, 6.8, -3.8],
							"size": [2, 3, 2],
							"uv": {
								"north": {"uv": [4, 4], "uv_size": [2, 3]},
								"east": {"uv": [2, 4], "uv_size": [2, 3]},
								"south": {"uv": [8, 4], "uv_size": [2, 3]},
								"west": {"uv": [6, 4], "uv_size": [2, 3]},
								"up": {"uv": [4, 2], "uv_size": [2, 2]},
								"down": {"uv": [6, 4], "uv_size": [2, -2]}
							}
						}
					],
					"locators": {
						"lead": [0, 6, -4]
					}
				},
				{
					"name": "head2",
					"parent": "head",
					"pivot": [0, 26, -1],
					"cubes": [
						{
							"origin": [-1, 9.8, -5.8],
							"size": [2, 1, 4],
							"uv": {
								"north": {"uv": [14, 4], "uv_size": [2, 1]},
								"east": {"uv": [10, 4], "uv_size": [4, 1]},
								"south": {"uv": [20, 4], "uv_size": [2, 1]},
								"west": {"uv": [16, 4], "uv_size": [4, 1]},
								"up": {"uv": [14, 0], "uv_size": [2, 4]},
								"down": {"uv": [16, 4], "uv_size": [2, -4]}
							}
						}
					]
				},
				{
					"name": "beak1",
					"parent": "head",
					"pivot": [0, 24.5, -1.5],
					"cubes": [
						{
							"origin": [-0.5, 8.8, -4.7],
							"size": [1, 1, 1],
							"uv": {
								"north": {"uv": [12, 8], "uv_size": [1, 1]},
								"east": {"uv": [11, 8], "uv_size": [1, 1]},
								"south": {"uv": [14, 8], "uv_size": [1, 1]},
								"west": {"uv": [13, 8], "uv_size": [1, 1]},
								"up": {"uv": [12, 7], "uv_size": [1, 1]},
								"down": {"uv": [13, 8], "uv_size": [1, -1]}
							}
						}
					]
				},
				{
					"name": "beak2",
					"parent": "head",
					"pivot": [0, 9.8, -4.8],
					"cubes": [
						{
							"origin": [-0.5, 8.1, -5.7],
							"size": [1, 1.7, 1],
							"uv": {
								"north": {"uv": [17, 8], "uv_size": [1, 1]},
								"east": {"uv": [16, 8], "uv_size": [1, 1]},
								"south": {"uv": [19, 8], "uv_size": [1, 1]},
								"west": {"uv": [18, 8], "uv_size": [1, 1]},
								"up": {"uv": [17, 7], "uv_size": [1, 1]},
								"down": {"uv": [18, 8], "uv_size": [1, -1]}
							}
						}
					]
				},
				{
					"name": "beak3",
					"parent": "head",
					"pivot": [0, 8.8, -3.8],
					"cubes": [
						{
							"origin": [-0.5, 7.8, -4.7],
							"size": [1, 1, 1],
							"uv": {
								"north": {"uv": [12, 9], "uv_size": [1, 1]},
								"east": {"uv": [11, 9], "uv_size": [1, 1]},
								"south": {"uv": [14, 9], "uv_size": [1, 1]},
								"west": {"uv": [13, 9], "uv_size": [1, 1]},
								"up": {"uv": [12, 9], "uv_size": [1, 1]},
								"down": {"uv": [13, 10], "uv_size": [1, -1]}
							}
						}
					]
				},
				{
					"name": "feather",
					"parent": "head",
					"pivot": [0, 10.8, -3.8],
					"cubes": [
						{
							"origin": [0, 9.1, -4.9],
							"size": [0, 5, 4],
							"uv": {
								"north": {"uv": [6, 22], "uv_size": [0, 5]},
								"east": {"uv": [2, 22], "uv_size": [4, 5]},
								"south": {"uv": [10, 22], "uv_size": [0, 5]},
								"west": {"uv": [6, 22], "uv_size": [4, 5]},
								"up": {"uv": [6, 18], "uv_size": [0, 4]},
								"down": {"uv": [6, 22], "uv_size": [0, -4]}
							}
						}
					]
				},
				{
					"name": "eyelids",
					"parent": "head",
					"pivot": [0, 0, 0]
				},
				{
					"name": "eyelid_right",
					"parent": "eyelids",
					"pivot": [-1, 9.8, -3.3],
					"cubes": [
						{
							"origin": [-1.02, 8.8, -3.8],
							"size": [0.02, 1, 1],
							"uv": {
								"north": {"uv": [3, 18], "uv_size": [0.02, 1]},
								"east": {"uv": [2, 18], "uv_size": [1, 1]},
								"south": {"uv": [3, 18], "uv_size": [0.02, 1]},
								"west": {"uv": [2, 18], "uv_size": [1, 1]},
								"up": {"uv": [3.02, 19], "uv_size": [-0.02, -1]},
								"down": {"uv": [2.02, 19], "uv_size": [-0.02, -1]}
							}
						}
					]
				},
				{
					"name": "eyelid_left",
					"parent": "eyelids",
					"pivot": [1, 9.8, -3.3],
					"cubes": [
						{
							"origin": [1, 8.8, -3.8],
							"size": [0.02, 1, 1],
							"uv": {
								"north": {"uv": [3.02, 18], "uv_size": [-0.02, 1]},
								"east": {"uv": [3, 18], "uv_size": [-1, 1]},
								"south": {"uv": [3.02, 18], "uv_size": [-0.02, 1]},
								"west": {"uv": [3, 18], "uv_size": [-1, 1]},
								"up": {"uv": [3, 19], "uv_size": [0.02, -1]},
								"down": {"uv": [2, 19], "uv_size": [0.02, -1]}
							}
						}
					]
				},
				{
					"name": "body1",
					"parent": "upper_body",
					"pivot": [0, 7.5, -3],
					"cubes": [
						{
							"origin": [-1.5, 1.5, -4.5],
							"size": [3, 6, 3],
							"uv": {
								"north": {"uv": [5, 11], "uv_size": [3, 6]},
								"east": {"uv": [2, 11], "uv_size": [3, 6]},
								"south": {"uv": [11, 11], "uv_size": [3, 6]},
								"west": {"uv": [8, 11], "uv_size": [3, 6]},
								"up": {"uv": [5, 8], "uv_size": [3, 3]},
								"down": {"uv": [8, 11], "uv_size": [3, -3]}
							}
						}
					]
				},
				{
					"name": "leg0",
					"parent": "Root",
					"pivot": [1.5, 1, -2.5],
					"cubes": [
						{
							"origin": [0.5, -0.5, -3.5],
							"size": [1, 2, 1],
							"uv": {
								"north": {"uv": [15, 19], "uv_size": [1, 2]},
								"east": {"uv": [14, 19], "uv_size": [1, 2]},
								"south": {"uv": [17, 19], "uv_size": [1, 2]},
								"west": {"uv": [16, 19], "uv_size": [1, 2]},
								"up": {"uv": [15, 18], "uv_size": [1, 1]},
								"down": {"uv": [16, 19], "uv_size": [1, -1]}
							}
						}
					]
				},
				{
					"name": "leg1",
					"parent": "Root",
					"pivot": [-0.5, 1, -2.5],
					"cubes": [
						{
							"origin": [-1.5, -0.5, -3.5],
							"size": [1, 2, 1],
							"uv": {
								"north": {"uv": [15, 19], "uv_size": [1, 2]},
								"east": {"uv": [14, 19], "uv_size": [1, 2]},
								"south": {"uv": [17, 19], "uv_size": [1, 2]},
								"west": {"uv": [16, 19], "uv_size": [1, 2]},
								"up": {"uv": [15, 18], "uv_size": [1, 1]},
								"down": {"uv": [16, 19], "uv_size": [1, -1]}
							}
						}
					]
				}
			]
		}
	]
}