{
	"format_version": "1.12.0",
	"minecraft:geometry": [
		{
			"description": {
				"identifier": "geometry.ravager",
				"texture_width": 128,
				"texture_height": 128,
				"visible_bounds_width": 5,
				"visible_bounds_height": 3.5,
				"visible_bounds_offset": [0, 1.25, 0]
			},
			"bones": [
				{
					"name": "Root",
					"pivot": [0, 7, 9]
				},
				{
					"name": "upper_body",
					"parent": "Root",
					"pivot": [-0.7, 15.2, 7],
					"rotation": [90, 0, 0]
				},
				{
					"name": "body",
					"parent": "upper_body",
					"pivot": [0, 17.3, 7.2],
					"cubes": [
						{
							"origin": [-7, 11.2, 6.8],
							"size": [14, 16, 20],
							"uv": {
								"north": {"uv": [20, 75], "uv_size": [14, 16]},
								"east": {"uv": [0, 75], "uv_size": [20, 16]},
								"south": {"uv": [54, 75], "uv_size": [14, 16]},
								"west": {"uv": [34, 75], "uv_size": [20, 16]},
								"up": {"uv": [20, 55], "uv_size": [14, 20]},
								"down": {"uv": [34, 75], "uv_size": [14, -20]}
							}
						}
					]
				},
				{
					"name": "body2",
					"parent": "upper_body",
					"pivot": [-0.2, 3.9, 7.4],
					"cubes": [
						{
							"origin": [-6, -1.8, 6.8],
							"size": [12, 13, 18],
							"uv": {
								"north": {"uv": [18, 109], "uv_size": [12, 13]},
								"east": {"uv": [0, 109], "uv_size": [18, 13]},
								"south": {"uv": [48, 109], "uv_size": [12, 13]},
								"west": {"uv": [30, 109], "uv_size": [18, 13]},
								"up": {"uv": [18, 91], "uv_size": [12, 18]},
								"down": {"uv": [30, 109], "uv_size": [12, -18]}
							}
						}
					]
				},
				{
					"name": "neck",
					"parent": "Root",
					"pivot": [0, 20.7, -16.1],
					"cubes": [
						{
							"origin": [-5, 21, -10],
							"size": [10, 10, 18],
							"uv": {
								"north": {"uv": [86, 91], "uv_size": [10, 10]},
								"east": {"uv": [68, 91], "uv_size": [18, 10]},
								"south": {"uv": [114, 91], "uv_size": [10, 10]},
								"west": {"uv": [96, 91], "uv_size": [18, 10]},
								"up": {"uv": [86, 73], "uv_size": [10, 18]},
								"down": {"uv": [96, 91], "uv_size": [10, -18]}
							}
						}
					]
				},
				{
					"name": "head",
					"parent": "neck",
					"pivot": [0, 22.1, -8.1],
					"cubes": [
						{
							"origin": [-8, 14, -24],
							"size": [16, 20, 16],
							"uv": {
								"north": {"uv": [16, 16], "uv_size": [16, 20]},
								"east": {"uv": [0, 16], "uv_size": [16, 20]},
								"south": {"uv": [48, 16], "uv_size": [16, 20]},
								"west": {"uv": [32, 16], "uv_size": [16, 20]},
								"up": {"uv": [16, 0], "uv_size": [16, 16]},
								"down": {"uv": [32, 16], "uv_size": [16, -16]}
							}
						}
					],
					"locators": {
						"stun": [0, 32, -15]
					}
				},
				{
					"name": "nose",
					"parent": "head",
					"pivot": [0, 20, -24.1],
					"cubes": [
						{
							"origin": [-2, 12, -28],
							"size": [4, 8, 4],
							"uv": {
								"north": {"uv": [4, 4], "uv_size": [4, 8]},
								"east": {"uv": [0, 4], "uv_size": [4, 8]},
								"south": {"uv": [12, 4], "uv_size": [4, 8]},
								"west": {"uv": [8, 4], "uv_size": [4, 8]},
								"up": {"uv": [4, 0], "uv_size": [4, 4]},
								"down": {"uv": [8, 4], "uv_size": [4, -4]}
							}
						}
					]
				},
				{
					"name": "mouth",
					"parent": "head",
					"pivot": [0, 15, -10],
					"cubes": [
						{
							"origin": [-8, 13, -24],
							"size": [16, 3, 16],
							"uv": {
								"north": {"uv": [16, 52], "uv_size": [16, 3]},
								"east": {"uv": [0, 52], "uv_size": [16, 3]},
								"south": {"uv": [48, 52], "uv_size": [16, 3]},
								"west": {"uv": [32, 52], "uv_size": [16, 3]},
								"up": {"uv": [16, 36], "uv_size": [16, 16]},
								"down": {"uv": [32, 52], "uv_size": [16, -16]}
							}
						}
					]
				},
				{
					"name": "horns",
					"parent": "head",
					"pivot": [-5, 27, -19],
					"rotation": [60, 0, 0],
					"cubes": [
						{
							"origin": [-10, 27, -20],
							"size": [2, 14, 4],
							"uv": {
								"north": {"uv": [78, 59], "uv_size": [2, 14]},
								"east": {"uv": [74, 59], "uv_size": [4, 14]},
								"south": {"uv": [84, 59], "uv_size": [2, 14]},
								"west": {"uv": [80, 59], "uv_size": [4, 14]},
								"up": {"uv": [78, 55], "uv_size": [2, 4]},
								"down": {"uv": [80, 59], "uv_size": [2, -4]}
							}
						},
						{
							"origin": [8, 27, -20],
							"size": [2, 14, 4],
							"uv": {
								"north": {"uv": [78, 59], "uv_size": [2, 14]},
								"east": {"uv": [74, 59], "uv_size": [4, 14]},
								"south": {"uv": [84, 59], "uv_size": [2, 14]},
								"west": {"uv": [80, 59], "uv_size": [4, 14]},
								"up": {"uv": [78, 55], "uv_size": [2, 4]},
								"down": {"uv": [80, 59], "uv_size": [2, -4]}
							}
						}
					]
				},
				{
					"name": "eyelids",
					"parent": "head",
					"pivot": [0, 0, 0]
				},
				{
					"name": "eyelid_right",
					"parent": "eyelids",
					"pivot": [-4, 23, -24],
					"cubes": [
						{
							"origin": [-6, 23.3, -23.9866],
							"size": [4, 3, 0.01],
							"uv": {
								"north": {"uv": [51, 8], "uv_size": [4, 3]},
								"east": {"uv": [55, 8], "uv_size": [0.01, 3]},
								"south": {"uv": [51, 8], "uv_size": [4, 3]},
								"west": {"uv": [51, 8], "uv_size": [0.01, 3]},
								"up": {"uv": [55, 11.01], "uv_size": [-4, -0.01]},
								"down": {"uv": [55, 8.01], "uv_size": [-4, -0.01]}
							}
						}
					]
				},
				{
					"name": "eyelid_left",
					"parent": "eyelids",
					"pivot": [4, 23, -24],
					"cubes": [
						{
							"origin": [2, 23.3, -23.9866],
							"size": [4, 3, 0.01],
							"uv": {
								"north": {"uv": [55, 8], "uv_size": [-4, 3]},
								"east": {"uv": [51.01, 8], "uv_size": [-0.01, 3]},
								"south": {"uv": [55, 8], "uv_size": [-4, 3]},
								"west": {"uv": [55.01, 8], "uv_size": [-0.01, 3]},
								"up": {"uv": [51, 11.01], "uv_size": [4, -0.01]},
								"down": {"uv": [51, 8.01], "uv_size": [4, -0.01]}
							}
						}
					]
				},
				{
					"name": "eye",
					"parent": "head",
					"pivot": [0, 0, 0]
				},
				{
					"name": "eye_r",
					"parent": "eye",
					"pivot": [0, 0, 0]
				},
				{
					"name": "right",
					"parent": "eye_r",
					"pivot": [-3.8, 20, -24],
					"cubes": [
						{
							"origin": [-6, 20, -23.9166],
							"size": [4, 3, 0.4],
							"uv": {
								"north": {"uv": [51, 5], "uv_size": [4, 2]},
								"east": {"uv": [53, 5], "uv_size": [2, 2]},
								"south": {"uv": [51, 5], "uv_size": [4, 2]},
								"west": {"uv": [51, 5], "uv_size": [2, 2]},
								"up": {"uv": [55, 7], "uv_size": [-4, -2]},
								"down": {"uv": [55, 7], "uv_size": [-4, -2]}
							}
						}
					]
				},
				{
					"name": "eye_layer_x",
					"parent": "eye_r",
					"pivot": [-3.8, 20, -24],
					"cubes": [
						{
							"origin": [-2.6, 21.6, -23.9956],
							"size": [3.3, 0.4, 0.6],
							"pivot": [-1.6, 22, -24],
							"rotation": [0, 0, 90],
							"uv": {
								"north": {"uv": [51, 2], "uv_size": [4.8, 0.3]},
								"east": {"uv": [54, 2], "uv_size": [0.6, 0.3]},
								"south": {"uv": [51, 2], "uv_size": [4.8, 0.3]},
								"west": {"uv": [52, 2], "uv_size": [0.6, 0.3]},
								"up": {"uv": [55.8, 2.6], "uv_size": [-4.8, -0.6]},
								"down": {"uv": [55.8, 3.6], "uv_size": [-4.8, -0.6]}
							}
						},
						{
							"origin": [-2.6, 17.2, -23.9956],
							"size": [3.3, 0.4, 0.6],
							"pivot": [-1.6, 22, -24],
							"rotation": [0, 0, 90],
							"uv": {
								"north": {"uv": [51, 2], "uv_size": [4.8, 0.3]},
								"east": {"uv": [54, 2], "uv_size": [0.6, 0.3]},
								"south": {"uv": [51, 2], "uv_size": [4.8, 0.3]},
								"west": {"uv": [52, 2], "uv_size": [0.6, 0.3]},
								"up": {"uv": [55.8, 2.6], "uv_size": [-4.8, -0.6]},
								"down": {"uv": [55.8, 3.6], "uv_size": [-4.8, -0.6]}
							}
						}
					]
				},
				{
					"name": "eye_layer_y",
					"parent": "eye_r",
					"pivot": [0, 0, 0]
				},
				{
					"name": "top",
					"parent": "eye_layer_y",
					"pivot": [-4, 23, -24],
					"cubes": [
						{
							"origin": [-6.4, 23, -23.9956],
							"size": [4.8, 0.3, 0.6],
							"uv": {
								"north": {"uv": [51, 2], "uv_size": [4.8, 0.3]},
								"east": {"uv": [54, 2], "uv_size": [0.6, 0.3]},
								"south": {"uv": [51, 2], "uv_size": [4.8, 0.3]},
								"west": {"uv": [52, 2], "uv_size": [0.6, 0.3]},
								"up": {"uv": [55.8, 2.6], "uv_size": [-4.8, -0.6]},
								"down": {"uv": [55.8, 3.6], "uv_size": [-4.8, -0.6]}
							}
						}
					]
				},
				{
					"name": "down",
					"parent": "eye_layer_y",
					"pivot": [0, 0, 0],
					"cubes": [
						{
							"origin": [-6.4, 19.7, -23.9956],
							"size": [4.8, 0.3, 0.6],
							"uv": {
								"north": {"uv": [51, 2], "uv_size": [4.8, 0.3]},
								"east": {"uv": [54, 2], "uv_size": [0.6, 0.3]},
								"south": {"uv": [51, 2], "uv_size": [4.8, 0.3]},
								"west": {"uv": [52, 2], "uv_size": [0.6, 0.3]},
								"up": {"uv": [55.8, 2.6], "uv_size": [-4.8, -0.6]},
								"down": {"uv": [55.8, 3.6], "uv_size": [-4.8, -0.6]}
							}
						}
					]
				},
				{
					"name": "eye_l",
					"parent": "eye",
					"pivot": [0, 0, 0]
				},
				{
					"name": "left",
					"parent": "eye_l",
					"pivot": [3.8, 20, -24],
					"cubes": [
						{
							"origin": [2, 20, -23.9166],
							"size": [4, 3, 0.4],
							"uv": {
								"north": {"uv": [55, 5], "uv_size": [-4, 2]},
								"east": {"uv": [53, 5], "uv_size": [-2, 2]},
								"south": {"uv": [55, 5], "uv_size": [-4, 2]},
								"west": {"uv": [55, 5], "uv_size": [-2, 2]},
								"up": {"uv": [51, 7], "uv_size": [4, -2]},
								"down": {"uv": [51, 7], "uv_size": [4, -2]}
							}
						}
					]
				},
				{
					"name": "eye_layer_x2",
					"parent": "eye_l",
					"pivot": [3.8, 20, -24],
					"cubes": [
						{
							"origin": [-0.7, 21.6, -23.9956],
							"size": [3.3, 0.4, 0.6],
							"pivot": [1.6, 22, -24],
							"rotation": [0, 0, -90],
							"uv": {
								"north": {"uv": [55.8, 2], "uv_size": [-4.8, 0.3]},
								"east": {"uv": [52.6, 2], "uv_size": [-0.6, 0.3]},
								"south": {"uv": [55.8, 2], "uv_size": [-4.8, 0.3]},
								"west": {"uv": [54.6, 2], "uv_size": [-0.6, 0.3]},
								"up": {"uv": [51, 2.6], "uv_size": [4.8, -0.6]},
								"down": {"uv": [51, 3.6], "uv_size": [4.8, -0.6]}
							}
						},
						{
							"origin": [-0.7, 17.2, -23.9956],
							"size": [3.3, 0.4, 0.6],
							"pivot": [1.6, 22, -24],
							"rotation": [0, 0, -90],
							"uv": {
								"north": {"uv": [55.8, 2], "uv_size": [-4.8, 0.3]},
								"east": {"uv": [52.6, 2], "uv_size": [-0.6, 0.3]},
								"south": {"uv": [55.8, 2], "uv_size": [-4.8, 0.3]},
								"west": {"uv": [54.6, 2], "uv_size": [-0.6, 0.3]},
								"up": {"uv": [51, 2.6], "uv_size": [4.8, -0.6]},
								"down": {"uv": [51, 3.6], "uv_size": [4.8, -0.6]}
							}
						}
					]
				},
				{
					"name": "eye_layer_y2",
					"parent": "eye_l",
					"pivot": [0, 0, 0]
				},
				{
					"name": "top2",
					"parent": "eye_layer_y2",
					"pivot": [4, 23, -24],
					"cubes": [
						{
							"origin": [1.6, 23, -23.9956],
							"size": [4.8, 0.3, 0.6],
							"uv": {
								"north": {"uv": [55.8, 2], "uv_size": [-4.8, 0.3]},
								"east": {"uv": [52.6, 2], "uv_size": [-0.6, 0.3]},
								"south": {"uv": [55.8, 2], "uv_size": [-4.8, 0.3]},
								"west": {"uv": [54.6, 2], "uv_size": [-0.6, 0.3]},
								"up": {"uv": [51, 2.6], "uv_size": [4.8, -0.6]},
								"down": {"uv": [51, 3.6], "uv_size": [4.8, -0.6]}
							}
						}
					]
				},
				{
					"name": "down2",
					"parent": "eye_layer_y2",
					"pivot": [0, 0, 0],
					"cubes": [
						{
							"origin": [1.6, 19.7, -23.9956],
							"size": [4.8, 0.3, 0.6],
							"uv": {
								"north": {"uv": [55.8, 2], "uv_size": [-4.8, 0.3]},
								"east": {"uv": [52.6, 2], "uv_size": [-0.6, 0.3]},
								"south": {"uv": [55.8, 2], "uv_size": [-4.8, 0.3]},
								"west": {"uv": [54.6, 2], "uv_size": [-0.6, 0.3]},
								"up": {"uv": [51, 2.6], "uv_size": [4.8, -0.6]},
								"down": {"uv": [51, 3.6], "uv_size": [4.8, -0.6]}
							}
						}
					]
				},
				{
					"name": "eyeballs",
					"parent": "head",
					"pivot": [0, 0, 0]
				},
				{
					"name": "eyeball_right",
					"parent": "eyeballs",
					"pivot": [-3, 21, -24],
					"cubes": [
						{
							"origin": [-4, 20, -23.9536],
							"size": [2, 2, 0.05],
							"uv": {
								"north": {"uv": [48, 9], "uv_size": [2, 2]},
								"east": {"uv": [50, 9], "uv_size": [0.05, 2]},
								"south": {"uv": [48, 9], "uv_size": [2, 2]},
								"west": {"uv": [48, 9], "uv_size": [0.05, 2]},
								"up": {"uv": [50, 10.05], "uv_size": [-2, -0.05]},
								"down": {"uv": [50, 10.05], "uv_size": [-2, -0.05]}
							}
						}
					]
				},
				{
					"name": "eyeball_left",
					"parent": "eyeballs",
					"pivot": [3, 21, -24],
					"cubes": [
						{
							"origin": [2, 20, -23.9536],
							"size": [2, 2, 0.05],
							"uv": {
								"north": {"uv": [50, 9], "uv_size": [-2, 2]},
								"east": {"uv": [48.05, 9], "uv_size": [-0.05, 2]},
								"south": {"uv": [50, 9], "uv_size": [-2, 2]},
								"west": {"uv": [50.05, 9], "uv_size": [-0.05, 2]},
								"up": {"uv": [48, 10.05], "uv_size": [2, -0.05]},
								"down": {"uv": [48, 10.05], "uv_size": [2, -0.05]}
							}
						}
					]
				},
				{
					"name": "eyebrown",
					"parent": "head",
					"pivot": [0, 21, -24],
					"cubes": [
						{
							"origin": [-8, 21.05, -24.1],
							"size": [16, 2, 0.1],
							"uv": {
								"north": {"uv": [74, 48], "uv_size": [16, 2]},
								"east": {"uv": [89, 48], "uv_size": [0.1, 2]},
								"south": {"uv": [75, 48], "uv_size": [16, 2]},
								"west": {"uv": [75, 48], "uv_size": [0.1, 2]},
								"up": {"uv": [91, 49.1], "uv_size": [-16, -0.1]},
								"down": {"uv": [90, 49.1], "uv_size": [-16, -0.1]}
							}
						}
					]
				},
				{
					"name": "lower_body",
					"parent": "Root",
					"pivot": [0, 0, 0]
				},
				{
					"name": "leg0",
					"parent": "lower_body",
					"pivot": [-8.1, 32.3, 21],
					"cubes": [
						{
							"origin": [-12, 0, 17],
							"size": [8, 37, 8],
							"uv": {
								"north": {"uv": [104, 8], "uv_size": [8, 37]},
								"east": {"uv": [96, 8], "uv_size": [8, 37]},
								"south": {"uv": [120, 8], "uv_size": [8, 37]},
								"west": {"uv": [112, 8], "uv_size": [8, 37]},
								"up": {"uv": [104, 0], "uv_size": [8, 8]},
								"down": {"uv": [112, 8], "uv_size": [8, -8]}
							}
						}
					]
				},
				{
					"name": "leg1",
					"parent": "lower_body",
					"pivot": [8.1, 33.2, 21.7],
					"cubes": [
						{
							"origin": [4, 0, 17],
							"size": [8, 37, 8],
							"uv": {
								"north": {"uv": [104, 8], "uv_size": [8, 37]},
								"east": {"uv": [96, 8], "uv_size": [8, 37]},
								"south": {"uv": [120, 8], "uv_size": [8, 37]},
								"west": {"uv": [112, 8], "uv_size": [8, 37]},
								"up": {"uv": [104, 0], "uv_size": [8, 8]},
								"down": {"uv": [112, 8], "uv_size": [8, -8]}
							}
						}
					]
				},
				{
					"name": "leg2",
					"parent": "lower_body",
					"pivot": [-8.1, 33.5, -5.4],
					"cubes": [
						{
							"origin": [-12, 0, -8],
							"size": [8, 37, 8],
							"uv": {
								"north": {"uv": [72, 8], "uv_size": [8, 37]},
								"east": {"uv": [64, 8], "uv_size": [8, 37]},
								"south": {"uv": [88, 8], "uv_size": [8, 37]},
								"west": {"uv": [80, 8], "uv_size": [8, 37]},
								"up": {"uv": [72, 0], "uv_size": [8, 8]},
								"down": {"uv": [80, 8], "uv_size": [8, -8]}
							}
						}
					]
				},
				{
					"name": "leg3",
					"parent": "lower_body",
					"pivot": [7.8, 32.4, -4],
					"cubes": [
						{
							"origin": [4, 0, -8],
							"size": [8, 37, 8],
							"uv": {
								"north": {"uv": [72, 8], "uv_size": [8, 37]},
								"east": {"uv": [64, 8], "uv_size": [8, 37]},
								"south": {"uv": [88, 8], "uv_size": [8, 37]},
								"west": {"uv": [80, 8], "uv_size": [8, 37]},
								"up": {"uv": [72, 0], "uv_size": [8, 8]},
								"down": {"uv": [80, 8], "uv_size": [8, -8]}
							}
						}
					]
				}
			]
		}
	]
}