{
	"format_version": "1.12.0",
	"minecraft:geometry": [
		{
			"description": {
				"identifier": "geometry.skeleton.v1.8",
				"texture_width": 64,
				"texture_height": 32,
				"visible_bounds_width": 2,
				"visible_bounds_height": 3,
				"visible_bounds_offset": [0, 1.5, 0]
			},
			"bones": [
				{
					"name": "waist",
					"pivot": [0, 12, 0]
				},
				{
					"name": "upper_body",
					"parent": "waist",
					"pivot": [0, 12.9, 0]
				},
				{
					"name": "body",
					"parent": "upper_body",
					"pivot": [0, 24, 0],
					"cubes": [
						{
							"origin": [-4, 12, -2],
							"size": [8, 12, 4],
							"uv": {
								"north": {"uv": [20, 20], "uv_size": [8, 12]},
								"east": {"uv": [16, 20], "uv_size": [4, 12]},
								"south": {"uv": [32, 20], "uv_size": [8, 12]},
								"west": {"uv": [28, 20], "uv_size": [4, 12]},
								"up": {"uv": [20, 16], "uv_size": [8, 4]},
								"down": {"uv": [28, 20], "uv_size": [8, -4]}
							}
						}
					]
				},
				{
					"name": "rightArm",
					"parent": "body",
					"pivot": [-5, 22, 0],
					"cubes": [
						{
							"origin": [-6, 12, -1],
							"size": [2, 12, 2],
							"uv": {
								"north": {"uv": [42, 18], "uv_size": [2, 12]},
								"east": {"uv": [40, 18], "uv_size": [2, 12]},
								"south": {"uv": [46, 18], "uv_size": [2, 12]},
								"west": {"uv": [44, 18], "uv_size": [2, 12]},
								"up": {"uv": [42, 16], "uv_size": [2, 2]},
								"down": {"uv": [44, 18], "uv_size": [2, -2]}
							}
						}
					]
				},
				{
					"name": "rightItem",
					"parent": "rightArm",
					"pivot": [-6, 15, 1]
				},
				{
					"name": "leftArm",
					"parent": "body",
					"pivot": [5, 22, 0],
					"cubes": [
						{
							"origin": [4, 12, -1],
							"size": [2, 12, 2],
							"uv": {
								"north": {"uv": [44, 18], "uv_size": [-2, 12]},
								"east": {"uv": [46, 18], "uv_size": [-2, 12]},
								"south": {"uv": [48, 18], "uv_size": [-2, 12]},
								"west": {"uv": [42, 18], "uv_size": [-2, 12]},
								"up": {"uv": [44, 16], "uv_size": [-2, 2]},
								"down": {"uv": [46, 18], "uv_size": [-2, -2]}
							}
						}
					]
				},
				{
					"name": "leftItem",
					"parent": "leftArm",
					"pivot": [6, 15, 1]
				},
				{
					"name": "head",
					"parent": "upper_body",
					"pivot": [0, 24, 0],
					"cubes": [
						{
							"origin": [-3.95, 24.03, 3.5],
							"size": [7.9, 7.92, 0.4],
							"uv": {
								"north": {"uv": [54, 22], "uv_size": [7.9, 7.82]},
								"east": {"uv": [54, 22], "uv_size": [0.2, 7.82]},
								"south": {"uv": [54, 22], "uv_size": [7.9, 7.82]},
								"west": {"uv": [62, 22], "uv_size": [0.2, 7.82]},
								"up": {"uv": [61.9, 22.2], "uv_size": [-7.9, -0.2]},
								"down": {"uv": [61.9, 29.2], "uv_size": [-7.9, -0.2]}
							}
						},
						{
							"origin": [-3.95, 8.03, -19.965],
							"size": [7.9, 7.82, 0.2],
							"pivot": [2, 12, 0],
							"rotation": [-90, 0, 0],
							"uv": {
								"north": {"uv": [54, 22], "uv_size": [7.9, 7.82]},
								"east": {"uv": [54, 22], "uv_size": [0.2, 7.82]},
								"south": {"uv": [54, 22], "uv_size": [7.9, 7.82]},
								"west": {"uv": [62, 22], "uv_size": [0.2, 7.82]},
								"up": {"uv": [61.9, 22.2], "uv_size": [-7.9, -0.2]},
								"down": {"uv": [61.9, 29.2], "uv_size": [-7.9, -0.2]}
							}
						},
						{
							"origin": [-1.85, 24.03, 1.7],
							"size": [7.8, 7.92, 0.2],
							"pivot": [2, 12, 0],
							"rotation": [0, 90, 0],
							"uv": {
								"north": {"uv": [54, 22], "uv_size": [7.9, 7.82]},
								"east": {"uv": [54, 22], "uv_size": [0.2, 7.82]},
								"south": {"uv": [54, 22], "uv_size": [7.9, 7.82]},
								"west": {"uv": [62, 22], "uv_size": [0.2, 7.82]},
								"up": {"uv": [61.9, 22.2], "uv_size": [-7.9, -0.2]},
								"down": {"uv": [61.9, 29.2], "uv_size": [-7.9, -0.2]}
							}
						},
						{
							"origin": [-5.95, 24.03, 1.7],
							"size": [7.8, 7.92, 0.2],
							"pivot": [-2, 12, 0],
							"rotation": [0, -90, 0],
							"uv": {
								"north": {"uv": [61.9, 22], "uv_size": [-7.9, 7.82]},
								"east": {"uv": [62.2, 22], "uv_size": [-0.2, 7.82]},
								"south": {"uv": [61.9, 22], "uv_size": [-7.9, 7.82]},
								"west": {"uv": [54.2, 22], "uv_size": [-0.2, 7.82]},
								"up": {"uv": [54, 22.2], "uv_size": [7.9, -0.2]},
								"down": {"uv": [54, 29.2], "uv_size": [7.9, -0.2]}
							}
						},
						{
							"origin": [-2.718, 23.81562, -3.99563],
							"size": [0.1, 6.2, 0.2],
							"pivot": [-0.9, 27.81562, -3.79663],
							"rotation": [0, 0, -90],
							"uv": {
								"north": {"uv": [52.4, 22.7], "uv_size": [0.1, 0.5]},
								"east": {"uv": [52.1, 22.8], "uv_size": [0.5, 0.5]},
								"south": {"uv": [52.4, 22.5], "uv_size": [0.1, 0.5]},
								"west": {"uv": [15.3, 9.6], "uv_size": [0.5, 0.5]},
								"up": {"uv": [52.6, 23.3], "uv_size": [-0.1, -0.25]},
								"down": {"uv": [52.6, 22.85], "uv_size": [-0.1, -0.25]}
							}
						},
						{
							"origin": [-3.818, 23.81562, -3.99563],
							"size": [0.1, 6.2, 0.2],
							"pivot": [-0.9, 27.81562, -3.79663],
							"rotation": [0, 0, -90],
							"uv": {
								"north": {"uv": [52.4, 22.7], "uv_size": [0.1, 0.5]},
								"east": {"uv": [52.1, 22.8], "uv_size": [0.5, 0.5]},
								"south": {"uv": [52.4, 22.5], "uv_size": [0.1, 0.5]},
								"west": {"uv": [15.3, 9.6], "uv_size": [0.5, 0.5]},
								"up": {"uv": [52.6, 23.3], "uv_size": [-0.1, -0.25]},
								"down": {"uv": [52.6, 22.85], "uv_size": [-0.1, -0.25]}
							}
						},
						{
							"origin": [-3.1, 24.998, -3.99563],
							"size": [0.1, 1, 0.2],
							"uv": {
								"north": {"uv": [52, 22], "uv_size": [0.1, 0.5]},
								"east": {"uv": [52, 22.5], "uv_size": [0.5, 0.5]},
								"south": {"uv": [52, 22.5], "uv_size": [0.1, 0.5]},
								"west": {"uv": [52, 22.5], "uv_size": [0.5, 0.5]},
								"up": {"uv": [52.6, 23.3], "uv_size": [-0.1, -0.25]},
								"down": {"uv": [52.1, 23.25], "uv_size": [-0.1, -0.25]}
							}
						},
						{
							"origin": [3, 24.998, -3.99563],
							"size": [0.1, 1, 0.2],
							"uv": {
								"north": {"uv": [52.1, 22], "uv_size": [-0.1, 0.5]},
								"east": {"uv": [52.5, 22.5], "uv_size": [-0.5, 0.5]},
								"south": {"uv": [52.1, 22.5], "uv_size": [-0.1, 0.5]},
								"west": {"uv": [52.5, 22.5], "uv_size": [-0.5, 0.5]},
								"up": {"uv": [52.5, 23.3], "uv_size": [0.1, -0.25]},
								"down": {"uv": [52, 23.25], "uv_size": [0.1, -0.25]}
							}
						},
						{
							"origin": [-4, 24, -4],
							"size": [8, 8, 8],
							"uv": {
								"north": {"uv": [8, 8], "uv_size": [8, 8]},
								"east": {"uv": [0, 8], "uv_size": [8, 8]},
								"south": {"uv": [24, 8], "uv_size": [8, 8]},
								"west": {"uv": [16, 8], "uv_size": [8, 8]},
								"up": {"uv": [8, 0], "uv_size": [8, 8]},
								"down": {"uv": [16, 8], "uv_size": [8, -8]}
							}
						}
					]
				},
				{
					"name": "eye",
					"parent": "head",
					"pivot": [0, 0.01562, 0.00337]
				},
				{
					"name": "eye_r",
					"parent": "eye",
					"pivot": [0, 0.01562, 0.00337]
				},
				{
					"name": "eye_layer_x",
					"parent": "eye_r",
					"pivot": [-2, 27.01562, -3.89663],
					"cubes": [
						{
							"origin": [-3.1, 26.998, -3.99563],
							"size": [0.1, 1, 0.2],
							"uv": {
								"north": {"uv": [52, 22], "uv_size": [0.1, 0.5]},
								"east": {"uv": [52, 22.5], "uv_size": [0.5, 0.5]},
								"south": {"uv": [52, 22.5], "uv_size": [0.1, 0.5]},
								"west": {"uv": [52, 22.5], "uv_size": [0.5, 0.5]},
								"up": {"uv": [52.6, 23.3], "uv_size": [-0.1, -0.25]},
								"down": {"uv": [52.1, 23.25], "uv_size": [-0.1, -0.25]}
							}
						},
						{
							"origin": [-1, 26.998, -3.99563],
							"size": [0.1, 1, 0.2],
							"uv": {
								"north": {"uv": [52.4, 23.1], "uv_size": [0.1, 0.5]},
								"east": {"uv": [52.3, 22.6], "uv_size": [0.5, 0.5]},
								"south": {"uv": [52.5, 22.3], "uv_size": [0.1, 0.5]},
								"west": {"uv": [52.4, 22.6], "uv_size": [0.5, 0.5]},
								"up": {"uv": [52.6, 23.2], "uv_size": [-0.1, -0.25]},
								"down": {"uv": [52.4, 23.75], "uv_size": [-0.1, -0.25]}
							}
						}
					]
				},
				{
					"name": "eye_layer_y",
					"parent": "eye_r",
					"pivot": [0, 0.01562, 0.00337]
				},
				{
					"name": "top",
					"parent": "eye_layer_y",
					"pivot": [-2, 28.01562, -4.29663],
					"cubes": [
						{
							"origin": [-0.718, 27.81562, -3.99563],
							"size": [0.1, 2.2, 0.2],
							"pivot": [-0.9, 27.81562, -3.79663],
							"rotation": [0, 0, -90],
							"uv": {
								"north": {"uv": [52.4, 22.7], "uv_size": [0.1, 0.5]},
								"east": {"uv": [52.1, 22.8], "uv_size": [0.5, 0.5]},
								"south": {"uv": [52.4, 22.5], "uv_size": [0.1, 0.5]},
								"west": {"uv": [15.3, 9.6], "uv_size": [0.5, 0.5]},
								"up": {"uv": [52.6, 23.3], "uv_size": [-0.1, -0.25]},
								"down": {"uv": [52.6, 22.85], "uv_size": [-0.1, -0.25]}
							}
						}
					]
				},
				{
					"name": "down",
					"parent": "eye_layer_y",
					"pivot": [0, 0.01562, 0.00337],
					"cubes": [
						{
							"origin": [-1.818, 27.81562, -3.99563],
							"size": [0.1, 2.2, 0.2],
							"pivot": [-0.9, 27.81562, -3.79663],
							"rotation": [0, 0, -90],
							"uv": {
								"north": {"uv": [52.4, 22.4], "uv_size": [0.1, 0.5]},
								"east": {"uv": [13.3, 9.5], "uv_size": [0.5, 0.5]},
								"south": {"uv": [14.2, 9.4], "uv_size": [0.1, 0.5]},
								"west": {"uv": [52.3, 22.8], "uv_size": [0.5, 0.5]},
								"up": {"uv": [52.6, 22.8], "uv_size": [-0.1, -0.25]},
								"down": {"uv": [52.5, 22.85], "uv_size": [-0.1, -0.25]}
							}
						}
					]
				},
				{
					"name": "eye_l",
					"parent": "eye",
					"pivot": [0, 0.01562, 0.00337]
				},
				{
					"name": "eye_layer_x2",
					"parent": "eye_l",
					"pivot": [2, 27.01562, -3.89663],
					"cubes": [
						{
							"origin": [3, 26.998, -3.99563],
							"size": [0.1, 1, 0.2],
							"uv": {
								"north": {"uv": [52.1, 22], "uv_size": [-0.1, 0.5]},
								"east": {"uv": [52.5, 22.5], "uv_size": [-0.5, 0.5]},
								"south": {"uv": [52.1, 22.5], "uv_size": [-0.1, 0.5]},
								"west": {"uv": [52.5, 22.5], "uv_size": [-0.5, 0.5]},
								"up": {"uv": [52.5, 23.3], "uv_size": [0.1, -0.25]},
								"down": {"uv": [52, 23.25], "uv_size": [0.1, -0.25]}
							}
						},
						{
							"origin": [0.9, 26.998, -3.99563],
							"size": [0.1, 1, 0.2],
							"uv": {
								"north": {"uv": [52.5, 23.1], "uv_size": [-0.1, 0.5]},
								"east": {"uv": [52.9, 22.6], "uv_size": [-0.5, 0.5]},
								"south": {"uv": [52.6, 22.3], "uv_size": [-0.1, 0.5]},
								"west": {"uv": [52.8, 22.6], "uv_size": [-0.5, 0.5]},
								"up": {"uv": [52.5, 23.2], "uv_size": [0.1, -0.25]},
								"down": {"uv": [52.3, 23.75], "uv_size": [0.1, -0.25]}
							}
						}
					]
				},
				{
					"name": "eye_layer_y2",
					"parent": "eye_l",
					"pivot": [0, 0.01562, 0.00337]
				},
				{
					"name": "top2",
					"parent": "eye_layer_y2",
					"pivot": [2, 28.01562, -4.29663],
					"cubes": [
						{
							"origin": [0.618, 27.81562, -3.99563],
							"size": [0.1, 2.2, 0.2],
							"pivot": [0.9, 27.81562, -3.79663],
							"rotation": [0, 0, 90],
							"uv": {
								"north": {"uv": [52.5, 22.7], "uv_size": [-0.1, 0.5]},
								"east": {"uv": [15.8, 9.6], "uv_size": [-0.5, 0.5]},
								"south": {"uv": [52.5, 22.5], "uv_size": [-0.1, 0.5]},
								"west": {"uv": [52.6, 22.8], "uv_size": [-0.5, 0.5]},
								"up": {"uv": [52.5, 23.3], "uv_size": [0.1, -0.25]},
								"down": {"uv": [52.5, 22.85], "uv_size": [0.1, -0.25]}
							}
						}
					]
				},
				{
					"name": "down2",
					"parent": "eye_layer_y2",
					"pivot": [0, 0.01562, 0.00337],
					"cubes": [
						{
							"origin": [1.718, 27.81562, -3.99563],
							"size": [0.1, 2.2, 0.2],
							"pivot": [0.9, 27.81562, -3.79663],
							"rotation": [0, 0, 90],
							"uv": {
								"north": {"uv": [52.5, 22.4], "uv_size": [-0.1, 0.5]},
								"east": {"uv": [52.8, 22.8], "uv_size": [-0.5, 0.5]},
								"south": {"uv": [14.3, 9.4], "uv_size": [-0.1, 0.5]},
								"west": {"uv": [13.8, 9.5], "uv_size": [-0.5, 0.5]},
								"up": {"uv": [52.5, 22.8], "uv_size": [0.1, -0.25]},
								"down": {"uv": [52.4, 22.85], "uv_size": [0.1, -0.25]}
							}
						}
					]
				},
				{
					"name": "hat",
					"parent": "head",
					"pivot": [0, 24, 0],
					"cubes": [
						{
							"origin": [-4, 24, -4],
							"size": [8, 8, 8],
							"inflate": 0.5,
							"uv": {
								"north": {"uv": [40, 8], "uv_size": [8, 8]},
								"east": {"uv": [32, 8], "uv_size": [8, 8]},
								"south": {"uv": [56, 8], "uv_size": [8, 8]},
								"west": {"uv": [48, 8], "uv_size": [8, 8]},
								"up": {"uv": [40, 0], "uv_size": [8, 8]},
								"down": {"uv": [48, 8], "uv_size": [8, -8]}
							}
						}
					]
				},
				{
					"name": "quiver",
					"parent": "upper_body",
					"pivot": [0, 20, 0],
					"cubes": [
						{
							"origin": [0, 22, 2],
							"size": [1, 4, 1],
							"pivot": [0, 20, 0],
							"rotation": [0, 0, -40],
							"uv": {
								"north": {"uv": [0, 0], "uv_size": [3, 3]},
								"east": {"uv": [0, 3], "uv_size": [3, 3]},
								"south": {"uv": [0, 0], "uv_size": [3, 3]},
								"west": {"uv": [0, 3], "uv_size": [3, 3]},
								"up": {"uv": [6, 3], "uv_size": [-3, -3]},
								"down": {"uv": [6, 3], "uv_size": [-3, -3]}
							}
						},
						{
							"origin": [-2, 22, 2],
							"size": [1, 4, 1],
							"pivot": [0, 20, 0],
							"rotation": [0, 0, -40],
							"uv": {
								"north": {"uv": [0, 0], "uv_size": [3, 3]},
								"east": {"uv": [0, 3], "uv_size": [3, 3]},
								"south": {"uv": [0, 0], "uv_size": [3, 3]},
								"west": {"uv": [0, 3], "uv_size": [3, 3]},
								"up": {"uv": [6, 3], "uv_size": [-3, -3]},
								"down": {"uv": [6, 3], "uv_size": [-3, -3]}
							}
						},
						{
							"origin": [0, 22, 4],
							"size": [1, 4, 1],
							"pivot": [0, 20, 0],
							"rotation": [0, 0, -40],
							"uv": {
								"north": {"uv": [0, 0], "uv_size": [3, 3]},
								"east": {"uv": [0, 3], "uv_size": [3, 3]},
								"south": {"uv": [0, 0], "uv_size": [3, 3]},
								"west": {"uv": [0, 3], "uv_size": [3, 3]},
								"up": {"uv": [6, 3], "uv_size": [-3, -3]},
								"down": {"uv": [6, 3], "uv_size": [-3, -3]}
							}
						},
						{
							"origin": [-2, 22, 4],
							"size": [1, 4, 1],
							"pivot": [0, 20, 0],
							"rotation": [0, 0, -40],
							"uv": {
								"north": {"uv": [0, 0], "uv_size": [3, 3]},
								"east": {"uv": [0, 3], "uv_size": [3, 3]},
								"south": {"uv": [0, 0], "uv_size": [3, 3]},
								"west": {"uv": [0, 3], "uv_size": [3, 3]},
								"up": {"uv": [6, 3], "uv_size": [-3, -3]},
								"down": {"uv": [6, 3], "uv_size": [-3, -3]}
							}
						},
						{
							"origin": [-1, 22, 3],
							"size": [1, 4, 1],
							"pivot": [0, 20, 0],
							"rotation": [0, 0, -40],
							"uv": {
								"north": {"uv": [0, 0], "uv_size": [3, 3]},
								"east": {"uv": [0, 3], "uv_size": [3, 3]},
								"south": {"uv": [0, 0], "uv_size": [3, 3]},
								"west": {"uv": [0, 3], "uv_size": [3, 3]},
								"up": {"uv": [6, 3], "uv_size": [-3, -3]},
								"down": {"uv": [6, 3], "uv_size": [-3, -3]}
							}
						},
						{
							"origin": [-2, 15, 2],
							"size": [3, 7, 3],
							"pivot": [0, 20, 0],
							"rotation": [0, 0, -40],
							"uv": {
								"north": {"uv": [12, 21], "uv_size": [3, 11]},
								"east": {"uv": [12, 21], "uv_size": [3, 11]},
								"south": {"uv": [12, 21], "uv_size": [3, 11]},
								"west": {"uv": [12, 21], "uv_size": [3, 11]},
								"up": {"uv": [11.5, 26], "uv_size": [-3, -3]},
								"down": {"uv": [15, 32], "uv_size": [-3, -3]}
							}
						}
					]
				},
				{
					"name": "lower_body",
					"parent": "waist",
					"pivot": [-2, 12, 0]
				},
				{
					"name": "rightLeg",
					"parent": "lower_body",
					"pivot": [-2, 12, 0],
					"cubes": [
						{
							"origin": [-3, 0, -1],
							"size": [2, 12, 2],
							"uv": {
								"north": {"uv": [2, 18], "uv_size": [2, 12]},
								"east": {"uv": [0, 18], "uv_size": [2, 12]},
								"south": {"uv": [6, 18], "uv_size": [2, 12]},
								"west": {"uv": [4, 18], "uv_size": [2, 12]},
								"up": {"uv": [2, 16], "uv_size": [2, 2]},
								"down": {"uv": [4, 18], "uv_size": [2, -2]}
							}
						}
					]
				},
				{
					"name": "leftLeg",
					"parent": "lower_body",
					"pivot": [2, 12, 0],
					"cubes": [
						{
							"origin": [1, 0, -1],
							"size": [2, 12, 2],
							"uv": {
								"north": {"uv": [4, 18], "uv_size": [-2, 12]},
								"east": {"uv": [6, 18], "uv_size": [-2, 12]},
								"south": {"uv": [8, 18], "uv_size": [-2, 12]},
								"west": {"uv": [2, 18], "uv_size": [-2, 12]},
								"up": {"uv": [4, 16], "uv_size": [-2, 2]},
								"down": {"uv": [6, 18], "uv_size": [-2, -2]}
							}
						}
					]
				}
			]
		}
	]
}