{
	"format_version": "1.12.0",
	"minecraft:geometry": [
		{
			"description": {
				"identifier": "geometry.villager_v2_p",
				"texture_width": 64,
				"texture_height": 64,
				"visible_bounds_width": 3,
				"visible_bounds_height": 3,
				"visible_bounds_offset": [0, 1.5, 0]
			},
			"bones": [
				{
					"name": "Root",
					"pivot": [0, 0, 0]
				},
				{
					"name": "upper_body",
					"parent": "Root",
					"pivot": [0, 0, 0]
				},
				{
					"name": "body",
					"parent": "upper_body",
					"pivot": [0, 0, 0],
					"locators": {
						"lead_hold": [0, 40, 0]
					}
				},
				{
					"name": "body1",
					"parent": "body",
					"pivot": [0, 0, 0],
					"cubes": [
						{
							"origin": [-4.2, 12, -3.2],
							"size": [8.4, 12.3, 6.4],
							"uv": {
								"north": {"uv": [22, 26], "uv_size": [8, 12]},
								"east": {"uv": [16, 26], "uv_size": [6, 12]},
								"south": {"uv": [36, 26], "uv_size": [8, 12]},
								"west": {"uv": [30, 26], "uv_size": [6, 12]},
								"up": {"uv": [22, 20], "uv_size": [8, 6]},
								"down": {"uv": [30, 26], "uv_size": [8, -6]}
							}
						},
						{
							"origin": [-4.2, 6, -3.2],
							"size": [8.4, 18.1, 6.4],
							"inflate": 0.5,
							"uv": {
								"north": {"uv": [6, 44], "uv_size": [8, 18]},
								"east": {"uv": [0, 44], "uv_size": [6, 18]},
								"south": {"uv": [20, 44], "uv_size": [8, 18]},
								"west": {"uv": [14, 44], "uv_size": [6, 18]},
								"up": {"uv": [6, 38], "uv_size": [8, 6]},
								"down": {"uv": [14, 44], "uv_size": [8, -6]}
							}
						}
					]
				},
				{
					"name": "arms",
					"parent": "body",
					"pivot": [0, 22, 0],
					"cubes": [
						{
							"origin": [-3.8, 15.8, -2.2],
							"size": [7.6, 4.4, 4.4],
							"uv": {
								"north": {"uv": [44, 42], "uv_size": [8, 4]},
								"east": {"uv": [40, 42], "uv_size": [4, 4]},
								"south": {"uv": [56, 42], "uv_size": [8, 4]},
								"west": {"uv": [52, 42], "uv_size": [4, 4]},
								"up": {"uv": [44, 38], "uv_size": [8, 4]},
								"down": {"uv": [52, 42], "uv_size": [8, -4]}
							}
						},
						{
							"origin": [-8.2, 15.8, -2.2],
							"size": [4.4, 8.4, 4.4],
							"uv": {
								"north": {"uv": [48, 26], "uv_size": [4, 8]},
								"east": {"uv": [44, 26], "uv_size": [4, 8]},
								"south": {"uv": [56, 26], "uv_size": [4, 8]},
								"west": {"uv": [52, 26], "uv_size": [4, 8]},
								"up": {"uv": [48, 22], "uv_size": [4, 4]},
								"down": {"uv": [52, 26], "uv_size": [4, -4]}
							}
						},
						{
							"origin": [3.8, 15.8, -2.2],
							"size": [4.4, 8.4, 4.4],
							"uv": {
								"north": {"uv": [52, 26], "uv_size": [-4, 8]},
								"east": {"uv": [56, 26], "uv_size": [-4, 8]},
								"south": {"uv": [60, 26], "uv_size": [-4, 8]},
								"west": {"uv": [48, 26], "uv_size": [-4, 8]},
								"up": {"uv": [52, 22], "uv_size": [-4, 4]},
								"down": {"uv": [56, 26], "uv_size": [-4, -4]}
							}
						}
					]
				},
				{
					"name": "held_item",
					"parent": "arms",
					"pivot": [0, 0, 0]
				},
				{
					"name": "head",
					"parent": "upper_body",
					"pivot": [0, 24, 0],
					"cubes": [
						{
							"origin": [-4.1, 24, -4.1],
							"size": [8.2, 10.1, 8.2],
							"uv": {
								"north": {"uv": [8, 8], "uv_size": [8, 10]},
								"east": {"uv": [0, 8], "uv_size": [8, 10]},
								"south": {"uv": [24, 8], "uv_size": [8, 10]},
								"west": {"uv": [16, 8], "uv_size": [8, 10]},
								"up": {"uv": [8, 0], "uv_size": [8, 8]},
								"down": {"uv": [16, 8], "uv_size": [8, -8]}
							}
						},
						{
							"origin": [-8.2, 29.15, -7.95],
							"size": [16.4, 0.95, 16.25],
							"inflate": 0.1,
							"uv": {
								"north": {"uv": [47, 47], "uv_size": [16, 1]},
								"east": {"uv": [30, 48], "uv_size": [1, 16]},
								"south": {"uv": [31, 47], "uv_size": [16, 1]},
								"west": {"uv": [47, 48], "uv_size": [1, 16]},
								"up": {"uv": [31, 48], "uv_size": [16, 16]},
								"down": {"uv": [48, 64], "uv_size": [16, -16]}
							}
						}
					]
				},
				{
					"name": "helmet",
					"parent": "head",
					"pivot": [0, 24, 0],
					"cubes": [
						{
							"origin": [-4.1, 24, -4.1],
							"size": [8.2, 10, 8.2],
							"inflate": 0.5,
							"uv": {
								"north": {"uv": [40, 8], "uv_size": [8, 10]},
								"east": {"uv": [32, 8], "uv_size": [8, 10]},
								"south": {"uv": [56, 8], "uv_size": [8, 10]},
								"west": {"uv": [48, 8], "uv_size": [8, 10]},
								"up": {"uv": [40, 0], "uv_size": [8, 8]},
								"down": {"uv": [48, 8], "uv_size": [8, -8]}
							}
						}
					]
				},
				{
					"name": "brim",
					"parent": "head",
					"pivot": [0, 24, 0]
				},
				{
					"name": "lower_body",
					"parent": "Root",
					"pivot": [0, 0, 0]
				},
				{
					"name": "leg0",
					"parent": "lower_body",
					"pivot": [-2, 12, 0],
					"cubes": [
						{
							"origin": [-4.2, -0.2, -2.2],
							"size": [4.4, 12.3, 4.4],
							"uv": {
								"north": {"uv": [4, 26], "uv_size": [4, 12]},
								"east": {"uv": [0, 26], "uv_size": [4, 12]},
								"south": {"uv": [12, 26], "uv_size": [4, 12]},
								"west": {"uv": [8, 26], "uv_size": [4, 12]},
								"up": {"uv": [4, 22], "uv_size": [4, 4]},
								"down": {"uv": [8, 26], "uv_size": [4, -4]}
							}
						}
					]
				},
				{
					"name": "leg1",
					"parent": "lower_body",
					"pivot": [2, 12, 0],
					"cubes": [
						{
							"origin": [-0.2, -0.2, -2.2],
							"size": [4.4, 12.3, 4.4],
							"uv": {
								"north": {"uv": [8, 26], "uv_size": [-4, 12]},
								"east": {"uv": [12, 26], "uv_size": [-4, 12]},
								"south": {"uv": [16, 26], "uv_size": [-4, 12]},
								"west": {"uv": [4, 26], "uv_size": [-4, 12]},
								"up": {"uv": [8, 22], "uv_size": [-4, 4]},
								"down": {"uv": [12, 26], "uv_size": [-4, -4]}
							}
						}
					]
				}
			]
		}
	]
}