{
	"format_version": "1.12.0",
	"minecraft:geometry": [
		{
			"description": {
				"identifier": "geometry.wolf",
				"texture_width": 64,
				"texture_height": 32,
				"visible_bounds_width": 3,
				"visible_bounds_height": 2,
				"visible_bounds_offset": [0, 1, 0]
			},
			"bones": [
				{
					"name": "Root",
					"pivot": [0, 6, 1]
				},
				{
					"name": "upper_body",
					"parent": "Root",
					"pivot": [0, 6.8264, 1],
					"rotation": [0.478, 0, 0]
				},
				{
					"name": "body1",
					"parent": "upper_body",
					"pivot": [0, 9.8264, 2],
					"rotation": [90, 0, 0],
					"cubes": [
						{
							"origin": [-4, 2.8264, -1],
							"size": [6, 9, 6],
							"uv": {
								"north": {"uv": [24, 20], "uv_size": [6, 9]},
								"east": {"uv": [18, 20], "uv_size": [6, 9]},
								"south": {"uv": [36, 20], "uv_size": [6, 9]},
								"west": {"uv": [30, 20], "uv_size": [6, 9]},
								"up": {"uv": [24, 14], "uv_size": [6, 6]},
								"down": {"uv": [30, 20], "uv_size": [6, -6]}
							}
						}
					]
				},
				{
					"name": "body2",
					"parent": "upper_body",
					"pivot": [-1, 9.8264, -3],
					"rotation": [90, 0, 0],
					"cubes": [
						{
							"origin": [-5, 6.8264, -6],
							"size": [8, 6, 7],
							"uv": {
								"north": {"uv": [28, 7], "uv_size": [8, 6]},
								"east": {"uv": [21, 7], "uv_size": [7, 6]},
								"south": {"uv": [43, 7], "uv_size": [8, 6]},
								"west": {"uv": [36, 7], "uv_size": [7, 6]},
								"up": {"uv": [28, 0], "uv_size": [8, 7]},
								"down": {"uv": [36, 7], "uv_size": [8, -7]}
							}
						}
					]
				},
				{
					"name": "head",
					"parent": "upper_body",
					"pivot": [-1, 10.3, -7.5],
					"rotation": [0.2024, 0, 0],
					"cubes": [
						{
							"origin": [-4, 7.3, -9.5],
							"size": [6, 6, 4],
							"uv": {
								"north": {"uv": [4, 4], "uv_size": [6, 6]},
								"east": {"uv": [0, 4], "uv_size": [4, 6]},
								"south": {"uv": [14, 4], "uv_size": [6, 6]},
								"west": {"uv": [10, 4], "uv_size": [4, 6]},
								"up": {"uv": [4, 0], "uv_size": [6, 4]},
								"down": {"uv": [10, 4], "uv_size": [6, -4]}
							}
						}
					],
					"locators": {
						"lead": [-1, 10.3, -7.5]
					}
				},
				{
					"name": "mouth",
					"parent": "head",
					"pivot": [-1.1, 7.2, -11],
					"cubes": [
						{
							"origin": [-2.5, 7.31563, -12.5],
							"size": [3, 3, 4],
							"uv": {
								"north": {"uv": [4, 14], "uv_size": [3, 3]},
								"east": {"uv": [0, 14], "uv_size": [4, 3]},
								"south": {"uv": [11, 14], "uv_size": [3, 3]},
								"west": {"uv": [7, 14], "uv_size": [4, 3]},
								"up": {"uv": [4, 10], "uv_size": [3, 4]},
								"down": {"uv": [7, 14], "uv_size": [3, -4]}
							}
						}
					]
				},
				{
					"name": "ears",
					"parent": "head",
					"pivot": [0, -0.2, 0]
				},
				{
					"name": "left",
					"parent": "ears",
					"pivot": [1, 13.3, -7],
					"cubes": [
						{
							"origin": [0, 13.3, -7.5],
							"size": [2, 2, 1],
							"uv": {
								"north": {"uv": [17, 15], "uv_size": [2, 2]},
								"east": {"uv": [16, 15], "uv_size": [1, 2]},
								"south": {"uv": [20, 15], "uv_size": [2, 2]},
								"west": {"uv": [19, 15], "uv_size": [1, 2]},
								"up": {"uv": [17, 14], "uv_size": [2, 1]},
								"down": {"uv": [19, 15], "uv_size": [2, -1]}
							}
						}
					]
				},
				{
					"name": "right",
					"parent": "ears",
					"pivot": [-3, 13.3, -7],
					"cubes": [
						{
							"origin": [-4, 13.3, -7.5],
							"size": [2, 2, 1],
							"uv": {
								"north": {"uv": [17, 15], "uv_size": [2, 2]},
								"east": {"uv": [16, 15], "uv_size": [1, 2]},
								"south": {"uv": [20, 15], "uv_size": [2, 2]},
								"west": {"uv": [19, 15], "uv_size": [1, 2]},
								"up": {"uv": [17, 14], "uv_size": [2, 1]},
								"down": {"uv": [19, 15], "uv_size": [2, -1]}
							}
						}
					]
				},
				{
					"name": "eyes",
					"parent": "head",
					"pivot": [0, -0.2, 0]
				},
				{
					"name": "eye_right",
					"parent": "eyes",
					"pivot": [-3, 10.3, -9.5],
					"cubes": [
						{
							"origin": [-4, 10.3, -9.5166],
							"size": [2, 1, 0.02],
							"uv": {
								"north": {"uv": [1, 1], "uv_size": [2, 1]},
								"east": {"uv": [1, 1], "uv_size": [0.02, 1]},
								"south": {"uv": [1, 1], "uv_size": [2, 1]},
								"west": {"uv": [3, 1], "uv_size": [0.02, 1]},
								"up": {"uv": [3, 1.02], "uv_size": [-2, -0.02]},
								"down": {"uv": [3, 1.02], "uv_size": [-2, -0.02]}
							}
						}
					]
				},
				{
					"name": "eye_left",
					"parent": "eyes",
					"pivot": [1, 10.3, -9.5],
					"cubes": [
						{
							"origin": [0, 10.3, -9.5166],
							"size": [2, 1, 0.02],
							"uv": {
								"north": {"uv": [3, 1], "uv_size": [-2, 1]},
								"east": {"uv": [3.02, 1], "uv_size": [-0.02, 1]},
								"south": {"uv": [3, 1], "uv_size": [-2, 1]},
								"west": {"uv": [1.02, 1], "uv_size": [-0.02, 1]},
								"up": {"uv": [1, 1.02], "uv_size": [2, -0.02]},
								"down": {"uv": [1, 1.02], "uv_size": [2, -0.02]}
							}
						}
					]
				},
				{
					"name": "eye_right2",
					"parent": "eyes",
					"pivot": [-2.5, 11.29992, -9.58694],
					"cubes": [
						{
							"origin": [-3, 11.29992, -9.51541],
							"size": [1, 1, 0.02],
							"uv": {
								"north": {"uv": [1, 1], "uv_size": [2, 1]},
								"east": {"uv": [1, 1], "uv_size": [0.02, 1]},
								"south": {"uv": [1, 1], "uv_size": [2, 1]},
								"west": {"uv": [3, 1], "uv_size": [0.02, 1]},
								"up": {"uv": [3, 1.02], "uv_size": [-2, -0.02]},
								"down": {"uv": [3, 1.02], "uv_size": [-2, -0.02]}
							}
						}
					]
				},
				{
					"name": "eye_left2",
					"parent": "eyes",
					"pivot": [0.5, 11.29992, -9.58694],
					"cubes": [
						{
							"origin": [0, 11.29992, -9.51541],
							"size": [1, 1, 0.02],
							"uv": {
								"north": {"uv": [3, 1], "uv_size": [-2, 1]},
								"east": {"uv": [3.02, 1], "uv_size": [-0.02, 1]},
								"south": {"uv": [3, 1], "uv_size": [-2, 1]},
								"west": {"uv": [1.02, 1], "uv_size": [-0.02, 1]},
								"up": {"uv": [1, 1.02], "uv_size": [2, -0.02]},
								"down": {"uv": [1, 1.02], "uv_size": [2, -0.02]}
							}
						}
					]
				},
				{
					"name": "eyelids",
					"parent": "head",
					"pivot": [0, -0.2, 0]
				},
				{
					"name": "eyelid_right",
					"parent": "eyelids",
					"pivot": [-3, 12.3, -9.5],
					"cubes": [
						{
							"origin": [-4, 11.3, -9.5386],
							"size": [2, 1, 0.04],
							"uv": {
								"north": {"uv": [0, 11], "uv_size": [2, 1]},
								"east": {"uv": [1, 11], "uv_size": [0.04, 1]},
								"south": {"uv": [0, 11], "uv_size": [2, 1]},
								"west": {"uv": [2, 11], "uv_size": [0.04, 1]},
								"up": {"uv": [2, 11.04], "uv_size": [-2, -0.04]},
								"down": {"uv": [2, 11.04], "uv_size": [-2, -0.04]}
							}
						}
					]
				},
				{
					"name": "eyelid_left",
					"parent": "eyelids",
					"pivot": [1, 12.3, -9.5],
					"cubes": [
						{
							"origin": [0, 11.3, -9.5386],
							"size": [2, 1, 0.04],
							"uv": {
								"north": {"uv": [2, 11], "uv_size": [-2, 1]},
								"east": {"uv": [2.04, 11], "uv_size": [-0.04, 1]},
								"south": {"uv": [2, 11], "uv_size": [-2, 1]},
								"west": {"uv": [1.04, 11], "uv_size": [-0.04, 1]},
								"up": {"uv": [0, 11.04], "uv_size": [2, -0.04]},
								"down": {"uv": [0, 11.04], "uv_size": [2, -0.04]}
							}
						}
					]
				},
				{
					"name": "eyeballs",
					"parent": "head",
					"pivot": [0, -0.2, 0]
				},
				{
					"name": "eyeball_right",
					"parent": "eyeballs",
					"pivot": [-2.5, 10.8, -9.5],
					"cubes": [
						{
							"origin": [-3, 10.3, -9.5336],
							"size": [1, 1, 0.02],
							"uv": {
								"north": {"uv": [1, 2], "uv_size": [1, 1]},
								"east": {"uv": [2, 2], "uv_size": [0.02, 1]},
								"south": {"uv": [1, 2], "uv_size": [1, 1]},
								"west": {"uv": [1, 2], "uv_size": [0.02, 1]},
								"up": {"uv": [2, 3.02], "uv_size": [-1, -0.02]},
								"down": {"uv": [2, 2.02], "uv_size": [-1, -0.02]}
							}
						}
					]
				},
				{
					"name": "eyeball_left",
					"parent": "eyeballs",
					"pivot": [0.5, 10.8, -9.5],
					"cubes": [
						{
							"origin": [0, 10.3, -9.5336],
							"size": [1, 1, 0.02],
							"uv": {
								"north": {"uv": [2, 2], "uv_size": [-1, 1]},
								"east": {"uv": [1.02, 2], "uv_size": [-0.02, 1]},
								"south": {"uv": [2, 2], "uv_size": [-1, 1]},
								"west": {"uv": [2.02, 2], "uv_size": [-0.02, 1]},
								"up": {"uv": [1, 3.02], "uv_size": [1, -0.02]},
								"down": {"uv": [1, 2.02], "uv_size": [1, -0.02]}
							}
						}
					]
				},
				{
					"name": "tail",
					"parent": "upper_body",
					"pivot": [-1, 11.8264, 9],
					"cubes": [
						{
							"origin": [-2, 3.8264, 8],
							"size": [2, 8, 2],
							"uv": {
								"north": {"uv": [11, 20], "uv_size": [2, 8]},
								"east": {"uv": [9, 20], "uv_size": [2, 8]},
								"south": {"uv": [15, 20], "uv_size": [2, 8]},
								"west": {"uv": [13, 20], "uv_size": [2, 8]},
								"up": {"uv": [11, 18], "uv_size": [2, 2]},
								"down": {"uv": [13, 20], "uv_size": [2, -2]}
							}
						}
					]
				},
				{
					"name": "lower_body",
					"parent": "Root",
					"pivot": [0, 0, 0]
				},
				{
					"name": "leg0",
					"parent": "lower_body",
					"pivot": [-2.5, 8, 7],
					"cubes": [
						{
							"origin": [-3.5, 0, 6],
							"size": [2, 8, 2],
							"uv": {
								"north": {"uv": [2, 20], "uv_size": [2, 8]},
								"east": {"uv": [0, 20], "uv_size": [2, 8]},
								"south": {"uv": [6, 20], "uv_size": [2, 8]},
								"west": {"uv": [4, 20], "uv_size": [2, 8]},
								"up": {"uv": [2, 18], "uv_size": [2, 2]},
								"down": {"uv": [4, 20], "uv_size": [2, -2]}
							}
						}
					]
				},
				{
					"name": "leg1",
					"parent": "lower_body",
					"pivot": [0.5, 8, 7],
					"cubes": [
						{
							"origin": [-0.5, 0, 6],
							"size": [2, 8, 2],
							"uv": {
								"north": {"uv": [2, 20], "uv_size": [2, 8]},
								"east": {"uv": [0, 20], "uv_size": [2, 8]},
								"south": {"uv": [6, 20], "uv_size": [2, 8]},
								"west": {"uv": [4, 20], "uv_size": [2, 8]},
								"up": {"uv": [2, 18], "uv_size": [2, 2]},
								"down": {"uv": [4, 20], "uv_size": [2, -2]}
							}
						}
					]
				},
				{
					"name": "leg2",
					"parent": "lower_body",
					"pivot": [-2.5, 8, -4],
					"cubes": [
						{
							"origin": [-3.5, 0, -5],
							"size": [2, 8, 2],
							"uv": {
								"north": {"uv": [2, 20], "uv_size": [2, 8]},
								"east": {"uv": [0, 20], "uv_size": [2, 8]},
								"south": {"uv": [6, 20], "uv_size": [2, 8]},
								"west": {"uv": [4, 20], "uv_size": [2, 8]},
								"up": {"uv": [2, 18], "uv_size": [2, 2]},
								"down": {"uv": [4, 20], "uv_size": [2, -2]}
							}
						}
					]
				},
				{
					"name": "leg3",
					"parent": "lower_body",
					"pivot": [0.5, 8, -4],
					"cubes": [
						{
							"origin": [-0.5, 0, -5],
							"size": [2, 8, 2],
							"uv": {
								"north": {"uv": [2, 20], "uv_size": [2, 8]},
								"east": {"uv": [0, 20], "uv_size": [2, 8]},
								"south": {"uv": [6, 20], "uv_size": [2, 8]},
								"west": {"uv": [4, 20], "uv_size": [2, 8]},
								"up": {"uv": [2, 18], "uv_size": [2, 2]},
								"down": {"uv": [4, 20], "uv_size": [2, -2]}
							}
						}
					]
				}
			]
		}
	]
}