{
	"format_version": "1.12.0",
	"minecraft:geometry": [
		{
			"description": {
				"identifier": "geometry.zombie.villager_v2",
				"texture_width": 64,
				"texture_height": 64,
				"visible_bounds_width": 3,
				"visible_bounds_height": 3,
				"visible_bounds_offset": [0, 1.5, 0]
			},
			"bones": [
				{
					"name": "waist",
					"pivot": [0, 12, 0]
				},
				{
					"name": "upper_body",
					"parent": "waist",
					"pivot": [0, 11.9, 0]
				},
				{
					"name": "body",
					"parent": "upper_body",
					"pivot": [0, 24, 0]
				},
				{
					"name": "body1",
					"parent": "body",
					"pivot": [0, 0, 0],
					"cubes": [
						{
							"origin": [-4, 12, -3],
							"size": [8, 12, 6],
							"uv": {
								"north": {"uv": [22, 26], "uv_size": [8, 12]},
								"east": {"uv": [16, 26], "uv_size": [6, 12]},
								"south": {"uv": [36, 26], "uv_size": [8, 12]},
								"west": {"uv": [30, 26], "uv_size": [6, 12]},
								"up": {"uv": [22, 20], "uv_size": [8, 6]},
								"down": {"uv": [30, 26], "uv_size": [8, -6]}
							}
						},
						{
							"origin": [-4, 6, -3],
							"size": [8, 18, 6],
							"inflate": 0.5,
							"uv": {
								"north": {"uv": [6, 44], "uv_size": [8, 18]},
								"east": {"uv": [0, 44], "uv_size": [6, 18]},
								"south": {"uv": [20, 44], "uv_size": [8, 18]},
								"west": {"uv": [14, 44], "uv_size": [6, 18]},
								"up": {"uv": [6, 38], "uv_size": [8, 6]},
								"down": {"uv": [14, 44], "uv_size": [8, -6]}
							}
						}
					]
				},
				{
					"name": "rightArm",
					"parent": "body",
					"pivot": [-5, 22, 0],
					"cubes": [
						{
							"origin": [-8, 12, -2],
							"size": [4, 12, 4],
							"uv": {
								"north": {"uv": [48, 26], "uv_size": [4, 12]},
								"east": {"uv": [44, 26], "uv_size": [4, 12]},
								"south": {"uv": [56, 26], "uv_size": [4, 12]},
								"west": {"uv": [52, 26], "uv_size": [4, 12]},
								"up": {"uv": [48, 22], "uv_size": [4, 4]},
								"down": {"uv": [52, 26], "uv_size": [4, -4]}
							}
						}
					]
				},
				{
					"name": "rightItem",
					"parent": "rightArm",
					"pivot": [-6, 15, 1]
				},
				{
					"name": "leftArm",
					"parent": "body",
					"pivot": [5, 22, 0],
					"cubes": [
						{
							"origin": [4, 12, -2],
							"size": [4, 12, 4],
							"uv": {
								"north": {"uv": [52, 26], "uv_size": [-4, 12]},
								"east": {"uv": [56, 26], "uv_size": [-4, 12]},
								"south": {"uv": [60, 26], "uv_size": [-4, 12]},
								"west": {"uv": [48, 26], "uv_size": [-4, 12]},
								"up": {"uv": [52, 22], "uv_size": [-4, 4]},
								"down": {"uv": [56, 26], "uv_size": [-4, -4]}
							}
						}
					]
				},
				{
					"name": "leftItem",
					"parent": "leftArm",
					"pivot": [6, 15, 1]
				},
				{
					"name": "head",
					"parent": "upper_body",
					"pivot": [0, 24, 0],
					"cubes": [
						{
							"origin": [-4, 24, -4],
							"size": [8, 10, 8],
							"inflate": 0.25,
							"uv": {
								"north": {"uv": [8, 8], "uv_size": [8, 10]},
								"east": {"uv": [0, 8], "uv_size": [8, 10]},
								"south": {"uv": [24, 8], "uv_size": [8, 10]},
								"west": {"uv": [16, 8], "uv_size": [8, 10]},
								"up": {"uv": [8, 0], "uv_size": [8, 8]},
								"down": {"uv": [16, 8], "uv_size": [8, -8]}
							}
						}
					]
				},
				{
					"name": "nose",
					"parent": "head",
					"pivot": [0, 27.3, -4.2],
					"cubes": [
						{
							"origin": [-1, 23, -6],
							"size": [2, 4, 2],
							"inflate": 0.25,
							"uv": {
								"north": {"uv": [26, 2], "uv_size": [2, 4]},
								"east": {"uv": [24, 2], "uv_size": [2, 4]},
								"south": {"uv": [30, 2], "uv_size": [2, 4]},
								"west": {"uv": [28, 2], "uv_size": [2, 4]},
								"up": {"uv": [26, 0], "uv_size": [2, 2]},
								"down": {"uv": [28, 2], "uv_size": [2, -2]}
							}
						}
					]
				},
				{
					"name": "helmet",
					"parent": "head",
					"pivot": [0, 24, 0],
					"cubes": [
						{
							"origin": [-4, 24, -4],
							"size": [8, 10, 8],
							"inflate": 0.5,
							"uv": {
								"north": {"uv": [40, 8], "uv_size": [8, 10]},
								"east": {"uv": [32, 8], "uv_size": [8, 10]},
								"south": {"uv": [56, 8], "uv_size": [8, 10]},
								"west": {"uv": [48, 8], "uv_size": [8, 10]},
								"up": {"uv": [40, 0], "uv_size": [8, 8]},
								"down": {"uv": [48, 8], "uv_size": [8, -8]}
							}
						}
					]
				},
				{
					"name": "brim",
					"parent": "head",
					"pivot": [0, 24, 0],
					"cubes": [
						{
							"origin": [-8, 16, -6],
							"size": [16, 16, 1],
							"inflate": 0.1,
							"uv": {
								"north": {"uv": [31, 48], "uv_size": [16, 16]},
								"east": {"uv": [30, 48], "uv_size": [1, 16]},
								"south": {"uv": [48, 48], "uv_size": [16, 16]},
								"west": {"uv": [47, 48], "uv_size": [1, 16]},
								"up": {"uv": [31, 47], "uv_size": [16, 1]},
								"down": {"uv": [47, 48], "uv_size": [16, -1]}
							}
						}
					]
				},
				{
					"name": "eye",
					"parent": "head",
					"pivot": [0, 0, 0]
				},
				{
					"name": "eye_right",
					"parent": "eye",
					"pivot": [0, 0, 0]
				},
				{
					"name": "eye_r",
					"parent": "eye_right",
					"pivot": [-2.1, 26.9, -4.4]
				},
				{
					"name": "right",
					"parent": "eye_r",
					"pivot": [0, 0, 0],
					"cubes": [
						{
							"origin": [-3.2, 26.9, -4.175],
							"size": [2.14, 1.05, 0.4],
							"uv": {
								"north": {"uv": [4, 2], "uv_size": [2.14, 1.05]},
								"east": {"uv": [5, 2], "uv_size": [0.4, 1.05]},
								"south": {"uv": [4, 1], "uv_size": [2.14, 1.05]},
								"west": {"uv": [5, 2], "uv_size": [0.4, 1.05]},
								"up": {"uv": [6.14, 1.4], "uv_size": [-2.14, -0.4]},
								"down": {"uv": [6.14, 2.4], "uv_size": [-2.14, -0.4]}
							}
						}
					]
				},
				{
					"name": "eye_layer_x",
					"parent": "eye_right",
					"pivot": [-2.1, 26.9, -4.2],
					"cubes": [
						{
							"origin": [-3.3, 26.82, -4.245],
							"size": [0.1, 1.25, 0.5],
							"uv": {
								"north": {"uv": [2, 1], "uv_size": [0.1, 1.3]},
								"east": {"uv": [2, 1], "uv_size": [0.6, 1.3]},
								"south": {"uv": [2, 1], "uv_size": [0.1, 1.3]},
								"west": {"uv": [2, 1], "uv_size": [0.6, 1.3]},
								"up": {"uv": [2.1, 1.6], "uv_size": [-0.1, -0.6]},
								"down": {"uv": [2.1, 1.6], "uv_size": [-0.1, -0.6]}
							}
						},
						{
							"origin": [-1.06, 26.82, -4.245],
							"size": [0.1, 1.25, 0.5],
							"uv": {
								"north": {"uv": [2, 1], "uv_size": [0.1, 1.3]},
								"east": {"uv": [2, 1], "uv_size": [0.6, 1.3]},
								"south": {"uv": [2, 1], "uv_size": [0.1, 1.3]},
								"west": {"uv": [2, 1], "uv_size": [0.6, 1.3]},
								"up": {"uv": [2.1, 1.6], "uv_size": [-0.1, -0.6]},
								"down": {"uv": [2.1, 1.6], "uv_size": [-0.1, -0.6]}
							}
						}
					]
				},
				{
					"name": "eye_layer_y",
					"parent": "eye_right",
					"pivot": [0, 0, 0]
				},
				{
					"name": "top",
					"parent": "eye_layer_y",
					"pivot": [-2.1, 28, -4.2],
					"cubes": [
						{
							"origin": [0.1495, 26.86, -4.245],
							"size": [0.1, 2.2, 0.5],
							"pivot": [-1, 26.8, -4.2],
							"rotation": [0, 0, -90],
							"uv": {
								"north": {"uv": [2, 1], "uv_size": [0.1, 1.3]},
								"east": {"uv": [2, 1], "uv_size": [0.6, 1.3]},
								"south": {"uv": [2, 1], "uv_size": [0.1, 1.3]},
								"west": {"uv": [2, 1], "uv_size": [0.6, 1.3]},
								"up": {"uv": [2.1, 1.6], "uv_size": [-0.1, -0.6]},
								"down": {"uv": [2.1, 1.6], "uv_size": [-0.1, -0.6]}
							}
						}
					]
				},
				{
					"name": "down",
					"parent": "eye_layer_y",
					"pivot": [0, 0, 0],
					"cubes": [
						{
							"origin": [-1.003, 26.86, -4.245],
							"size": [0.1, 2.2, 0.5],
							"pivot": [-1, 26.8, -4.2],
							"rotation": [0, 0, -90],
							"uv": {
								"north": {"uv": [2, 1], "uv_size": [0.1, 1.3]},
								"east": {"uv": [2, 1], "uv_size": [0.6, 1.3]},
								"south": {"uv": [2, 1], "uv_size": [0.1, 1.3]},
								"west": {"uv": [2, 1], "uv_size": [0.6, 1.3]},
								"up": {"uv": [2.1, 1.6], "uv_size": [-0.1, -0.6]},
								"down": {"uv": [2.1, 1.6], "uv_size": [-0.1, -0.6]}
							}
						}
					]
				},
				{
					"name": "eye_left",
					"parent": "eye",
					"pivot": [0, 0, 0]
				},
				{
					"name": "eye_l",
					"parent": "eye_left",
					"pivot": [2.1, 26.9, -4.4]
				},
				{
					"name": "left",
					"parent": "eye_l",
					"pivot": [2.1, 26.9, -4.2],
					"cubes": [
						{
							"origin": [1.06, 26.9, -4.175],
							"size": [2.14, 1.05, 0.4],
							"uv": {
								"north": {"uv": [6.14, 2], "uv_size": [-2.14, 1.05]},
								"east": {"uv": [5.4, 2], "uv_size": [-0.4, 1.05]},
								"south": {"uv": [6.14, 1], "uv_size": [-2.14, 1.05]},
								"west": {"uv": [5.4, 2], "uv_size": [-0.4, 1.05]},
								"up": {"uv": [4, 1.4], "uv_size": [2.14, -0.4]},
								"down": {"uv": [4, 2.4], "uv_size": [2.14, -0.4]}
							}
						}
					]
				},
				{
					"name": "eye_layer_x2",
					"parent": "eye_left",
					"pivot": [2.1, 26.9, -4.2],
					"cubes": [
						{
							"origin": [3.2, 26.82, -4.245],
							"size": [0.1, 1.25, 0.5],
							"uv": {
								"north": {"uv": [2.1, 1], "uv_size": [-0.1, 1.3]},
								"east": {"uv": [2.6, 1], "uv_size": [-0.6, 1.3]},
								"south": {"uv": [2.1, 1], "uv_size": [-0.1, 1.3]},
								"west": {"uv": [2.6, 1], "uv_size": [-0.6, 1.3]},
								"up": {"uv": [2, 1.6], "uv_size": [0.1, -0.6]},
								"down": {"uv": [2, 1.6], "uv_size": [0.1, -0.6]}
							}
						},
						{
							"origin": [0.96, 26.82, -4.245],
							"size": [0.1, 1.25, 0.5],
							"uv": {
								"north": {"uv": [2.1, 1], "uv_size": [-0.1, 1.3]},
								"east": {"uv": [2.6, 1], "uv_size": [-0.6, 1.3]},
								"south": {"uv": [2.1, 1], "uv_size": [-0.1, 1.3]},
								"west": {"uv": [2.6, 1], "uv_size": [-0.6, 1.3]},
								"up": {"uv": [2, 1.6], "uv_size": [0.1, -0.6]},
								"down": {"uv": [2, 1.6], "uv_size": [0.1, -0.6]}
							}
						}
					]
				},
				{
					"name": "eye_layer_y2",
					"parent": "eye_left",
					"pivot": [0, 0, 0]
				},
				{
					"name": "top2",
					"parent": "eye_layer_y2",
					"pivot": [2.1, 28, -4.2],
					"cubes": [
						{
							"origin": [-0.2495, 26.86, -4.245],
							"size": [0.1, 2.2, 0.5],
							"pivot": [1, 26.8, -4.2],
							"rotation": [0, 0, 90],
							"uv": {
								"north": {"uv": [2.1, 1], "uv_size": [-0.1, 1.3]},
								"east": {"uv": [2.6, 1], "uv_size": [-0.6, 1.3]},
								"south": {"uv": [2.1, 1], "uv_size": [-0.1, 1.3]},
								"west": {"uv": [2.6, 1], "uv_size": [-0.6, 1.3]},
								"up": {"uv": [2, 1.6], "uv_size": [0.1, -0.6]},
								"down": {"uv": [2, 1.6], "uv_size": [0.1, -0.6]}
							}
						}
					]
				},
				{
					"name": "down2",
					"parent": "eye_layer_y2",
					"pivot": [0, 0, 0],
					"cubes": [
						{
							"origin": [0.903, 26.86, -4.245],
							"size": [0.1, 2.2, 0.5],
							"pivot": [1, 26.8, -4.2],
							"rotation": [0, 0, 90],
							"uv": {
								"north": {"uv": [2.1, 1], "uv_size": [-0.1, 1.3]},
								"east": {"uv": [2.6, 1], "uv_size": [-0.6, 1.3]},
								"south": {"uv": [2.1, 1], "uv_size": [-0.1, 1.3]},
								"west": {"uv": [2.6, 1], "uv_size": [-0.6, 1.3]},
								"up": {"uv": [2, 1.6], "uv_size": [0.1, -0.6]},
								"down": {"uv": [2, 1.6], "uv_size": [0.1, -0.6]}
							}
						}
					]
				},
				{
					"name": "eyeball",
					"parent": "head",
					"pivot": [0, 0, 0]
				},
				{
					"name": "eyeball_right",
					"parent": "eyeball",
					"pivot": [-1.6, 27.4, -4.2],
					"cubes": [
						{
							"origin": [-2.12, 26.9, -4.21],
							"size": [1.06, 1.05, 0.05],
							"uv": {
								"north": {"uv": [1.06, 3], "uv_size": [1.06, 1.05]},
								"east": {"uv": [2.05, 3], "uv_size": [0.05, 1.05]},
								"south": {"uv": [1.06, 3], "uv_size": [1.06, 1.05]},
								"west": {"uv": [2.05, 3], "uv_size": [0.05, 1.05]},
								"up": {"uv": [2.12, 3.05], "uv_size": [-1.06, -0.05]},
								"down": {"uv": [2.12, 3.05], "uv_size": [-1.06, -0.05]}
							}
						}
					]
				},
				{
					"name": "eyeball_left",
					"parent": "eyeball",
					"pivot": [1.6, 27.4, -4.2],
					"cubes": [
						{
							"origin": [1.06, 26.9, -4.21],
							"size": [1.06, 1.05, 0.05],
							"uv": {
								"north": {"uv": [2.12, 3], "uv_size": [-1.06, 1.05]},
								"east": {"uv": [2.1, 3], "uv_size": [-0.05, 1.05]},
								"south": {"uv": [2.12, 3], "uv_size": [-1.06, 1.05]},
								"west": {"uv": [2.1, 3], "uv_size": [-0.05, 1.05]},
								"up": {"uv": [1.06, 3.05], "uv_size": [1.06, -0.05]},
								"down": {"uv": [1.06, 3.05], "uv_size": [1.06, -0.05]}
							}
						}
					]
				},
				{
					"name": "eyelids",
					"parent": "head",
					"pivot": [0, 0, 0]
				},
				{
					"name": "eyelid_right",
					"parent": "eyelids",
					"pivot": [-2.1, 28, -4.3],
					"cubes": [
						{
							"origin": [-3.2, 28, -4.233],
							"size": [2.14, 1.05, 0.01],
							"uv": {
								"north": {"uv": [4, 5], "uv_size": [2.14, 1.05]},
								"east": {"uv": [5, 5], "uv_size": [0.4, 1.05]},
								"south": {"uv": [4, 5], "uv_size": [2.14, 1.05]},
								"west": {"uv": [5, 5], "uv_size": [0.4, 1.05]},
								"up": {"uv": [6.14, 5.4], "uv_size": [-2.14, -0.4]},
								"down": {"uv": [6.14, 5.4], "uv_size": [-2.14, -0.4]}
							}
						}
					]
				},
				{
					"name": "eyelid_left",
					"parent": "eyelids",
					"pivot": [2.1, 28, -4.3],
					"cubes": [
						{
							"origin": [1.06, 28, -4.233],
							"size": [2.14, 1.05, 0.01],
							"uv": {
								"north": {"uv": [6.14, 5], "uv_size": [-2.14, 1.05]},
								"east": {"uv": [5.4, 5], "uv_size": [-0.4, 1.05]},
								"south": {"uv": [6.14, 5], "uv_size": [-2.14, 1.05]},
								"west": {"uv": [5.4, 5], "uv_size": [-0.4, 1.05]},
								"up": {"uv": [4, 5.4], "uv_size": [2.14, -0.4]},
								"down": {"uv": [4, 5.4], "uv_size": [2.14, -0.4]}
							}
						}
					]
				},
				{
					"name": "eyebrown",
					"parent": "head",
					"pivot": [0, 28, -4.3],
					"cubes": [
						{
							"origin": [-3.2, 27.95, -4.34],
							"size": [6.4, 1.05, 0.1],
							"uv": {
								"north": {"uv": [0, 19], "uv_size": [6.4, 1.05]},
								"east": {"uv": [6, 19], "uv_size": [0.1, 1.05]},
								"south": {"uv": [0, 19], "uv_size": [6.4, 1.05]},
								"west": {"uv": [0, 19], "uv_size": [0.1, 1.05]},
								"up": {"uv": [6.4, 19.1], "uv_size": [-6.4, -0.1]},
								"down": {"uv": [6.4, 19.1], "uv_size": [-6.4, -0.1]}
							}
						}
					]
				},
				{
					"name": "lower_body",
					"parent": "waist",
					"pivot": [0, 0, 0]
				},
				{
					"name": "rightLeg",
					"parent": "lower_body",
					"pivot": [-2, 12, 0],
					"cubes": [
						{
							"origin": [-4, 0, -2],
							"size": [4, 12, 4],
							"uv": {
								"north": {"uv": [4, 26], "uv_size": [4, 12]},
								"east": {"uv": [0, 26], "uv_size": [4, 12]},
								"south": {"uv": [12, 26], "uv_size": [4, 12]},
								"west": {"uv": [8, 26], "uv_size": [4, 12]},
								"up": {"uv": [4, 22], "uv_size": [4, 4]},
								"down": {"uv": [8, 26], "uv_size": [4, -4]}
							}
						}
					]
				},
				{
					"name": "leftLeg",
					"parent": "lower_body",
					"pivot": [2, 12, 0],
					"cubes": [
						{
							"origin": [0, 0, -2],
							"size": [4, 12, 4],
							"uv": {
								"north": {"uv": [8, 26], "uv_size": [-4, 12]},
								"east": {"uv": [12, 26], "uv_size": [-4, 12]},
								"south": {"uv": [16, 26], "uv_size": [-4, 12]},
								"west": {"uv": [4, 26], "uv_size": [-4, 12]},
								"up": {"uv": [8, 22], "uv_size": [-4, 4]},
								"down": {"uv": [12, 26], "uv_size": [-4, -4]}
							}
						}
					]
				}
			]
		}
	]
}