{
	"format_version": "1.12.0",
	"minecraft:geometry": [
		{
			"description": {
				"identifier": "geometry.zombified_piglin",
				"texture_width": 64,
				"texture_height": 64,
				"visible_bounds_width": 3,
				"visible_bounds_height": 3,
				"visible_bounds_offset": [0, 1.5, 0]
			},
			"bones": [
				{
					"name": "Root",
					"pivot": [0, 0, 0]
				},
				{
					"name": "upper_body",
					"parent": "Root",
					"pivot": [0, 12, 0]
				},
				{
					"name": "body1",
					"parent": "upper_body",
					"pivot": [0, 12, 0],
					"cubes": [
						{
							"origin": [-4, 12, -2],
							"size": [8, 12, 4],
							"uv": {
								"north": {"uv": [20, 20], "uv_size": [8, 12]},
								"east": {"uv": [16, 20], "uv_size": [4, 12]},
								"south": {"uv": [32, 20], "uv_size": [8, 12]},
								"west": {"uv": [28, 20], "uv_size": [4, 12]},
								"up": {"uv": [20, 16], "uv_size": [8, 4]},
								"down": {"uv": [28, 20], "uv_size": [8, -4]}
							}
						},
						{
							"origin": [-4, 12, -2],
							"size": [8, 12, 4],
							"inflate": 0.25,
							"uv": {
								"north": {"uv": [20, 36], "uv_size": [8, 12]},
								"east": {"uv": [16, 36], "uv_size": [4, 12]},
								"south": {"uv": [32, 36], "uv_size": [8, 12]},
								"west": {"uv": [28, 36], "uv_size": [4, 12]},
								"up": {"uv": [20, 32], "uv_size": [8, 4]},
								"down": {"uv": [28, 36], "uv_size": [8, -4]}
							}
						}
					]
				},
				{
					"name": "leftarm",
					"parent": "upper_body",
					"pivot": [5, 22, 0],
					"cubes": [
						{
							"origin": [4, 12, -2],
							"size": [4, 12, 4],
							"uv": {
								"north": {"uv": [36, 52], "uv_size": [4, 12]},
								"east": {"uv": [32, 52], "uv_size": [4, 12]},
								"south": {"uv": [44, 52], "uv_size": [4, 12]},
								"west": {"uv": [40, 52], "uv_size": [4, 12]},
								"up": {"uv": [36, 48], "uv_size": [4, 4]},
								"down": {"uv": [40, 52], "uv_size": [4, -4]}
							}
						},
						{
							"origin": [4, 12, -2],
							"size": [4, 12, 4],
							"inflate": 0.25,
							"uv": {
								"north": {"uv": [52, 52], "uv_size": [4, 12]},
								"east": {"uv": [48, 52], "uv_size": [4, 12]},
								"south": {"uv": [60, 52], "uv_size": [4, 12]},
								"west": {"uv": [56, 52], "uv_size": [4, 12]},
								"up": {"uv": [52, 48], "uv_size": [4, 4]},
								"down": {"uv": [56, 52], "uv_size": [4, -4]}
							}
						}
					]
				},
				{
					"name": "leftItem",
					"parent": "leftarm",
					"pivot": [6, 15, 1]
				},
				{
					"name": "rightarm",
					"parent": "upper_body",
					"pivot": [-5, 22, 0],
					"cubes": [
						{
							"origin": [-8, 12, -2],
							"size": [4, 12, 4],
							"uv": {
								"north": {"uv": [44, 20], "uv_size": [4, 12]},
								"east": {"uv": [40, 20], "uv_size": [4, 12]},
								"south": {"uv": [52, 20], "uv_size": [4, 12]},
								"west": {"uv": [48, 20], "uv_size": [4, 12]},
								"up": {"uv": [44, 16], "uv_size": [4, 4]},
								"down": {"uv": [48, 20], "uv_size": [4, -4]}
							}
						},
						{
							"origin": [-8, 12, -2],
							"size": [4, 12, 4],
							"inflate": 0.25,
							"uv": {
								"north": {"uv": [44, 36], "uv_size": [4, 12]},
								"east": {"uv": [40, 36], "uv_size": [4, 12]},
								"south": {"uv": [52, 36], "uv_size": [4, 12]},
								"west": {"uv": [48, 36], "uv_size": [4, 12]},
								"up": {"uv": [44, 32], "uv_size": [4, 4]},
								"down": {"uv": [48, 36], "uv_size": [4, -4]}
							}
						}
					]
				},
				{
					"name": "rightItem",
					"parent": "rightarm",
					"pivot": [-6, 15, 1]
				},
				{
					"name": "head",
					"parent": "upper_body",
					"pivot": [0, 24, 0],
					"cubes": [
						{
							"origin": [-5, 24, -4],
							"size": [10, 8, 8],
							"inflate": -0.02,
							"uv": {
								"north": {"uv": [8, 8], "uv_size": [10, 8]},
								"east": {"uv": [0, 8], "uv_size": [8, 8]},
								"south": {"uv": [26, 8], "uv_size": [10, 8]},
								"west": {"uv": [18, 8], "uv_size": [8, 8]},
								"up": {"uv": [8, 0], "uv_size": [10, 8]},
								"down": {"uv": [18, 8], "uv_size": [10, -8]}
							}
						},
						{
							"origin": [2, 24, -5],
							"size": [1, 2, 1],
							"uv": {
								"north": {"uv": [3, 5], "uv_size": [1, 2]},
								"east": {"uv": [2, 5], "uv_size": [1, 2]},
								"south": {"uv": [5, 5], "uv_size": [1, 2]},
								"west": {"uv": [4, 5], "uv_size": [1, 2]},
								"up": {"uv": [3, 4], "uv_size": [1, 1]},
								"down": {"uv": [4, 5], "uv_size": [1, -1]}
							}
						},
						{
							"origin": [-3, 24, -5],
							"size": [1, 2, 1],
							"uv": {
								"north": {"uv": [3, 1], "uv_size": [1, 2]},
								"east": {"uv": [2, 1], "uv_size": [1, 2]},
								"south": {"uv": [5, 1], "uv_size": [1, 2]},
								"west": {"uv": [4, 1], "uv_size": [1, 2]},
								"up": {"uv": [3, 0], "uv_size": [1, 1]},
								"down": {"uv": [4, 1], "uv_size": [1, -1]}
							}
						}
					]
				},
				{
					"name": "leftear",
					"parent": "head",
					"pivot": [5, 30, 0],
					"rotation": [0, 0, -30],
					"cubes": [
						{
							"origin": [4, 25, -2],
							"size": [1, 5, 4],
							"uv": {
								"north": {"uv": [55, 10], "uv_size": [1, 5]},
								"east": {"uv": [51, 10], "uv_size": [4, 5]},
								"south": {"uv": [60, 10], "uv_size": [1, 5]},
								"west": {"uv": [56, 10], "uv_size": [4, 5]},
								"up": {"uv": [55, 6], "uv_size": [1, 4]},
								"down": {"uv": [56, 10], "uv_size": [1, -4]}
							}
						}
					]
				},
				{
					"name": "rightear",
					"parent": "head",
					"pivot": [-5, 30, 0],
					"rotation": [0, 0, 30],
					"cubes": [
						{
							"origin": [-5, 25, -2],
							"size": [1, 5, 4],
							"uv": {
								"north": {"uv": [43, 10], "uv_size": [1, 5]},
								"east": {"uv": [39, 10], "uv_size": [4, 5]},
								"south": {"uv": [48, 10], "uv_size": [1, 5]},
								"west": {"uv": [44, 10], "uv_size": [4, 5]},
								"up": {"uv": [43, 6], "uv_size": [1, 4]},
								"down": {"uv": [44, 10], "uv_size": [1, -4]}
							}
						}
					]
				},
				{
					"name": "hat",
					"parent": "head",
					"pivot": [0, 24, 0]
				},
				{
					"name": "mouth",
					"parent": "head",
					"pivot": [0, 24, -4],
					"cubes": [
						{
							"origin": [-2, 24, -5],
							"size": [4, 4, 1],
							"uv": {
								"north": {"uv": [32, 2], "uv_size": [4, 4]},
								"east": {"uv": [31, 2], "uv_size": [1, 4]},
								"south": {"uv": [37, 2], "uv_size": [4, 4]},
								"west": {"uv": [36, 2], "uv_size": [1, 4]},
								"up": {"uv": [32, 1], "uv_size": [4, 1]},
								"down": {"uv": [36, 2], "uv_size": [4, -1]}
							}
						}
					]
				},
				{
					"name": "eye",
					"parent": "head",
					"pivot": [2.5, 28.5, -4],
					"cubes": [
						{
							"origin": [2, 28, -4.04],
							"size": [1, 1, 0.05],
							"uv": {
								"north": {"uv": [13, 17], "uv_size": [1, 1]},
								"east": {"uv": [13, 17], "uv_size": [0.05, 1]},
								"south": {"uv": [13, 17], "uv_size": [1, 1]},
								"west": {"uv": [14, 17], "uv_size": [0.05, 1]},
								"up": {"uv": [14, 17.05], "uv_size": [-1, -0.05]},
								"down": {"uv": [14, 17.05], "uv_size": [-1, -0.05]}
							}
						}
					]
				},
				{
					"name": "eyelid",
					"parent": "head",
					"pivot": [2.5, 29, -4],
					"cubes": [
						{
							"origin": [1.98, 27.975, -4.054],
							"size": [1.05, 1.05, 0.08],
							"uv": {
								"north": {"uv": [16, 17], "uv_size": [1, 1]},
								"east": {"uv": [17, 17], "uv_size": [0.08, 1]},
								"south": {"uv": [16, 17], "uv_size": [1, 1]},
								"west": {"uv": [16, 17], "uv_size": [0.08, 1]},
								"up": {"uv": [17, 18.08], "uv_size": [-1, -0.08]},
								"down": {"uv": [17, 17.08], "uv_size": [-1, -0.08]}
							}
						}
					]
				},
				{
					"name": "lower_body",
					"parent": "Root",
					"pivot": [0, 0, 0]
				},
				{
					"name": "rightleg",
					"parent": "lower_body",
					"pivot": [-1.9, 12, 0],
					"cubes": [
						{
							"origin": [-4, 0, -2],
							"size": [4, 12, 4],
							"uv": {
								"north": {"uv": [4, 20], "uv_size": [4, 12]},
								"east": {"uv": [0, 20], "uv_size": [4, 12]},
								"south": {"uv": [12, 20], "uv_size": [4, 12]},
								"west": {"uv": [8, 20], "uv_size": [4, 12]},
								"up": {"uv": [4, 16], "uv_size": [4, 4]},
								"down": {"uv": [8, 20], "uv_size": [4, -4]}
							}
						},
						{
							"origin": [-4, 0, -2],
							"size": [4, 12, 4],
							"inflate": 0.25,
							"uv": {
								"north": {"uv": [4, 36], "uv_size": [4, 12]},
								"east": {"uv": [0, 36], "uv_size": [4, 12]},
								"south": {"uv": [12, 36], "uv_size": [4, 12]},
								"west": {"uv": [8, 36], "uv_size": [4, 12]},
								"up": {"uv": [4, 32], "uv_size": [4, 4]},
								"down": {"uv": [8, 36], "uv_size": [4, -4]}
							}
						}
					]
				},
				{
					"name": "leftleg",
					"parent": "lower_body",
					"pivot": [1.9, 12, 0],
					"cubes": [
						{
							"origin": [0, 0, -2],
							"size": [4, 12, 4],
							"uv": {
								"north": {"uv": [20, 52], "uv_size": [4, 12]},
								"east": {"uv": [16, 52], "uv_size": [4, 12]},
								"south": {"uv": [28, 52], "uv_size": [4, 12]},
								"west": {"uv": [24, 52], "uv_size": [4, 12]},
								"up": {"uv": [20, 48], "uv_size": [4, 4]},
								"down": {"uv": [24, 52], "uv_size": [4, -4]}
							}
						},
						{
							"origin": [0, 0, -2],
							"size": [4, 12, 4],
							"inflate": 0.25,
							"uv": {
								"north": {"uv": [4, 52], "uv_size": [4, 12]},
								"east": {"uv": [0, 52], "uv_size": [4, 12]},
								"south": {"uv": [12, 52], "uv_size": [4, 12]},
								"west": {"uv": [8, 52], "uv_size": [4, 12]},
								"up": {"uv": [4, 48], "uv_size": [4, 4]},
								"down": {"uv": [8, 52], "uv_size": [4, -4]}
							}
						}
					]
				}
			]
		}
	]
}