{
	"format_version": "1.10.0",
	"minecraft:client_entity": {
		"description": {
			"identifier": "s:marco1x2",
			"materials": {
				"default": "entity_alphatest"
			},
			"textures": {
				"marco": "textures/entity/marco_1x2",
				"cuadro1": "textures/cuadro1x2/1",
				"cuadro2": "textures/cuadro1x2/2",
				"cuadro3": "textures/cuadro1x2/3",
				"cuadro4": "textures/cuadro1x2/4",
				"cuadro5": "textures/cuadro1x2/5",
				"cuadro6": "textures/cuadro1x2/6",
				"cuadro7": "textures/cuadro1x2/7",
				"cuadro8": "textures/cuadro1x2/8",
				"cuadro9": "textures/cuadro1x2/9",
				"cuadro10": "textures/cuadro1x2/10",
				"cuadro11": "textures/cuadro1x2/11",
				"cuadro12": "textures/cuadro1x2/12",
				"cuadro13": "textures/cuadro1x2/13",
				"cuadro14": "textures/cuadro1x2/14",
				"cuadro15": "textures/cuadro1x2/15",
				"cuadro16": "textures/cuadro1x2/16",
				"cuadro17": "textures/cuadro1x2/17",
				"cuadro18": "textures/cuadro1x2/18",
				"cuadro19": "textures/cuadro1x2/19",
				"cuadro20": "textures/cuadro1x2/20"
			},
			"geometry": {
				"marco": "geometry.marco1x2",
				"cuadro": "geometry.cuadro1x2"
			},
			"render_controllers": [
				{
					"controller.render.marco": "query.property('s:glowstone')==false"
				},
				{
					"controller.render.cuadro": "query.property('s:glowstone')==false"
				},
				{
					"controller.render.marco_glow": "query.property('s:glowstone')==true"
				},
				{
					"controller.render.cuadro_glow": "query.property('s:glowstone')==true"
				}
			],
			"spawn_egg": {
				"base_color": "#000000",
				"overlay_color": "#FFFFFF"
			},
			"animations": {
				"norte": "animation.cuadro.norte",
				"sur": "animation.cuadro.sur",
				"este": "animation.cuadro.este",
				"oeste": "animation.cuadro.oeste",
				"scale0": "animation.cuadro.scale0",
				"scale1": "animation.cuadro.scale1",
				"scale2": "animation.cuadro.scale2"
			},
			"scripts": {
				"animate": [
					{
						"norte": "query.property('s:rotation')==0"
					},
					{
						"sur": "query.property('s:rotation')==1"
					},
					{
						"este": "query.property('s:rotation')==2"
					},
					{
						"oeste": "query.property('s:rotation')==3"
					},
					{
						"scale0": "query.property('s:scale')==0"
					},
					{
						"scale1": "query.property('s:scale')==1"
					}
				]
			}
		}
	}
}