{
  "format_version": "1.10.0",
  "minecraft:client_entity": {
    "description": {
      "identifier": "minecraft:chicken",
      "min_engine_version": "1.12.0",
      "materials": {
        "default": "chicken",
        "legs": "chicken_legs"
      },
      "textures": {
        "default": "textures/entity/chicken",
        "default2": "textures/entity/chicken2",
        "default3": "textures/entity/chicken3"
      },
      "geometry": {
        "default": "geometry.chicken.v1.12"
      },
      "animations": {
        "move": "animation.chicken.move",
        "general": "animation.chicken.general",
        "look_at_target": "animation.common.look_at_target",
        "baby_transform": "animation.chicken.baby_transform"
      },
      "scripts": {
        "animate": [
          "general",
          { "move": "query.modified_move_speed" },
          "look_at_target",
          { "baby_transform": "query.is_baby" }
        ],
        "initialize": [
          "variable.xvar = math.random(0,999);"
        ]
      },
      "render_controllers": [ "controller.render.chicken" ],
      "spawn_egg": {
        "texture": "spawn_egg",
        "texture_index": 0
      }
    }
  }
}
