{
  "format_version": "1.8.0",
  "minecraft:client_entity": {
    "description": {
      "identifier": "minecraft:silverfish",
      "materials": {
        "default": "silverfish",
        "body_layer": "silverfish_layers"
      },
      "textures": {
        "default": "textures/entity/silverfish",
        "default2": "textures/entity/silverfish2",
        "default3": "textures/entity/silverfish3",
        "default4": "textures/entity/silverfish4"
      },
      "geometry": {
        "default": "geometry.silverfish"
      },
      "animations": {
        "move": "animation.silverfish.move"
      },
      "animation_controllers": [
        { "move": "controller.animation.silverfish.move" }
      ],
      "render_controllers": [ "controller.render.silverfish" ],
      "spawn_egg": {
        "texture": "spawn_egg",
        "texture_index": 8
      },
      "scripts": {
        "pre_animation": [
          "variable.xvar = (variable.xvar ?? math.random(0,999));"]
      }
    }
  }
}
