{
  "format_version": "1.8.0",
  "minecraft:client_entity": {
    "description": {
      "identifier": "minecraft:snow_golem",
      "min_engine_version": "1.8.0",
      "materials": {
        "default": "snow_golem",
        "head": "snow_golem_pumpkin"
      },
      "textures": {
        "default": "textures/entity/snow_golem",
        "default2": "textures/entity/snow_golem2",
        "default3": "textures/entity/snow_golem3",
        "default4": "textures/entity/snow_golem4",
        "default5": "textures/entity/snow_golem5",
        "default6": "textures/entity/snow_golem6",
        "default7": "textures/entity/snow_golem7",
        "default8": "textures/entity/snow_golem8",
        "default9": "textures/entity/snow_golem9",
        "default10": "textures/entity/snow_golem10"
      },
      "geometry": {
        "default": "geometry.snowgolem.v1.8"
      },
      "animations": {
        "move": "animation.snowgolem.move.v1.8",
        "look_at_target": "animation.common.look_at_target"
      },
      "animation_controllers": [
        { "move": "controller.animation.snowgolem.move.v1.8" }
      ],
      "render_controllers": [ "controller.render.snowgolem" ],
      "scripts": {
        "pre_animation": [
        "variable.xvar = (variable.xvar ?? math.random(0,999));"
        ]
      }
    }
  }
}
