{
  "format_version": "1.8.0",
  "minecraft:client_entity": {
    "description": {
      "identifier": "minecraft:wolf",
      "materials": { "default": "wolf" },
      "textures": {
        "default": "textures/entity/wolf/wolf",
        "default2": "textures/entity/wolf/wolf2",
        "default3": "textures/entity/wolf/wolf3",
        "default4": "textures/entity/wolf/wolf4",
        "default5": "textures/entity/wolf/wolf5",
        "default6": "textures/entity/wolf/wolf6",
        "default7": "textures/entity/wolf/wolf7",
        "default8": "textures/entity/wolf/wolf8",
        "angry": "textures/entity/wolf/wolf_angry",
        "angry2": "textures/entity/wolf/wolf_angry2",
        "angry3": "textures/entity/wolf/wolf_angry3",
        "angry4": "textures/entity/wolf/wolf_angry4",
        "angry5": "textures/entity/wolf/wolf_angry5",
        "angry6": "textures/entity/wolf/wolf_angry6",
        "angry7": "textures/entity/wolf/wolf_angry7",
        "angry8": "textures/entity/wolf/wolf_angry8",
        "tame": "textures/entity/wolf/wolf_tame",
        "tame2": "textures/entity/wolf/wolf_tame2",
        "tame3": "textures/entity/wolf/wolf_tame3",
        "tame4": "textures/entity/wolf/wolf_tame4",
        "tame5": "textures/entity/wolf/wolf_tame5",
        "tame6": "textures/entity/wolf/wolf_tame6",
        "tame7": "textures/entity/wolf/wolf_tame7",
        "tame8": "textures/entity/wolf/wolf_tame8"

      },
      "geometry": {
        "default": "geometry.wolf"
      },
      "scripts": {
        "pre_animation": [
          "variable.body_shake_angle = 0.05 * query.frame_alpha + query.shake_angle;",
          "variable.body_roll_progress = Math.clamp((variable.body_shake_angle - 0.16) / 1.8, 0, 1);",
          "variable.body_rot_z = Math.sin(variable.body_roll_progress * 180) * Math.sin(variable.body_roll_progress * 1980) * 27;",
          "variable.upper_body_roll_progress = Math.clamp((variable.body_shake_angle - 0.08) / 1.8, 0, 1);",
          "variable.upper_body_rot_z = (Math.sin(variable.upper_body_roll_progress * 180) * Math.sin(variable.upper_body_roll_progress * 1980) * 27) - variable.body_rot_z;",
          "variable.tail_roll_progress = Math.clamp((variable.body_shake_angle - 0.2) / 1.8, 0, 1);",
          "variable.tail_rot_z = (Math.sin(variable.tail_roll_progress * 180) * Math.sin(variable.tail_roll_progress * 1980) * 27) - variable.body_rot_z;",
          "variable.head_roll_progress = Math.clamp(variable.body_shake_angle / 1.8, 0, 1);",
          "variable.head_rot_z = (Math.sin(variable.head_roll_progress * 180) * Math.sin(variable.head_roll_progress * 1980) * 27) - variable.body_rot_z;",
          "variable.xvar = (variable.xvar ?? math.random(0,999));"
        ]
      },
      "animations": {
        "wolf_setup": "animation.wolf.setup",
        "wolf_baby_scaling": "animation.wolf.baby_scaling",
        "wolf_look_at": "animation.common.look_at_target",
        "wolf_head_rot_z": "animation.wolf.head_rot_z",
        "wolf_tail_default": "animation.wolf.tail_default",
        "wolf_angry": "animation.wolf.angry",
        "wolf_sitting": "animation.wolf.sitting",
        "wolf_shaking": "animation.wolf.shaking",
        "wolf_leg_default": "animation.wolf.leg_default"
      },
      "animation_controllers": [
        { "wolf_setup": "controller.animation.wolf.setup" },
        { "wolf_look_at": "controller.animation.wolf.look_at" },
        { "wolf_baby_scaling": "controller.animation.wolf.baby_scaling" },
        { "wolf_head_rot_z": "controller.animation.wolf.head_rot_z" },
        { "wolf_tail_default": "controller.animation.wolf.tail_default" },
        { "wolf_angry": "controller.animation.wolf.angry" },
        { "wolf_sitting": "controller.animation.wolf.sitting" },
        { "wolf_shaking": "controller.animation.wolf.shaking" }
      ],
      "render_controllers": [ "controller.render.wolf" ],
      "spawn_egg": {
        "texture": "spawn_egg",
        "texture_index": 4
      }
    }
  }
}
