{
	"format_version": "1.10.0",
	"animation_controllers": {
		"controller.animation.allay.general": {
			"initial_state": "idling",
			"states": {
				"idling": {
					"animations": [
						"idle"
					],
					"transitions": [
						{
							"flying": "query.modified_move_speed>0.2"
						}
					],
					"blend_transition": 0.2
				},
				"flying": {
					"animations": [
						"fly"
					],
					"transitions": [
						{
							"idling": "query.modified_move_speed<0.2"
						}
					],
					"blend_transition": 0.2
				}
			}
		},
		"controller.animation.allay.holding": {
			"initial_state": "holding",
			"states": {
				"holding": {
					"animations": [
						{
							"hold_item": "variable.is_holding_left||variable.is_holding_right"
						}
					]
				}
			}
		},
		"controller.animation.allay.dancing": {
			"initial_state": "default",
			"states": {
				"default": {
					"transitions": [
						{
							"dancing": "query.is_dancing"
						}
					],
					"blend_transition": 0.2
				},
				"dancing": {
					"animations": [
						"dance"
					],
					"transitions": [
						{
							"default": "!query.is_dancing"
						}
					]
				}
			}
		}
	}
}