{
	"format_version": "1.10.0",
	"animation_controllers": {
		"controller.animation.pig.general": {
			"initial_state": "default",
			"states": {
				"default": {
					"animations": [
						"idle"
					],
					"transitions": [
						{
							"move": "query.ground_speed"
						},
						{
							"death": "query.health==0"
						}
					],
					"blend_transition": 0.3
				},
				"move": {
					"animations": [
						{
							"walk": "query.modified_move_speed"
						}
					],
					"transitions": [
						{
							"default": "!query.ground_speed"
						},
						{
							"death": "query.health==0"
						}
					],
					"blend_transition": 0.3
				},
				"death": {
					"animations": [
						"death"
					]
				}
			}
		}
	}
}