{
	"format_version": "1.10.0",
	"animation_controllers": {
		"controller.animation.polarbear.general": {
			"initial_state": "default",
			"states": {
				"default": {
					"animations": [
						"idle"
					],
					"transitions": [
						{
							"walking": "query.ground_speed>0.2"
						}
					],
					"blend_transition": 0.2,
					"blend_via_shortest_path": true
				},
				"walking": {
					"animations": [
						{
							"walk": "query.modified_move_speed*1.5"
						}
					],
					"transitions": [
						{
							"default": "query.ground_speed<0.2"
						}
					],
					"blend_transition": 0.2,
					"blend_via_shortest_path": true
				}
			}
		},
		"controller.animation.polarbear.attack": {
			"initial_state": "default",
			"states": {
				"default": {
					"transitions": [
						{
							"attacking": "query.standing_scale>0"
						}
					],
					"blend_transition": 0.2,
					"blend_via_shortest_path": true
				},
				"attacking": {
					"animations": [
						"stomp"
					],
					"transitions": [
						{
							"default": "query.standing_scale==0"
						}
					],
					"blend_transition": 0.2,
					"blend_via_shortest_path": true
				}
			}
		}
	}
}