{
	"format_version": "1.10.0",
	"animation_controllers": {
		"controller.animation.skeleton.general": {
			"initial_state": "default",
			"states": {
				"default": {
					"animations": [
						"idle"
					],
					"transitions": [
						{
							"walking": "query.ground_speed>0.2"
						},
						{
							"riding": "query.is_riding"
						}
					],
					"blend_transition": 0.2,
					"blend_via_shortest_path": true
				},
				"walking": {
					"animations": [
						{
							"walking": "query.modified_move_speed"
						}
					],
					"transitions": [
						{
							"default": "query.ground_speed<0.2"
						},
						{
							"riding": "query.is_riding"
						}
					],
					"blend_transition": 0.2,
					"blend_via_shortest_path": true
				},
				"riding": {
					"animations": [
						"riding"
					],
					"transitions": [
						{
							"default": "query.ground_speed<0.2&&!query.is_riding"
						},
						{
							"riding": "query.is_riding&&!query.is_riding"
						}
					],
					"blend_transition": 0.2,
					"blend_via_shortest_path": true
				}
			}
		},
		"controller.animation.arms_controller": {
			"initial_state": "default",
			"states": {
				"default": {
					"animations": [
						{
							"riding_arms_idle": "query.is_riding"
						}
					],
					"transitions": [
						{
							"has_target": "query.has_target"
						}
					],
					"blend_transition": 0.2,
					"blend_via_shortest_path": true
				},
				"has_target": {
					"animations": [
						"has_target"
					],
					"transitions": [
						{
							"default": "!query.has_target"
						}
					],
					"blend_transition": 0.2,
					"blend_via_shortest_path": true
				}
			}
		}
	}
}