{
	"format_version": "1.8.0",
	"animations": {
		"animation.cuadro.scale0": {
			"loop": true,
			"bones": {
				"pintura": {
					"scale": [
						1,
						1,
						1
					]
				}
			}
		},
		"animation.cuadro.scale1": {
			"loop": true,
			"bones": {
				"bone": {
					"position": [
						-8,
						0,
						0
					]
				}
			}
		},
		"animation.cuadro.scale2": {
			"loop": true,
			"bones": {
				"bone": {
					"position": [
						-8,
						0,
						0
					]
				}
			}
		},
		"animation.cuadro.norte": {
			"loop": true,
			"bones": {
				"pintura": {
					"rotation": [
						0,
						0,
						0
					]
				}
			}
		},
		"animation.cuadro.sur": {
			"loop": true,
			"bones": {
				"pintura": {
					"rotation": [
						0,
						180,
						0
					]
				}
			}
		},
		"animation.cuadro.este": {
			"loop": true,
			"bones": {
				"pintura": {
					"rotation": [
						0,
						270,
						0
					]
				}
			}
		},
		"animation.cuadro.oeste": {
			"loop": true,
			"bones": {
				"pintura": {
					"rotation": [
						0,
						90,
						0
					]
				}
			}
		}
	}
}