{
	"format_version": "1.8.0",
	"animations": {
		"animation.creeper.blink": {
			"loop": true,
			"animation_length": 2,
			"anim_time_update": "q.anim_time + q.delta_time * math.random(0.1, 2)",
			"bones": {
				"eyes": {
					"position": {
						"0.0": {
							"post": [0, 0, 0],
							"lerp_mode": "catmullrom"
						},
						"1.0": {
							"post": [0, 0, 1],
							"lerp_mode": "catmullrom"
						},
						"2.0": {
							"post": [0, 0, 0],
							"lerp_mode": "catmullrom"
						}
					}
				}
			}
		},
		"animation.creeper.idle": {
			"loop": true,
			"animation_length": 1,
			"anim_time_update": "q.anim_time + q.delta_time * 0.8",
			"bones": {
				"body": {
					"rotation": {
						"0.0": {
							"post": [7.5, 0, 0],
							"lerp_mode": "catmullrom"
						},
						"0.5": {
							"post": [5, 0, 0],
							"lerp_mode": "catmullrom"
						},
						"1.0": {
							"post": [7.5, 0, 0],
							"lerp_mode": "catmullrom"
						}
					},
					"position": {
						"0.0": {
							"post": [0, 0, 0],
							"lerp_mode": "catmullrom"
						},
						"0.25": {
							"post": [0, -0.25, 0],
							"lerp_mode": "catmullrom"
						},
						"0.75": {
							"post": [0, 0, 0],
							"lerp_mode": "catmullrom"
						},
						"1.0": {
							"post": [0, 0, 0],
							"lerp_mode": "catmullrom"
						}
					}
				},
				"head": {
					"rotation": {
						"0.0": {
							"post": [2.5, 0, 0],
							"lerp_mode": "catmullrom"
						},
						"0.25": {
							"post": [5, 0, 0],
							"lerp_mode": "catmullrom"
						},
						"0.75": {
							"post": [0, 0, 0],
							"lerp_mode": "catmullrom"
						},
						"1.0": {
							"post": [2.5, 0, 0],
							"lerp_mode": "catmullrom"
						}
					}
				},
				"leg0": {
					"rotation": {
						"0.0": {
							"post": [0, -20, 0],
							"lerp_mode": "catmullrom"
						},
						"0.375": {
							"post": [2.5, -20, 0],
							"lerp_mode": "catmullrom"
						},
						"0.875": {
							"post": [0, -20, 0],
							"lerp_mode": "catmullrom"
						},
						"1.0": {
							"post": [0, -20, 0],
							"lerp_mode": "catmullrom"
						}
					},
					"position": {
						"0.0": {
							"post": [-1, 0, -1],
							"lerp_mode": "catmullrom"
						},
						"0.375": {
							"post": [-1, 0, -1.25],
							"lerp_mode": "catmullrom"
						},
						"0.875": {
							"post": [-1, 0, -1],
							"lerp_mode": "catmullrom"
						},
						"1.0": {
							"post": [-1, 0, -1],
							"lerp_mode": "catmullrom"
						}
					}
				},
				"leg1": {
					"rotation": {
						"0.0": {
							"post": [0, 20, 0],
							"lerp_mode": "catmullrom"
						},
						"0.375": {
							"post": [2.5, 20, 0],
							"lerp_mode": "catmullrom"
						},
						"0.875": {
							"post": [0, 20, 0],
							"lerp_mode": "catmullrom"
						},
						"1.0": {
							"post": [0, 20, 0],
							"lerp_mode": "catmullrom"
						}
					},
					"position": {
						"0.0": {
							"post": [1, 0, -1],
							"lerp_mode": "catmullrom"
						},
						"0.375": {
							"post": [1, 0, -1.25],
							"lerp_mode": "catmullrom"
						},
						"0.875": {
							"post": [1, 0, -1],
							"lerp_mode": "catmullrom"
						},
						"1.0": {
							"post": [1, 0, -1],
							"lerp_mode": "catmullrom"
						}
					}
				},
				"leg2": {
					"rotation": {
						"0.0": {
							"post": [0, 20, 0],
							"lerp_mode": "catmullrom"
						},
						"0.375": {
							"post": [-2.5, 20, 0],
							"lerp_mode": "catmullrom"
						},
						"0.875": {
							"post": [0, 20, 0],
							"lerp_mode": "catmullrom"
						},
						"1.0": {
							"post": [0, 20, 0],
							"lerp_mode": "catmullrom"
						}
					},
					"position": {
						"0.0": {
							"post": [-1, 0, 1],
							"lerp_mode": "catmullrom"
						},
						"0.375": {
							"post": [-1, 0, 1.25],
							"lerp_mode": "catmullrom"
						},
						"0.875": {
							"post": [-1, 0, 1],
							"lerp_mode": "catmullrom"
						},
						"1.0": {
							"post": [-1, 0, 1],
							"lerp_mode": "catmullrom"
						}
					}
				},
				"leg3": {
					"rotation": {
						"0.0": {
							"post": [0, -20, 0],
							"lerp_mode": "catmullrom"
						},
						"0.375": {
							"post": [-2.5, -20, 0],
							"lerp_mode": "catmullrom"
						},
						"0.875": {
							"post": [0, -20, 0],
							"lerp_mode": "catmullrom"
						},
						"1.0": {
							"post": [0, -20, 0],
							"lerp_mode": "catmullrom"
						}
					},
					"position": {
						"0.0": {
							"post": [1, 0, 1],
							"lerp_mode": "catmullrom"
						},
						"0.375": {
							"post": [1, 0, 1.25],
							"lerp_mode": "catmullrom"
						},
						"0.875": {
							"post": [1, 0, 1],
							"lerp_mode": "catmullrom"
						},
						"1.0": {
							"post": [1, 0, 1],
							"lerp_mode": "catmullrom"
						}
					}
				}
			}
		},
		"animation.creeper.walk": {
			"loop": true,
			"animation_length": 1.25,
			"anim_time_update": "q.has_target ? (q.anim_time + (q.delta_time * (query.modified_move_speed * 2.5))) : (q.anim_time + (q.delta_time * (query.modified_move_speed * 3.5)))",
			"bones": {
				"body": {
					"rotation": {
						"0.0": {
							"post": [6.25, 0, 0],
							"lerp_mode": "catmullrom"
						},
						"0.125": {
							"post": [7.5, 0, 0],
							"lerp_mode": "catmullrom"
						},
						"0.3333": {
							"post": [10, 0, 0],
							"lerp_mode": "catmullrom"
						},
						"0.625": {
							"post": [7.5, 0, 0],
							"lerp_mode": "catmullrom"
						},
						"0.9583": {
							"post": [10, 0, 0],
							"lerp_mode": "catmullrom"
						},
						"1.125": {
							"post": [7.5, 0, 0],
							"lerp_mode": "catmullrom"
						},
						"1.25": {
							"post": [6.25, 0, 0],
							"lerp_mode": "catmullrom"
						}
					},
					"position": {
						"0.0": {
							"post": [0, -0.25, 0],
							"lerp_mode": "catmullrom"
						},
						"0.1667": {
							"post": [0, 0, 0],
							"lerp_mode": "catmullrom"
						},
						"0.4583": {
							"post": [0, -0.5, 0],
							"lerp_mode": "catmullrom"
						},
						"0.7917": {
							"post": [0, 0, 0],
							"lerp_mode": "catmullrom"
						},
						"1.0833": {
							"post": [0, -0.5, 0],
							"lerp_mode": "catmullrom"
						},
						"1.25": {
							"post": [0, -0.25, 0],
							"lerp_mode": "catmullrom"
						}
					}
				},
				"head": {
					"rotation": {
						"0.0": {
							"post": [7.5, 0, 0],
							"lerp_mode": "catmullrom"
						},
						"0.25": {
							"post": [2.5, 0, 0],
							"lerp_mode": "catmullrom"
						},
						"0.5": {
							"post": [7.5, 0, 0],
							"lerp_mode": "catmullrom"
						},
						"0.75": {
							"post": [2.5, 0, 0],
							"lerp_mode": "catmullrom"
						},
						"1.0": {
							"post": [7.5, 0, 0],
							"lerp_mode": "catmullrom"
						},
						"1.25": {
							"post": [7.5, 0, 0],
							"lerp_mode": "catmullrom"
						}
					}
				},
				"leg0": {
					"rotation": {
						"0.0": {
							"post": [0, -10, 0],
							"lerp_mode": "catmullrom"
						},
						"0.3333": {
							"post": [20, -10, 0],
							"lerp_mode": "catmullrom"
						},
						"0.625": {
							"post": [0, -10, 0],
							"lerp_mode": "catmullrom"
						},
						"0.9583": {
							"post": [-20, -10, 0],
							"lerp_mode": "catmullrom"
						},
						"1.25": {
							"post": [0, -10, 0],
							"lerp_mode": "catmullrom"
						}
					},
					"position": {
						"0.0": {
							"post": [-1, 0, -2],
							"lerp_mode": "catmullrom"
						},
						"0.3333": {
							"post": [-1, 0, -1],
							"lerp_mode": "catmullrom"
						},
						"0.625": {
							"post": [-1, 1, -1],
							"lerp_mode": "catmullrom"
						},
						"0.9583": {
							"post": [-1, 1, -2],
							"lerp_mode": "catmullrom"
						},
						"1.25": {
							"post": [-1, 0, -2],
							"lerp_mode": "catmullrom"
						}
					}
				},
				"leg1": {
					"rotation": {
						"0.0": {
							"post": [0, 10, 0],
							"lerp_mode": "catmullrom"
						},
						"0.3333": {
							"post": [-20, 10, 0],
							"lerp_mode": "catmullrom"
						},
						"0.625": {
							"post": [0, 10, 0],
							"lerp_mode": "catmullrom"
						},
						"0.9583": {
							"post": [20, 10, 0],
							"lerp_mode": "catmullrom"
						},
						"1.25": {
							"post": [0, 10, 0],
							"lerp_mode": "catmullrom"
						}
					},
					"position": {
						"0.0": {
							"post": [1, 1, -1],
							"lerp_mode": "catmullrom"
						},
						"0.3333": {
							"post": [1, 1, -2],
							"lerp_mode": "catmullrom"
						},
						"0.625": {
							"post": [1, 0, -2],
							"lerp_mode": "catmullrom"
						},
						"0.9583": {
							"post": [1, 0, -1],
							"lerp_mode": "catmullrom"
						},
						"1.25": {
							"post": [1, 1, -1],
							"lerp_mode": "catmullrom"
						}
					}
				},
				"leg2": {
					"rotation": {
						"0.0": {
							"post": [-20, 10, 0],
							"lerp_mode": "catmullrom"
						},
						"0.3333": {
							"post": [0, 10, 0],
							"lerp_mode": "catmullrom"
						},
						"0.625": {
							"post": [20, 10, 0],
							"lerp_mode": "catmullrom"
						},
						"0.9583": {
							"post": [0, 10, 0],
							"lerp_mode": "catmullrom"
						},
						"1.25": {
							"post": [-20, 10, 0],
							"lerp_mode": "catmullrom"
						}
					},
					"position": {
						"0.0": {
							"post": [-1, 1, 1],
							"lerp_mode": "catmullrom"
						},
						"0.3333": {
							"post": [-1, 0, 1],
							"lerp_mode": "catmullrom"
						},
						"0.625": {
							"post": [-1, 0, 2],
							"lerp_mode": "catmullrom"
						},
						"0.9583": {
							"post": [-1, 1, 2],
							"lerp_mode": "catmullrom"
						},
						"1.25": {
							"post": [-1, 1, 1],
							"lerp_mode": "catmullrom"
						}
					}
				},
				"leg3": {
					"rotation": {
						"0.0": {
							"post": [20, -10, 0],
							"lerp_mode": "catmullrom"
						},
						"0.3333": {
							"post": [0, -10, 0],
							"lerp_mode": "catmullrom"
						},
						"0.625": {
							"post": [-20, -10, 0],
							"lerp_mode": "catmullrom"
						},
						"0.9583": {
							"post": [0, -10, 0],
							"lerp_mode": "catmullrom"
						},
						"1.25": {
							"post": [20, -10, 0],
							"lerp_mode": "catmullrom"
						}
					},
					"position": {
						"0.0": {
							"post": [1, 0, 2],
							"lerp_mode": "catmullrom"
						},
						"0.3333": {
							"post": [1, 1, 2],
							"lerp_mode": "catmullrom"
						},
						"0.625": {
							"post": [1, 1, 1],
							"lerp_mode": "catmullrom"
						},
						"0.9583": {
							"post": [1, 0, 1],
							"lerp_mode": "catmullrom"
						},
						"1.25": {
							"post": [1, 0, 2],
							"lerp_mode": "catmullrom"
						}
					}
				},
				"root": {
					"position": {
						"0.0": {
							"post": [0, -0.25, 0],
							"lerp_mode": "catmullrom"
						},
						"0.1667": {
							"post": [0, 0, 0],
							"lerp_mode": "catmullrom"
						},
						"0.4583": {
							"post": [0, -0.5, 0],
							"lerp_mode": "catmullrom"
						},
						"0.7917": {
							"post": [0, 0, 0],
							"lerp_mode": "catmullrom"
						},
						"1.0833": {
							"post": [0, -0.5, 0],
							"lerp_mode": "catmullrom"
						},
						"1.25": {
							"post": [0, -0.25, 0],
							"lerp_mode": "catmullrom"
						}
					}
				}
			}
		},
		"animation.creeper.swelling": {
			"loop": true,
			"bones": {
				"body": {
					"scale": ["variable.swelling_scale1", "variable.swelling_scale2", "variable.swelling_scale1"]
				},
				"head": {
					"scale": ["variable.swelling_scale1", "variable.swelling_scale2", "variable.swelling_scale1"]
				},
				"leg0": {
					"scale": ["variable.swelling_scale1", "variable.swelling_scale2", "variable.swelling_scale1"]
				},
				"leg1": {
					"scale": ["variable.swelling_scale1", "variable.swelling_scale2", "variable.swelling_scale1"]
				},
				"leg2": {
					"scale": ["variable.swelling_scale1", "variable.swelling_scale2", "variable.swelling_scale1"]
				},
				"leg3": {
					"scale": ["variable.swelling_scale1", "variable.swelling_scale2", "variable.swelling_scale1"]
				}
			}
		},
		"animation.creeper.death_rot": {
			"loop": true,
			"bones": {
				"root": {
					"rotation": [0, 0, "Math.min(Math.sqrt(Math.max(0, query.anim_time * 20 - 0.5) / 20 * 1.6), 1) * -90"]
				}
			}
		},
		"animation.creeper.death": {
			"loop": "hold_on_last_frame",
			"animation_length": 1.5,
			"anim_time_update": "q.anim_time + q.delta_time * 1.5",
			"bones": {
				"root": {
					"rotation": {
						"0.0": [0, 0, 0],
						"0.0833": [2.5, 0, -10],
						"0.1667": [0, 0, -30],
						"0.3333": [-20.20254, 1.07968, -1.27802],
						"0.75": [-105.20254, 1.07968, -1.27802]
					},
					"position": {
						"0.1667": [0, 0, 0],
						"0.3333": [0, 1, 0],
						"0.7083": [0, 6, 0],
						"0.875": [0, 7, 0],
						"1.0": [0, 6, 0],
						"1.3333": [0, 6, 0]
					}
				},
				"body": {
					"rotation": {
						"0.0": [0, 0, 0],
						"0.125": [25, 0, 0],
						"0.375": [24.47761, 5.24826, -11.36081],
						"0.5417": [23.97594, 7.30111, -15.9477],
						"0.6667": [27.55596, 4.69357, -10.25209],
						"0.75": [12.5, 0, 0],
						"0.9583": [22.5, 0, 0],
						"1.0": [17.5, 0, 0]
					}
				},
				"head": {
					"rotation": {
						"0.0": [15, 0, 0],
						"0.125": [-7.5, 0, 0],
						"0.375": [15, 0, 0],
						"0.7083": [15, 0, 0],
						"0.8333": [-7.5, 0, 0],
						"0.9167": [20, 0, 0],
						"1.0833": [-2.5, 0, 0]
					}
				},
				"leg0": {
					"rotation": {
						"0.0": [0, -20, 0],
						"0.1667": [1.09282, -22.67063, 33.69646],
						"0.25": [10.81916, -22.36491, 26.3091],
						"0.4167": [41.5152, -19.24407, -6.76534],
						"0.625": [-0.9848, -19.24407, -6.76534]
					},
					"position": {
						"0.0": [-1, 0, -2],
						"0.1667": [-1, 2.67, -2],
						"0.25": [-1, 1, -2]
					}
				},
				"leg1": {
					"rotation": {
						"0.0": [0, 20, 0],
						"0.25": [29.7499, 0.52817, 38.6228],
						"0.5": [75.52499, 44.61266, 28.44203],
						"0.75": [105.17677, 70.357, 77.10629]
					},
					"position": {
						"0.0": [1, 0, -1],
						"0.25": [1, 1, -1],
						"0.5": [1, 2, -4]
					}
				},
				"leg2": {
					"rotation": {
						"0.0": [-20, 20, 0],
						"0.0833": [0, 20, 0],
						"0.1667": [20, 20, 0],
						"0.25": [0, 20, 0],
						"0.3333": [-20, 20, 0],
						"0.4167": [0, 20, 0],
						"0.5": [20, 20, 0],
						"0.5833": [0, 20, 0],
						"0.6667": [-20, 20, 0],
						"0.75": [0, 20, 0],
						"0.8333": [20, 20, 0],
						"0.9167": [0, 20, 0],
						"1.0": [-20, 20, 0],
						"1.125": [7.5, 20, 0],
						"1.3333": [27.13365, 12.85912, 33.12084]
					},
					"position": {
						"0.0": [-1, 1, 1],
						"0.0833": [-1, 0, 1],
						"0.1667": [-1, 0, 2],
						"0.25": [-1, 1, 2],
						"0.3333": [-1, 1, 1],
						"0.4167": [-1, 0, 1],
						"0.5": [-1, 0, 2],
						"0.5833": [-1, 1, 2],
						"0.6667": [-1, 1, 1],
						"0.75": [-1, 0, 1],
						"0.8333": [-1, 0, 2],
						"0.9167": [-1, 1, 2],
						"1.0": [-1, 1, 1]
					}
				},
				"leg3": {
					"rotation": {
						"0.0": [20, -20, 0],
						"0.0833": [0, -20, 0],
						"0.1667": [-20, -20, 0],
						"0.25": [0, -20, 0],
						"0.3333": [20, -20, 0],
						"0.4167": [0, -20, 0],
						"0.5": [-20, -20, 0],
						"0.5833": [0, -20, 0],
						"0.6667": [20, -20, 0],
						"0.75": [0, -20, 0],
						"0.8333": [-20, -20, 0],
						"0.9167": [0, -20, 0],
						"1.0": [20, -20, 0]
					},
					"position": {
						"0.0": [1, 0, 2],
						"0.0833": [1, 1, 2],
						"0.1667": [1, 1, 1],
						"0.25": [1, 0, 1],
						"0.3333": [1, 0, 2],
						"0.4167": [1, 1, 2],
						"0.5": [1, 1, 1],
						"0.5833": [1, 0, 1],
						"0.6667": [1, 0, 2],
						"0.75": [1, 1, 2],
						"0.8333": [1, 1, 1],
						"0.9167": [1, 0, 1],
						"1.0": [1, 0, 2]
					}
				}
			}
		}
	}
}