{
	"format_version": "1.12.0",
	"minecraft:geometry": [
		{
			"description": {
				"identifier": "geometry.creeper.bma2",
				"texture_width": 64,
				"texture_height": 32,
				"visible_bounds_width": 5,
				"visible_bounds_height": 3.25,
				"visible_bounds_offset": [0, 1.375, 0]
			},
			"bones": [
				{
					"name": "root",
					"pivot": [0, 0, 0]
				},
				{
					"name": "body",
					"parent": "root",
					"pivot": [0, 6, 0],
					"cubes": [
						{"origin": [-4, 6, -2], "size": [8, 12, 4], "uv": [16, 16]}
					]
				},
				{
					"name": "head",
					"parent": "body",
					"pivot": [0, 18, 0],
					"cubes": [
						{"origin": [-4, 18, -4], "size": [8, 8, 8], "uv": [0, 0]}
					]
				},
				{
					"name": "eyes",
					"parent": "head",
					"pivot": [0, 23, -4.1],
					"cubes": [
						{"origin": [1, 22, -4.1], "size": [2, 2, 0], "uv": [13, 8]},
						{"origin": [-3, 22, -4.1], "size": [2, 2, 0], "uv": [13, 8], "mirror": true}
					]
				},
				{
					"name": "legs",
					"parent": "root",
					"pivot": [0, 6, 0]
				},
				{
					"name": "leg0",
					"parent": "legs",
					"pivot": [-2, 6, 4],
					"cubes": [
						{"origin": [-4, 0, 2], "size": [4, 6, 4], "uv": [0, 16]}
					]
				},
				{
					"name": "leg1",
					"parent": "legs",
					"pivot": [2, 6, 4],
					"cubes": [
						{"origin": [0, 0, 2], "size": [4, 6, 4], "uv": [0, 16]}
					]
				},
				{
					"name": "leg2",
					"parent": "legs",
					"pivot": [-2, 6, -4],
					"cubes": [
						{"origin": [-4, 0, -6], "size": [4, 6, 4], "uv": [0, 16]}
					]
				},
				{
					"name": "leg3",
					"parent": "legs",
					"pivot": [2, 6, -4],
					"cubes": [
						{"origin": [0, 0, -6], "size": [4, 6, 4], "uv": [0, 16]}
					]
				}
			]
		},
		{
			"description": {
				"identifier": "geometry.creeper.charged.bma2",
				"texture_width": 64,
				"texture_height": 32,
				"visible_bounds_width": 2,
				"visible_bounds_height": 3.25,
				"visible_bounds_offset": [0, 1.375, 0]
			},
			"bones": [
				{
					"name": "root",
					"pivot": [0, 0, 0]
				},
				{
					"name": "body",
					"parent": "root",
					"pivot": [0, 6, 0],
					"cubes": [
						{"origin": [-4, 6, -2], "size": [8, 12, 4], "uv": [16, 16]}
					]
				},
				{
					"name": "head",
					"parent": "body",
					"pivot": [0, 18, 0],
					"cubes": [
						{"origin": [-4, 18, -4], "size": [8, 8, 8], "uv": [0, 0]}
					]
				},
				{
					"name": "legs",
					"parent": "root",
					"pivot": [0, 6, 0]
				},
				{
					"name": "leg0",
					"parent": "legs",
					"pivot": [-2, 6, 4],
					"cubes": [
						{"origin": [-4, 0, 2], "size": [4, 6, 4], "uv": [0, 16]}
					]
				},
				{
					"name": "leg1",
					"parent": "legs",
					"pivot": [2, 6, 4],
					"cubes": [
						{"origin": [0, 0, 2], "size": [4, 6, 4], "uv": [0, 16]}
					]
				},
				{
					"name": "leg2",
					"parent": "legs",
					"pivot": [-2, 6, -4],
					"cubes": [
						{"origin": [-4, 0, -6], "size": [4, 6, 4], "uv": [0, 16]}
					]
				},
				{
					"name": "leg3",
					"parent": "legs",
					"pivot": [2, 6, -4],
					"cubes": [
						{"origin": [0, 0, -6], "size": [4, 6, 4], "uv": [0, 16]}
					]
				}
			]
		}
	]
}