{
	"format_version": "1.12.0",
	"minecraft:geometry": [
		{
			"description": {
				"identifier": "geometry.villager_v2.bma2",
				"texture_width": 64,
				"texture_height": 64,
				"visible_bounds_width": 4,
				"visible_bounds_height": 6,
				"visible_bounds_offset": [0, 1, 0]
			},
			"bones": [
				{
					"name": "root",
					"pivot": [0, 0, 0]
				},
				{
					"name": "spine",
					"parent": "root",
					"pivot": [0, 12, 0]
				},
				{
					"name": "head",
					"parent": "spine",
					"pivot": [0, 24, 0],
					"cubes": [
						{"origin": [-4, 24, -4], "size": [8, 10, 8], "uv": [0, 0]}
					]
				},
				{
					"name": "helmet",
					"parent": "head",
					"pivot": [0, 24, 0],
					"cubes": [
						{"origin": [-4, 24, -4], "size": [8, 10, 8], "inflate": 0.5, "uv": [32, 0]}
					]
				},
				{
					"name": "brim",
					"parent": "head",
					"pivot": [0, 24, 0],
					"rotation": [-90, 0, 0],
					"cubes": [
						{"origin": [-8, 16, -6], "size": [16, 16, 1], "inflate": 0.1, "uv": [30, 47]}
					]
				},
				{
					"name": "nose",
					"parent": "head",
					"pivot": [0, 26, -4],
					"cubes": [
						{"origin": [-1, 23, -6], "size": [2, 4, 2], "uv": [24, 0]}
					]
				},
				{
					"name": "eyelids",
					"parent": "head",
					"pivot": [0, 27.5, -4.05],
					"cubes": [
						{"origin": [1, 27, -4.075], "size": [2, 1, 0], "uv": [13, 12]},
						{"origin": [-3, 27, -4.075], "size": [2, 1, 0], "uv": [13, 12], "mirror": true}
					]
				},
				{
					"name": "body",
					"parent": "spine",
					"pivot": [0, 12, 0],
					"cubes": [
						{"origin": [-4, 12, -3], "size": [8, 12, 6], "uv": [16, 20]},
						{"origin": [-4, 6, -3], "size": [8, 18, 6], "inflate": 0.5, "uv": [0, 38]}
					],
					"locators": {
						"lead_hold": [0, 42, 0]
					}
				},
				{
					"name": "arms",
					"parent": "spine",
					"pivot": [0, 22, 0],
					"cubes": [
						{"origin": [-4, 16, -2], "size": [8, 4, 4], "uv": [40, 38]},
						{"origin": [-8, 16, -2], "size": [4, 8, 4], "uv": [44, 22]},
						{"origin": [4, 16, -2], "size": [4, 8, 4], "uv": [44, 22], "mirror": true}
					]
				},
				{
					"name": "held_item",
					"parent": "arms",
					"pivot": [0, 18, 0]
				},
				{
					"name": "waist",
					"parent": "root",
					"pivot": [0, 12, 0]
				},
				{
					"name": "leg0",
					"parent": "waist",
					"pivot": [-2, 12, 0],
					"cubes": [
						{"origin": [-4, 0, -2], "size": [4, 12, 4], "uv": [0, 22]}
					]
				},
				{
					"name": "leg1",
					"parent": "waist",
					"pivot": [2, 12, 0],
					"cubes": [
						{"origin": [0, 0, -2], "size": [4, 12, 4], "uv": [0, 22], "mirror": true}
					]
				}
			]
		}
	]
}