{
  "format_version": "1.8.0",
  "minecraft:client_entity": {
    "description": {
      "identifier": "minecraft:creeper",
      "min_engine_version": "1.8.0",
      "materials": {
        "default": "creeper",
        "charged": "charged_creeper"
      },
      "textures": {
        "default": "textures/entity/creeper/creeper",
        "charged": "textures/entity/creeper/creeper_armor"
      },
      "geometry": {
        "default": "geometry.creeper.v1.8",
        "charged": "geometry.creeper.charged.v1.8"
      },
      "spawn_egg": {
        "texture": "spawn_egg",
        "texture_index": 6
      },
      "scripts": {
        "pre_animation": [
          "variable.wobble = Math.sin(query.swell_amount * 5730) * query.swell_amount * 0.01 + 1.0;",
          "variable.swelling_scale1 = (Math.pow(Math.clamp(query.swell_amount, 0.0, 1.0), 4.0) * 0.4 + 1.0) * variable.wobble;",
          "variable.swelling_scale2 = (Math.pow(Math.clamp(query.swell_amount, 0.0, 1.0), 4.0) * 0.1 + 1.0) / variable.wobble;",
          "variable.leg_rot = Math.cos(query.modified_distance_moved * 38.17326) * 80.22 * query.modified_move_speed;",
          "variable.flash = Math.mod(Math.Round(query.swell_amount * 10.0), 2.0);"
        ]
      },
      "animations": {
        "base": "animation.creeper.v1.8.base",
        "base_face": "animation.creeper.v1.8.base_face",
        "walking": "animation.creeper.v1.8.walking",
        "avoid_mob": "animation.creeper.v1.8.avoid_mob",
        "walking_no_ground": "animation.creeper.v1.8.walking_no_ground",
        "avoid_no_ground": "animation.creeper.v1.8.avoid_no_ground",
        "death_face": "animation.creeper.v1.8.death_face",
        "in_water": "animation.creeper.v1.8.in_water",
        "hurt": "animation.creeper.v1.8.hurt",
        "hurt2": "animation.creeper.v1.8.hurt2",
        "swelling_time": "animation.creeper.v1.8.swelling_time",
        "looking": "animation.creeper.v1.8.looking"
      },
      "animation_controllers": [
        { "general": "controller.animation.creeper.v1.8.general" },
        { "facial": "controller.animation.creeper.v1.8.facial" },
        { "creeper_swelling": "controller.animation.creeper.v1.8.creeper_swelling" },
        { "damage": "controller.animation.creeper.v1.8.damage" },
        { "look_target": "controller.animation.creeper.v1.8.look_target" }
      ],
      "render_controllers": [ "controller.render.creeper", "controller.render.creeper_armor" ]
    }
  }
}