{
  "format_version": "1.8.0",
  "minecraft:client_entity": {
    "description": {
      "identifier": "minecraft:enderman",
      "min_engine_version": "1.8.0",
      "materials": {
        "default": "enderman",
        "invisible": "enderman_invisible"
      },
      "textures": {
        "default": "textures/entity/enderman/enderman"
      },
      "geometry": {
        "default": "geometry.enderman.v1.8"
      },
      "scripts": {
        "pre_animation": [
          "variable.tcos0 = (Math.cos(query.modified_distance_moved * 38.17) * query.modified_move_speed / variable.gliding_speed_value) * 28.65;",
          "variable.eye_target_x = query.target_y_rotation - this;",
          "variable.eye_target_y = query.target_x_rotation - this;"
        ]
      },
      "animations": {
        "base": "animation.enderman.base",
        "base_carrying": "animation.enderman.base_carrying",
        "walking": "animation.enderman.walking",
        "walking_carrying": "animation.enderman.walking_carrying",
        "base_face": "animation.enderman.base_face",
        "death_face": "animation.enderman.death_face",
        "angry_move": "animation.enderman.angry_move",
        "angry_carrying": "animation.enderman.angry_carrying",
        "angry_stand": "animation.enderman.angry_stand",
        "angry_stand_carrying": "animation.enderman.angry_stand_carrying",
        "angry_face": "animation.enderman.angry_face",
        "attack_time": "animation.enderman.attack_time",
        "attack_time2": "animation.enderman.attack_time2",
        "attack_time_stand": "animation.enderman.attack_time_stand",
        "attack_time_stand2": "animation.enderman.attack_time_stand2",
        "hurt": "animation.enderman.hurt",
        "hurt2": "animation.enderman.hurt2",
        "looking": "animation.enderman.looking"
      },
      "animation_controllers": [
        { "general": "controller.animation.enderman.general" },
        { "facial": "controller.animation.enderman.facial" },
        { "look_target": "controller.animation.enderman.look_target" },
        { "damage": "controller.animation.enderman.damage" } 
      ],
      "render_controllers": [ "controller.render.enderman" ],
      "spawn_egg": {
        "texture": "spawn_egg",
        "texture_index": 7
      }
    }
  }
}