{
  "format_version": "1.8.0",
  "minecraft:client_entity": {
    "description": {
      "identifier": "minecraft:parrot",
      "materials": { "default": "parrot"},
      "textures": {
        "blue": "textures/entity/parrot/parrot_blue",
        "green": "textures/entity/parrot/parrot_green",
        "red_blue": "textures/entity/parrot/parrot_red_blue",
        "yellow_blue": "textures/entity/parrot/parrot_yellow_blue",
        "grey": "textures/entity/parrot/parrot_grey"
      },
      "geometry": {
        "default": "geometry.parrot"
      },
      "scripts": {
        "pre_animation": [
          "variable.state = query.is_dancing ? 3 : (query.is_sitting ? 2 : (!query.is_on_ground && !query.is_jumping && !query.is_riding ? 0 : 1));",
          "variable.dance.x = Math.cos(query.life_time * 57.3 * 20.0);",
          "variable.dance.y = -Math.sin(query.life_time * 57.3 * 20.0);",
          "variable.wing_flap = ((math.sin(query.wing_flap_position * 57.3) + 1) * query.wing_flap_speed);",
          "variable.eye_target_x = query.target_y_rotation - this;",
          "variable.eye_target_y = query.target_x_rotation - this;"
        ]
      },
      "animations": {
        "base": "animation.parrot.base",
        "step": "animation.parrot.step",
        "base_face": "animation.parrot.base_face",
        "death_face": "animation.parrot.death_face",
        "walking": "animation.parrot.walking",
        "landing": "animation.parrot.landing",
        "sit": "animation.parrot.sit",
        "fly": "animation.parrot.fly",
        "swimming": "animation.parrot.swimming",
        "looking": "animation.parrot.looking",
        "dancing": "animation.parrot.dancing",
        "hurt": "animation.parrot.hurt"
      },
      "animation_controllers": [
        { "general": "controller.animation.parrot.general" },
        { "facial": "controller.animation.parrot.facial" },
        { "look_target": "controller.animation.parrot.look_target" },
        { "damage": "controller.animation.parrot.damage" }
      ],
      "render_controllers": [ "controller.render.parrot" ],
      "spawn_egg": {
        "texture": "spawn_egg",
        "texture_index": 43
      }
    }
  }
}