{
  "format_version": "1.8.0",
  "minecraft:client_entity": {
    "description": {
      "identifier": "minecraft:wolf",
      "materials": { "default": "wolf" },
      "textures": {
        "default": "textures/entity/wolf/wolf",
        "angry": "textures/entity/wolf/wolf_angry",
        "tame": "textures/entity/wolf/wolf_tame"
      },
      "geometry": {
        "default": "geometry.wolf"
      },
      "scripts": {
        "pre_animation": [
          "variable.body_shake_angle = 0.05 * query.frame_alpha + query.shake_angle;",
          "variable.body_roll_progress = Math.clamp((variable.body_shake_angle - 0.16) / 1.8, 0, 1);",
          "variable.body_rot_z = Math.sin(variable.body_roll_progress * 180) * Math.sin(variable.body_roll_progress * 1980) * 27;",
          "variable.upper_body_roll_progress = Math.clamp((variable.body_shake_angle - 0.08) / 1.8, 0, 1);",
          "variable.upper_body_rot_z = (Math.sin(variable.upper_body_roll_progress * 180) * Math.sin(variable.upper_body_roll_progress * 1980) * 27) - variable.body_rot_z;",
          "variable.tail_roll_progress = Math.clamp((variable.body_shake_angle - 0.2) / 1.8, 0, 1);",
          "variable.tail_rot_z = (Math.sin(variable.tail_roll_progress * 180) * Math.sin(variable.tail_roll_progress * 1980) * 27) - variable.body_rot_z;",
          "variable.head_roll_progress = Math.clamp(variable.body_shake_angle / 1.8, 0, 1);",
          "variable.head_rot_z = (Math.sin(variable.head_roll_progress * 180) * Math.sin(variable.head_roll_progress * 1980) * 27) - variable.body_rot_z;",
          "variable.eye_target_x = query.target_y_rotation - this;",
          "variable.eye_target_y = query.target_x_rotation - this;"
        ]
      },
      "animations": {
        "base": "animation.wolf.base",
        "ear_wagging": "animation.wolf.ear_wagging",
        "tail_wagging": "animation.wolf.tail_wagging",
        "tail_wagging2": "animation.wolf.tail_wagging2",
        "base_face": "animation.wolf.base_face",
        "tamed_face": "animation.wolf.tamed_face",
        "death_face": "animation.wolf.death_face",
        "looking": "animation.wolf.looking",
        "walking": "animation.wolf.walking",
        "running": "animation.wolf.running",
        "sitting": "animation.wolf.sitting",
        "sitting_interested": "animation.wolf.sitting_interested",
        "tail_wagging_sit": "animation.wolf.tail_wagging_sit",
        "tail_wagging_sit2": "animation.wolf.tail_wagging_sit2",
        "swimming": "animation.wolf.swimming",
        "tail_wagging_swim": "animation.wolf.tail_wagging_swim",
        "shaking_time": "animation.wolf.shaking_time",
        "after_shaking": "animation.wolf.after_shaking",
        "baby": "animation.wolf.baby",
        "hurt": "animation.wolf.hurt"
      },
      "animation_controllers": [
        { "general": "controller.animation.wolf.general" },
        { "facial": "controller.animation.wolf.facial" },
        { "look_target": "controller.animation.wolf.look_target" },
        { "baby_wolf": "controller.animation.wolf.baby_wolf" },
        { "damage": "controller.animation.wolf.damage" }
      ],
      "render_controllers": [ "controller.render.wolf" ],
      "spawn_egg": {
        "texture": "spawn_egg",
        "texture_index": 4
      }
    }
  }
}