{
  "format_version": "1.8.0",
  "minecraft:client_entity": {
    "description": {
      "identifier": "minecraft:zombie",
      "min_engine_version": "1.8.0",
      "materials": {
        "default": "zombie"
      },
      "textures": {
        "default": "textures/entity/zombie/zombie"
      },
      "geometry": {
        "default": "geometry.zombie.v1.8"
      },
      "spawn_egg": {
        "texture": "spawn_egg",
        "texture_index": 12
      },
      "scripts": {
        "pre_animation": [
          "variable.tcos0 = (Math.cos(query.modified_distance_moved * 38.17) * query.modified_move_speed / variable.gliding_speed_value) * 57.3;",
          "variable.eye_target_x = query.target_y_rotation - this;",
          "variable.eye_target_y = query.target_x_rotation - this;"
        ]
      },
      "animations": {
        "base": "animation.zombie.v1.8.base",
        "base_face": "animation.zombie.v1.8.base_face",
        "death_face": "animation.zombie.v1.8.death_face",
        "walking": "animation.zombie.v1.8.walking",
        "running": "animation.zombie.v1.8.running",
        "attack_time": "animation.zombie.v1.8.attack_time",
        "attack_walk": "animation.zombie.v1.8.attack_walk",
        "riding_leg": "animation.zombie.v1.8.riding_leg",
        "riding_arms": "animation.zombie.v1.8.riding_arms",
        "riding_has_target": "animation.zombie.v1.8.riding_has_target",
        "baby": "animation.zombie.v1.8.baby",
        "hurt": "animation.zombie.v1.8.hurt",
        "hurt2": "animation.zombie.v1.8.hurt2",
        "looking": "animation.zombie.v1.8.looking",
        "arm_control": "animation.zombie.v1.8.arm_control"
      },
      "animation_controllers": [
        { "general": "controller.animation.zombie.v1.8.general" },
        { "facial": "controller.animation.zombie.v1.8.facial" },
        { "damage": "controller.animation.zombie.v1.8.damage" },
        { "baby_zombie": "controller.animation.zombie.v1.8.baby_zombie" },
        { "look_target": "controller.animation.zombie.v1.8.look_target" }
      ],
      "render_controllers": [ "controller.render.zombie" ],
      "enable_attachables": true
    }
  }
}
