{
  "format_version": "1.8.0",
  "render_controllers": {
    "controller.render.mule.v3": {
      "part_visibility": [
        { "Saddle": "query.is_saddled" },
        { "Bit*": "query.is_saddled" },
        { "Bridle": "query.is_saddled" },
        { "Reins*" : "query.is_saddled && query.has_rider" },
        { "Bag*" : "query.is_chested" },
        { "Ear*" : false}
      ],
      "geometry": "Geometry.default",
      "materials": [
        { "*": "Material.default" }
      ],
      "textures": [ "Texture.mule", "Texture.markings_none", "Texture.armor_none" ],
      "is_hurt_color": {
        "r": 1.0,
        "g": 1.0,
        "b": 1.0,
        "a": "q.is_alive ? 0.2 : 0"
      }
    }
  }
}
