{
  "format_version": "1.8.0",
  "render_controllers": {
    "controller.render.sheep": {
      "arrays": {
        "geometries": {
          "Array.geos": [
            "Geometry.default",
            "Geometry.sheared"
          ]
        }
      },
      "geometry": "array.geos[query.is_sheared]",
      "materials": [
        {
          "*": "material.default"
        }
      ],
      "textures": ["texture.default"],
      "is_hurt_color": {
        "r": 1.0,
        "g": 1.0,
        "b": 1.0,
        "a": "q.is_alive ? 0.2 : 0"
      }
    }
  }
}
