{
  "format_version": "1.8.0",
  "render_controllers": {
    "controller.render.skeleton_horse.v3": {
      "part_visibility": [
        { "Saddle": false },
        { "Bit*": false },
        { "Bridle": false },
        { "Reins*" : false },
        { "Bag*" : false },
        { "MuleEar*" : false}
      ],
      "geometry": "Geometry.default",
      "materials": [
        { "*": "Material.default" }
      ],
      "textures": [ "Texture.skeleton", "Texture.markings_none", "Texture.armor_none" ],
      "is_hurt_color": {
        "r": 1.0,
        "g": 1.0,
        "b": 1.0,
        "a": "q.is_alive ? 0.2 : 0"
      }
    }
  }
}
