{
	"format_version": "1.8.0",
	"animations": {
		"animation.cat.baby_transform": {
			"loop": true,
			"bones": {
				"head": {
					"scale": 1.5
				}
			}
		},
		"animation.cat.lie_down": {
			"loop": true,
			"bones": {
				"backLegL": {
					"rotation": [
						-22.92,
						0,
						0
					],
					"position": [
						0,
						-0.7,
						0
					]
				},
				"backLegR": {
					"rotation": [
						28.65,
						0,
						-28.65
					],
					"position": [
						0.1,
						-1.2,
						0
					]
				},
				"body": {
					"rotation": [
						0,
						0,
						"math.lerprotate(0,90,variable.liedownamount)"
					],
					"position": [
						0,
						"variable.liedownamount*-4.5+variable.lieonplayer*(4.5+query.is_baby*6)",
						0
					]
				},
				"frontLegL": {
					"rotation": [
						-72.81,
						0,
						0
					],
					"position": [
						0,
						-1,
						-1.5
					]
				},
				"frontLegR": {
					"rotation": [
						-30,
						0,
						-14.46
					],
					"position": [
						0.2,
						-0.9,
						0
					]
				},
				"head": {
					"rotation": [
						-10,
						"math.lerprotate(this,75.81,variable.liedownamount)",
						0
					],
					"position": [
						-0.1,
						0,
						-0.5
					]
				},
				"tail1": {
					"rotation": [
						"math.lerprotate(this,-33.84,variable.liedownamounttail)",
						0,
						0
					],
					"position": [
						0,
						0,
						0
					]
				},
				"tail2": {
					"rotation": [
						"math.lerprotate(this,-68.92,variable.liedownamounttail)",
						0,
						0
					],
					"position": [
						0,
						0,
						0
					]
				},
				"root": {
					"rotation": [
						-0.65426,
						-4.95712,
						-82.47168
					]
				}
			}
		},
		"animation.cat.sit": {
			"loop": true,
			"animation_length": 1,
			"bones": {
				"backLegL": {
					"rotation": [
						-83.52973,
						-24.09293,
						-6.8817
					],
					"position": [
						0,
						-6,
						0
					]
				},
				"backLegR": {
					"rotation": [
						-83.52973,
						24.09293,
						6.8817
					],
					"position": [
						0,
						-6,
						0
					]
				},
				"body": {
					"rotation": [
						-45,
						0,
						0
					],
					"position": [
						0,
						-1,
						0
					]
				},
				"frontLegL": {
					"rotation": [
						2.13162,
						0.28057,
						-7.49478
					],
					"position": [
						0,
						-1.5,
						2
					]
				},
				"frontLegR": {
					"rotation": [
						2.13162,
						-0.28057,
						7.49478
					],
					"position": [
						0,
						-1.5,
						2
					]
				},
				"tail1": {
					"rotation": {
						"0.0": [
							59.78638,
							6.49053,
							-3.76613
						],
						"0.5": [
							59.97637,
							2.16489,
							6.28164
						],
						"1.0": [
							59.78638,
							6.49053,
							-3.76613
						]
					},
					"position": [
						0,
						-6.5,
						-0.5
					]
				},
				"tail2": {
					"rotation": {
						"0.0": [
							39.89247,
							-3.21154,
							3.83424
						],
						"0.25": [
							39.56869,
							6.40865,
							-7.69263
						],
						"0.5": [
							39.35296,
							6.38452,
							-7.72069
						],
						"0.75": [
							39.40672,
							-4.78591,
							5.77043
						],
						"1.0": [
							39.89247,
							-3.21154,
							3.83424
						]
					},
					"position": [
						0,
						-8,
						-8
					]
				},
				"root": {
					"position": [
						0,
						1,
						0
					]
				},
				"head": {
					"position": [
						0,
						4,
						3
					]
				},
				"frontLegLKnee": {
					"rotation": [
						10,
						0,
						0
					]
				},
				"frontLegRKnee": {
					"rotation": [
						7.5,
						0,
						0
					]
				},
				"leftEar": {
					"rotation": {
						"0.0": [
							0,
							0,
							0
						],
						"0.25": [
							0,
							-20,
							0
						],
						"0.5": [
							0,
							-20,
							0
						],
						"0.75": [
							7.92945,
							-18.42031,
							-23.78773
						],
						"1.0": [
							0,
							0,
							0
						]
					}
				},
				"rightEar": {
					"rotation": {
						"0.0": [
							0,
							17.5,
							0
						],
						"0.25": [
							5.41615,
							16.66577,
							18.29388
						],
						"0.5": [
							5.32938,
							-13.20834,
							15.51528
						],
						"0.75": [
							5.32938,
							-13.20834,
							15.51528
						],
						"1.0": [
							0,
							17.5,
							0
						]
					}
				}
			}
		},
		"animation.cat.sneak": {
			"loop": true,
			"animation_length": 1.33333,
			"bones": {
				"backLegL": {
					"rotation": [
						"math.cos(query.modified_distance_moved*38.17)*57.3*query.modified_move_speed",
						0,
						0
					],
					"position": [
						0,
						1,
						0
					]
				},
				"backLegR": {
					"rotation": [
						"math.cos(query.modified_distance_moved*38.17+180)*57.3*query.modified_move_speed",
						0,
						0
					],
					"position": [
						0,
						1,
						0
					]
				},
				"body": {
					"position": [
						0,
						-1,
						0
					]
				},
				"frontLegL": {
					"rotation": [
						"math.cos(query.modified_distance_moved*38.17+180)*57.3*query.modified_move_speed",
						0,
						0
					],
					"position": [
						0,
						1,
						0
					]
				},
				"frontLegR": {
					"rotation": [
						"math.cos(query.modified_distance_moved*38.17)*57.3*query.modified_move_speed",
						0,
						0
					],
					"position": [
						0,
						1,
						0
					]
				},
				"head": {
					"position": [
						0,
						-1,
						0
					]
				},
				"tail1": {
					"rotation": [
						62.5,
						0,
						0
					],
					"position": [
						0,
						-1,
						0
					]
				},
				"tail2": {
					"rotation": {
						"0.0": [
							"62+math.cos(query.modified_distance_moved*57.3)*27*query.modified_move_speed",
							0,
							0
						],
						"1.3333": [
							"26.1182+math.cos(query.modified_distance_moved*57.3)*27*query.modified_move_speed",
							0,
							0
						]
					},
					"position": [
						0,
						-8,
						-8
					]
				}
			}
		},
		"animation.cat.sprint": {
			"loop": true,
			"animation_length": 0.33333,
			"bones": {
				"backLegL": {
					"rotation": {
						"0.0": [
							-32.5,
							0,
							0
						],
						"0.0417": [
							0,
							0,
							0
						],
						"0.1667": [
							55,
							0,
							0
						],
						"0.2917": [
							-25,
							0,
							0
						],
						"0.3333": [
							-32.5,
							0,
							0
						]
					}
				},
				"backLegR": {
					"rotation": {
						"0.0": [
							-40,
							0,
							0
						],
						"0.125": [
							0,
							0,
							0
						],
						"0.2083": [
							62.5,
							0,
							0
						],
						"0.3333": [
							-40,
							0,
							0
						]
					}
				},
				"frontLegL": {
					"rotation": {
						"0.0": [
							30,
							0,
							0
						],
						"0.125": [
							-59.89078,
							-3.53329,
							-3.54002
						],
						"0.2083": [
							4.64286,
							0,
							0
						],
						"0.3333": [
							30,
							0,
							0
						]
					},
					"position": {
						"0.0": [
							0,
							-1.5,
							0
						],
						"0.1667": [
							0,
							0,
							0
						],
						"0.3333": [
							0,
							-1.5,
							0
						]
					}
				},
				"frontLegR": {
					"rotation": {
						"0.0": [
							30,
							0,
							0
						],
						"0.0833": [
							-45,
							0,
							0
						],
						"0.2083": [
							4.64286,
							0,
							0
						],
						"0.3333": [
							30,
							0,
							0
						]
					},
					"position": {
						"0.0": [
							0,
							0,
							0
						],
						"0.1667": [
							0,
							-1.5,
							0
						],
						"0.3333": [
							0,
							0,
							0
						]
					}
				},
				"tail1": {
					"rotation": {
						"0.0": [
							57.5,
							0,
							0
						],
						"0.1667": [
							40,
							0,
							0
						],
						"0.3333": [
							57.5,
							0,
							0
						]
					}
				},
				"tail2": {
					"rotation": {
						"0.0": [
							"62+math.cos(query.modified_distance_moved*57.3)*18*query.modified_move_speed",
							0,
							0
						],
						"0.0833": [
							"14.5+math.cos(query.modified_distance_moved*57.3)*18*query.modified_move_speed",
							0,
							0
						],
						"0.1667": [
							"24.5+math.cos(query.modified_distance_moved*57.3)*18*query.modified_move_speed",
							0,
							0
						],
						"0.3333": [
							"62+math.cos(query.modified_distance_moved*57.3)*18*query.modified_move_speed",
							0,
							0
						]
					},
					"position": [
						0,
						-8,
						-8
					]
				},
				"root": {
					"rotation": {
						"0.0": [
							-12.5,
							0,
							0
						],
						"0.125": [
							0,
							0,
							0
						],
						"0.1667": [
							0,
							0,
							0
						],
						"0.3333": [
							-12.5,
							0,
							0
						]
					},
					"position": {
						"0.0": [
							0,
							0,
							0
						],
						"0.2083": [
							0,
							0,
							0
						],
						"0.2917": [
							0,
							1,
							0
						],
						"0.3333": [
							0,
							0,
							0
						]
					}
				},
				"frontLegLKnee": {
					"rotation": {
						"0.0": [
							17.5,
							0,
							0
						],
						"0.0833": [
							28.88889,
							0,
							0
						],
						"0.1667": [
							0,
							0,
							0
						],
						"0.25": [
							5,
							0,
							0
						],
						"0.3333": [
							17.5,
							0,
							0
						]
					}
				},
				"frontLegRKnee": {
					"rotation": {
						"0.0": [
							0,
							0,
							0
						],
						"0.0833": [
							15,
							0,
							0
						],
						"0.1667": [
							17.5,
							0,
							0
						],
						"0.25": [
							28.88889,
							0,
							0
						],
						"0.3333": [
							0,
							0,
							0
						]
					}
				}
			}
		},
		"animation.cat.walk": {
			"loop": true,
			"animation_length": 0.5,
			"bones": {
				"backLegL": {
					"rotation": {
						"0.0": [
							30,
							0,
							0
						],
						"0.25": [
							-30,
							0,
							0
						],
						"0.375": [
							-7.5,
							0,
							0
						],
						"0.5": [
							30,
							0,
							0
						]
					},
					"position": {
						"0.0": [
							0,
							0,
							0
						],
						"0.125": [
							0,
							2,
							0
						],
						"0.25": [
							0,
							0,
							0
						],
						"0.5": [
							0,
							0,
							0
						]
					}
				},
				"backLegR": {
					"rotation": {
						"0.0": [
							-30,
							0,
							0
						],
						"0.125": [
							-7.5,
							0,
							0
						],
						"0.25": [
							30,
							0,
							0
						],
						"0.5": [
							-30,
							0,
							0
						]
					},
					"position": {
						"0.0": [
							0,
							0,
							0
						],
						"0.25": [
							0,
							0,
							0
						],
						"0.375": [
							0,
							2,
							0
						],
						"0.5": [
							0,
							0,
							0
						]
					}
				},
				"frontLegL": {
					"rotation": {
						"0.0": [
							-15,
							0,
							0
						],
						"0.0833": [
							-32.5,
							0,
							0
						],
						"0.2917": [
							12.5,
							0,
							0
						],
						"0.375": [
							15.71429,
							0,
							0
						],
						"0.5": [
							-15,
							0,
							0
						]
					}
				},
				"frontLegR": {
					"rotation": {
						"0.0": [
							15,
							0,
							0
						],
						"0.0833": [
							23.21429,
							0,
							0
						],
						"0.2917": [
							-30,
							0,
							0
						],
						"0.375": [
							-7.5,
							0,
							0
						],
						"0.5": [
							15,
							0,
							0
						]
					}
				},
				"tail1": {
					"rotation": {
						"0.0": [
							52.39445,
							3.9649,
							-3.04868
						],
						"0.25": [
							52.5,
							0,
							6.09738
						],
						"0.5": [
							52.39445,
							3.9649,
							-3.04868
						]
					}
				},
				"tail2": {
					"rotation": {
						"0.0": [
							22.19157,
							-3.81024,
							9.25249
						],
						"0.125": [
							22.32648,
							2.86313,
							-6.93488
						],
						"0.25": [
							20.94102,
							8.42106,
							-20.94102
						],
						"0.375": [
							21.29954,
							-2.27808,
							5.7949
						],
						"0.5": [
							22.19157,
							-3.81024,
							9.25249
						]
					},
					"position": [
						0,
						-8,
						-8
					]
				},
				"root": {
					"rotation": {
						"0.0": [
							0,
							0,
							0
						],
						"0.0833": [
							2.47403,
							0,
							0
						],
						"0.1667": [
							-0.01299,
							0,
							0
						],
						"0.25": [
							0,
							0,
							0
						],
						"0.3333": [
							2.5,
							0,
							0
						],
						"0.4167": [
							0,
							0,
							0
						],
						"0.5": [
							0,
							0,
							0
						]
					},
					"position": {
						"0.0": [
							0,
							-0.5,
							0
						],
						"0.0833": [
							0,
							-0.75,
							0
						],
						"0.1667": [
							0,
							-0.37,
							0
						],
						"0.25": [
							0,
							-0.5,
							0
						],
						"0.3333": [
							0,
							-0.5,
							0
						],
						"0.4167": [
							0,
							-0.37,
							0
						],
						"0.5": [
							0,
							-0.5,
							0
						]
					}
				},
				"frontLegLKnee": {
					"rotation": {
						"0.0": [
							32.5,
							0,
							0
						],
						"0.0833": [
							12.5,
							0,
							0
						],
						"0.1667": [
							5,
							0,
							0
						],
						"0.2917": [
							5,
							0,
							0
						],
						"0.4167": [
							40.50072,
							0,
							0
						],
						"0.5": [
							32.5,
							0,
							0
						]
					}
				},
				"frontLegRKnee": {
					"rotation": {
						"0.0": [
							5,
							0,
							0
						],
						"0.0833": [
							12.5,
							0,
							0
						],
						"0.1667": [
							40.50072,
							0,
							0
						],
						"0.2917": [
							20,
							0,
							0
						],
						"0.375": [
							0,
							0,
							0
						],
						"0.5": [
							5,
							0,
							0
						]
					}
				}
			}
		},
		"animation.cat.idle": {
			"loop": true,
			"animation_length": 1,
			"bones": {
				"tail1": {
					"rotation": {
						"0.0": [
							59.78638,
							6.49053,
							-3.76613
						],
						"0.5": [
							59.97637,
							2.16489,
							6.28164
						],
						"1.0": [
							59.78638,
							6.49053,
							-3.76613
						]
					}
				},
				"tail2": {
					"rotation": {
						"0.0": [
							39.89247,
							-3.21154,
							3.83424
						],
						"0.25": [
							39.56869,
							6.40865,
							-7.69263
						],
						"0.5": [
							39.35296,
							6.38452,
							-7.72069
						],
						"0.75": [
							39.40672,
							-4.78591,
							5.77043
						],
						"1.0": [
							39.89247,
							-3.21154,
							3.83424
						]
					},
					"position": [
						0,
						-8,
						-8
					]
				},
				"rightEar": {
					"rotation": {
						"0.0": [
							0,
							17.5,
							0
						],
						"0.25": [
							5.41615,
							16.66577,
							18.29388
						],
						"0.5": [
							5.32938,
							-13.20834,
							15.51528
						],
						"0.75": [
							5.32938,
							-13.20834,
							15.51528
						],
						"1.0": [
							0,
							17.5,
							0
						]
					}
				},
				"leftEar": {
					"rotation": {
						"0.0": [
							0,
							0,
							0
						],
						"0.25": [
							0,
							-20,
							0
						],
						"0.5": [
							0,
							-20,
							0
						],
						"0.75": [
							7.92945,
							-18.42031,
							-23.78773
						],
						"1.0": [
							0,
							0,
							0
						]
					}
				}
			}
		},
		"animation.cat.blink": {
			"loop": true,
			"animation_length": 1.5,
			"bones": {
				"eyelids": {
					"position": {
						"0.0": [
							0,
							0,
							0
						],
						"0.25": [
							0,
							0,
							1
						],
						"1.5": [
							0,
							0,
							0
						]
					}
				}
			}
		},
		"animation.cat.death": {
			"loop": "hold_on_last_frame",
			"animation_length": 1,
			"bones": {
				"root": {
					"rotation": {
						"0.0": [
							0,
							0,
							0
						],
						"1.0": [
							0,
							0,
							90
						]
					}
				}
			}
		}
	}
}