{
  "format_version": "1.10.0",
  "minecraft:client_entity": {
    "description": {
      "identifier": "minecraft:wandering_trader",
      "min_engine_version": "1.16.0",
      "materials": {
        "default": "wandering_trader"
      },
      "textures": {
        "default": "textures/entity/wandering_trader"
      },
      "geometry": {
        "default": "geometry.villager_v2.bma2"
      },
      "animations": {
        "look_at_target": "animation.common.look_at_target",
        "blink": "animation.villager.blink",
        "idle": "animation.villager.idle",
        "walk": "animation.villager.walk",
        "run": "animation.villager.run",
        "raise_arms": "animation.villager.raise_arms",
        "baby_transform": "animation.villager.baby_transform",
        "get_in_bed": "animation.villager.get_in_bed",
        "death_rot": "animation.villager.death_rot",
        "death": "animation.villager.death",
        "arms_controller": "controller.animation.villager.raise_arms",
        "death_controller": "controller.animation.villager.death",
        "general": "controller.animation.villager.general"
      },
      "scripts": {
        "scale": "0.9375",
        "animate": [
          "arms_controller",
          "death_controller",
          { "general": "q.is_alive" },
          {
            "baby_transform": "query.is_baby"
          }
        ]
      },
      "render_controllers": [
        "controller.render.wandering_trader"
      ],
      "spawn_egg": {
        "texture": "spawn_egg_wandering_trader"
      }
    }
  }
}