{
  "format_version": "1.8.0",
  "render_controllers": {
    "controller.render.glow_squid": {
      "geometry": "geometry.default",
      "materials": [ { "*": "Material.default" } ],
      "textures": [ "array.xskins[variable.xvar]" ],
      "arrays": {
        "textures": {
          "array.xskins": [
            "texture.default",
            "texture.default2",
            "texture.default3"
          ]
        }
      },
      "overlay_color": {
        "r": 0.0,
        "g": 0.0,
        "b": 0.0,
        "a": "variable.glow_alpha"
      }
    }
  }
}
