{
  "format_version": "1.8.0",
  "render_controllers": {
    "controller.render.stray": {
      "rebuild_animation_matrices": true,
      "geometry": "geometry.default",
      "materials": [ { "*": "Material.default" } ],
      "textures": [ "array.xskins[variable.xvar]" ],
      "arrays": {
        "textures": {
          "array.xskins": [
            "texture.default",
            "texture.default2",
            "texture.default3",
            "texture.default4"
          ],
          "array.overlay": [
            "texture.overlay",
            "texture.overlay2",
            "texture.overlay3",
            "texture.overlay4"
          ]
        }
      }
    }
  }
}
