{
    "entity_sounds": {
        "entities": {
            "s:marco1x1": {
                "volume": 1,
                "pitch": 1,
                "events": {
                    "hurt": "plop_ui",
                    "spawn": "plop_ui"
                }
            },
            "s:marco1x2": {
                "volume": 1,
                "pitch": 1,
                "events": {
                    "hurt": "plop_ui",
                    "spawn": "plop_ui"
                }
            },
            "s:marco2x1": {
                "volume": 1,
                "pitch": 1,
                "events": {
                    "hurt": "plop_ui",
                    "spawn": "plop_ui"
                }
            },
            "s:marco3x2": {
                "volume": 1,
                "pitch": 1,
                "events": {
                    "hurt": "plop_ui",
                    "spawn": "plop_ui"
                }
            },
            "s:title": {
                "volume": 1,
                "pitch": 1,
                "events": {
                    "hurt": "plop_ui",
                    "spawn": "plop_ui"
                }
            }
        }
    }
}