{
  "format_version": "1.20.10",
  "minecraft:recipe_shaped": {
    "description": {
    "identifier": "minecraft:birch_planks_from_wood"
    },

    
    "tags": [ "crafting_table" ],
    "group": "planks",
    "pattern": [
      "#"
    ],
    "key": {
      "#": {
        "item": "minecraft:wood",
        "data": 2
      }
    },
	"unlock": [
      {
        "item": "minecraft:wood",
        "data": 2
      }
    ],
    "result": {
      "item": "minecraft:planks",
      "data": 2,
      "count": 4
    }
  }
}
