{
   "content" : [
      {
         "path" : "subpacks/default/animations/llama.animation.json"
      },
      {
         "path" : "subpacks/default/animations/warden.animation.json"
      },
      {
         "path" : "CHANGELOG.txt"
      },
      {
         "path" : "pack_icon.png"
      },
      {
         "path" : "contents.json"
      },
      {
         "path" : "subpacks/default/animations/evoker.animation.json"
      },
      {
         "path" : "subpacks/default/animation_controllers/vex.animation_controllers.json"
      },
      {
         "path" : "render_controllers/zombie_horse_v3.render_controllers.json"
      },
      {
         "path" : "subpacks/vanilla_style/attachables/bow.skeleton.json"
      },
      {
         "path" : "LICENSE.txt"
      },
      {
         "path" : "render_controllers/donkey_v3.render_controllers .json"
      },
      {
         "path" : "subpacks/default/animations/pig.animation.json"
      },
      {
         "path" : "manifest.json"
      },
      {
         "path" : "subpacks/default/entity/vex.entity.json"
      },
      {
         "path" : "render_controllers/pig.render_controllers.json"
      },
      {
         "path" : "render_controllers/cat.render_controllers.json"
      },
      {
         "path" : "render_controllers/cow.render_controllers.json"
      },
      {
         "path" : "render_controllers/sheep.render_controllers.json"
      },
      {
         "path" : "render_controllers/polar_bear.render_controllers.json"
      },
      {
         "path" : "subpacks/default/entity/glow_squid.entity.json"
      },
      {
         "path" : "render_controllers/vex.render_controllers.json"
      },
      {
         "path" : "subpacks/default/animation_controllers/cat.animation_controllers.json"
      },
      {
         "path" : "render_controllers/chicken.render_controllers.json"
      },
      {
         "path" : "render_controllers/enderman.render_controllers.json"
      },
      {
         "path" : "render_controllers/creeper.render_controllers.json"
      },
      {
         "path" : "subpacks/default/entity/husk.v1.0.entity.json"
      },
      {
         "path" : "subpacks/default/animations/sheep.animation.json"
      },
      {
         "path" : "render_controllers/default.render_controllers.json"
      },
      {
         "path" : "subpacks/default/animations/spider.animation.json"
      },
      {
         "path" : "render_controllers/drowned.render_controllers.json"
      },
      {
         "path" : "subpacks/default/animations/ravager.animation.json"
      },
      {
         "path" : "render_controllers/evoker.render_controllers.json"
      },
      {
         "path" : "subpacks/default/animations/polar_bear.animation.json"
      },
      {
         "path" : "subpacks/vanilla_style/animation_controllers/creeper.animation_controllers.json"
      },
      {
         "path" : "render_controllers/fox.render_controllers.json"
      },
      {
         "path" : "subpacks/vanilla_style/textures/entity/villager2/biomes/biome_snow.png"
      },
      {
         "path" : "sounds.json"
      },
      {
         "path" : "render_controllers/goat.render_controllers.json"
      },
      {
         "path" : "render_controllers/spider.render_controllers.json"
      },
      {
         "path" : "render_controllers/horse_v3.render_controllers.json"
      },
      {
         "path" : "render_controllers/husk.render_controllers.json"
      },
      {
         "path" : "subpacks/default/animations/skeleton.animation.json"
      },
      {
         "path" : "render_controllers/iron_golem.render_controllers.json"
      },
      {
         "path" : "render_controllers/llama.render_controllers.json"
      },
      {
         "path" : "subpacks/default/animations/goat.animation.json"
      },
      {
         "path" : "render_controllers/mule_v3.render_controllers.json"
      },
      {
         "path" : "render_controllers/wolf.render_controllers.json"
      },
      {
         "path" : "subpacks/vanilla_style/textures/entity/villager2/professions/armorer.tga"
      },
      {
         "path" : "render_controllers/ocelot.render_controllers.json"
      },
      {
         "path" : "render_controllers/panda.render_controllers.json"
      },
      {
         "path" : "subpacks/default/models/entity/zombie_villager_v2.geo.json"
      },
      {
         "path" : "render_controllers/pillager.render_controllers.json"
      },
      {
         "path" : "render_controllers/ravager.render_controllers.json"
      },
      {
         "path" : "render_controllers/skeleton.render_controllers.json"
      },
      {
         "path" : "render_controllers/vindicator.render_controllers.json"
      },
      {
         "path" : "render_controllers/skeleton_horse_v3.render_controllers.json"
      },
      {
         "path" : "render_controllers/squid.render_controllers.json"
      },
      {
         "path" : "render_controllers/stray.render_controllers.json"
      },
      {
         "path" : "render_controllers/villager_v2.render_controllers.json"
      },
      {
         "path" : "subpacks/default/animations/allay.animation.json"
      },
      {
         "path" : "subpacks/default/animation_controllers/polar_bear.animation_controllers.json"
      },
      {
         "path" : "render_controllers/wandering_trader.render_controllers.json"
      },
      {
         "path" : "subpacks/vanilla_style/textures/entity/villager2/levels/level_stone.png"
      },
      {
         "path" : "subpacks/default/animations/horse_v3.animation.json"
      },
      {
         "path" : "render_controllers/witch.render_controllers.json"
      },
      {
         "path" : "render_controllers/zombie.render_controllers.json"
      },
      {
         "path" : "render_controllers/zombie_villager_v2.render_controllers.json"
      },
      {
         "path" : "subpacks/default/animations/cat.animation.json"
      },
      {
         "path" : "subpacks/default/animations/chicken.animation.json"
      },
      {
         "path" : "subpacks/default/animations/cow.animation.json"
      },
      {
         "path" : "subpacks/default/animations/creeper.animation.json"
      },
      {
         "path" : "subpacks/default/animations/enderman.animation.json"
      },
      {
         "path" : "subpacks/vanilla_style/entity/creeper.entity.json"
      },
      {
         "path" : "subpacks/default/animations/drowned.animation.json"
      },
      {
         "path" : "subpacks/vanilla_style/textures/entity/villager2/professions/farmer.tga"
      },
      {
         "path" : "subpacks/default/entity/cat.entity.json"
      },
      {
         "path" : "subpacks/default/animations/fox.animation.json"
      },
      {
         "path" : "subpacks/default/animations/irongolem.animation.json"
      },
      {
         "path" : "subpacks/default/animations/pillager.animation.json"
      },
      {
         "path" : "subpacks/default/entity/villager_v2.entity.json"
      },
      {
         "path" : "subpacks/default/animations/panda.animation.json"
      },
      {
         "path" : "subpacks/vanilla_style/animations/irongolem.animation.json"
      },
      {
         "path" : "subpacks/default/animations/squid.animation.json"
      },
      {
         "path" : "subpacks/default/entity/squid.entity.json"
      },
      {
         "path" : "subpacks/default/animations/vex.animation.json"
      },
      {
         "path" : "subpacks/default/animations/villager_v2.animation.json"
      },
      {
         "path" : "subpacks/default/animations/vindicator.animation.json"
      },
      {
         "path" : "subpacks/vanilla_style/entity/witch.entity.json"
      },
      {
         "path" : "subpacks/default/animations/wolf.animation.json"
      },
      {
         "path" : "subpacks/vanilla_style/textures/entity/iron_golem/cracked_low.png"
      },
      {
         "path" : "subpacks/default/animations/zombie.animation.json"
      },
      {
         "path" : "subpacks/default/models/entity/pig_v1.0.geo.json"
      },
      {
         "path" : "subpacks/default/animation_controllers/allay.animation_controllers.json"
      },
      {
         "path" : "subpacks/default/models/entity/mooshroom.geo.json"
      },
      {
         "path" : "subpacks/default/animation_controllers/chicken.animation_controller.json"
      },
      {
         "path" : "subpacks/default/animation_controllers/cow.animation_controllers.json"
      },
      {
         "path" : "subpacks/default/animation_controllers/creeper.animation_controllers.json"
      },
      {
         "path" : "subpacks/default/animation_controllers/enderman.animation_controllers.json"
      },
      {
         "path" : "subpacks/default/animation_controllers/evoker.animation_controllers.json"
      },
      {
         "path" : "subpacks/default/animation_controllers/fox.animation_controllers.json"
      },
      {
         "path" : "subpacks/default/animation_controllers/horse.animation_controllers.json"
      },
      {
         "path" : "subpacks/vanilla_style/models/entity/zombie_villager_v2.geo.json"
      },
      {
         "path" : "subpacks/vanilla_style/models/entity/zombie.geo.json"
      },
      {
         "path" : "subpacks/default/animation_controllers/iron_golem.general.controller.json"
      },
      {
         "path" : "subpacks/default/animation_controllers/llama.animation_controllers.json"
      },
      {
         "path" : "subpacks/default/models/entity/stray.geo.json"
      },
      {
         "path" : "subpacks/default/animation_controllers/panda.animation_controllers.json"
      },
      {
         "path" : "subpacks/default/animation_controllers/pig.animation_controllers.json"
      },
      {
         "path" : "subpacks/vanilla_style/models/entity/witch.geo.json"
      },
      {
         "path" : "subpacks/default/animation_controllers/pillager.animation_controllers.json"
      },
      {
         "path" : "subpacks/vanilla_style/textures/entity/villager2/biomes/biome_desert.png"
      },
      {
         "path" : "subpacks/default/animation_controllers/ravager.animation_controllers.json"
      },
      {
         "path" : "subpacks/default/animation_controllers/skeleton.animation_controllers.json"
      },
      {
         "path" : "subpacks/default/animation_controllers/spider.animation_controllers.json"
      },
      {
         "path" : "subpacks/default/animation_controllers/villager_v2.animation_controllers.json"
      },
      {
         "path" : "subpacks/default/animation_controllers/vindicator.animation_controllers.json"
      },
      {
         "path" : "subpacks/default/animation_controllers/warden.animation_controllers.json"
      },
      {
         "path" : "subpacks/default/models/entity/cow.geo.json"
      },
      {
         "path" : "subpacks/default/animation_controllers/wolf.animation_controllers.json"
      },
      {
         "path" : "subpacks/default/animation_controllers/zombie.animation_controllers.json"
      },
      {
         "path" : "subpacks/default/models/entity/ravager.geo.json"
      },
      {
         "path" : "subpacks/default/entity/allay.entity.json"
      },
      {
         "path" : "subpacks/default/entity/polar_bear.entity.json"
      },
      {
         "path" : "subpacks/default/entity/cave_spider.entity.json"
      },
      {
         "path" : "subpacks/default/entity/chicken.entity.json"
      },
      {
         "path" : "subpacks/default/entity/sheep.entity.json"
      },
      {
         "path" : "subpacks/default/entity/cow.entity.json"
      },
      {
         "path" : "subpacks/default/entity/trader_llama.entity.json"
      },
      {
         "path" : "subpacks/default/entity/creeper.entity.json"
      },
      {
         "path" : "subpacks/default/entity/donkey_v3.entity.json"
      },
      {
         "path" : "subpacks/default/entity/witch.entity.json"
      },
      {
         "path" : "subpacks/default/entity/drowned.entity.json"
      },
      {
         "path" : "subpacks/default/entity/enderman.entity.json"
      },
      {
         "path" : "subpacks/vanilla_style/animation_controllers/iron_golem.animation_controllers.json"
      },
      {
         "path" : "subpacks/default/entity/evocation_illager.entity.json"
      },
      {
         "path" : "subpacks/default/entity/fox.entity.json"
      },
      {
         "path" : "subpacks/vanilla_style/entity/villager_v2.entity.json"
      },
      {
         "path" : "subpacks/default/entity/goat.entity.json"
      },
      {
         "path" : "subpacks/default/entity/horse_v3.entity.json"
      },
      {
         "path" : "subpacks/default/entity/iron_golem.entity.json"
      },
      {
         "path" : "subpacks/default/entity/llama.entity.json"
      },
      {
         "path" : "subpacks/default/entity/mooshroom.entity.json"
      },
      {
         "path" : "subpacks/default/entity/mule_v3.entity.json"
      },
      {
         "path" : "subpacks/default/entity/ocelot.entity.json"
      },
      {
         "path" : "subpacks/default/entity/panda.entity.json"
      },
      {
         "path" : "subpacks/default/entity/pig.v1.0.entity.json"
      },
      {
         "path" : "subpacks/default/entity/pillager.entity.json"
      },
      {
         "path" : "subpacks/default/entity/ravager.entity.json"
      },
      {
         "path" : "subpacks/default/entity/skeleton.entity.json"
      },
      {
         "path" : "subpacks/default/entity/skeleton_horse_v3.entity.json"
      },
      {
         "path" : "subpacks/default/entity/spider.entity.json"
      },
      {
         "path" : "subpacks/default/entity/stray.entity.json"
      },
      {
         "path" : "subpacks/default/entity/vindicator.entity.json"
      },
      {
         "path" : "subpacks/default/entity/wandering_trader.entity.json"
      },
      {
         "path" : "subpacks/default/entity/warden.entity.json"
      },
      {
         "path" : "subpacks/vanilla_style/textures/entity/iron_golem/iron_golem.png"
      },
      {
         "path" : "subpacks/default/entity/wolf.entity.json"
      },
      {
         "path" : "subpacks/default/entity/zombie.v1.0.entity.json"
      },
      {
         "path" : "subpacks/default/entity/zombie_horse_v3.entity.json"
      },
      {
         "path" : "subpacks/default/entity/zombie_villager_v2.entity.json"
      },
      {
         "path" : "subpacks/default/models/entity/allay.geo.json"
      },
      {
         "path" : "subpacks/default/models/entity/cat.geo.json"
      },
      {
         "path" : "subpacks/vanilla_style/textures/entity/villager2/professions/nitwit.tga"
      },
      {
         "path" : "subpacks/default/models/entity/chicken.geo.json"
      },
      {
         "path" : "subpacks/default/models/entity/pillager.geo.json"
      },
      {
         "path" : "subpacks/default/models/entity/creeper.geo.json"
      },
      {
         "path" : "subpacks/default/models/entity/drowned.geo.json"
      },
      {
         "path" : "subpacks/default/models/entity/enderman.geo.json"
      },
      {
         "path" : "subpacks/default/models/entity/evoker.geo.json"
      },
      {
         "path" : "subpacks/default/models/entity/fox.geo.json"
      },
      {
         "path" : "subpacks/vanilla_style/textures/entity/villager2/professions/fisherman.tga"
      },
      {
         "path" : "subpacks/default/models/entity/goat.geo.json"
      },
      {
         "path" : "subpacks/default/models/entity/horse_v3.geo.json"
      },
      {
         "path" : "subpacks/default/models/entity/iron_golem.json"
      },
      {
         "path" : "subpacks/default/models/entity/llama.geo.json"
      },
      {
         "path" : "subpacks/vanilla_style/textures/entity/iron_golem/cracked_none.png"
      },
      {
         "path" : "subpacks/default/models/entity/panda.geo.json"
      },
      {
         "path" : "subpacks/default/models/entity/polar_bear.geo.json"
      },
      {
         "path" : "subpacks/default/models/entity/sheep.geo.json"
      },
      {
         "path" : "subpacks/default/models/entity/skeleton.geo.json"
      },
      {
         "path" : "subpacks/default/models/entity/spider.geo.json"
      },
      {
         "path" : "subpacks/default/models/entity/squid.geo.json"
      },
      {
         "path" : "subpacks/default/models/entity/stray_armor.geo.json"
      },
      {
         "path" : "subpacks/default/models/entity/villager_v2.geo.json"
      },
      {
         "path" : "subpacks/vanilla_style/textures/entity/witch.png"
      },
      {
         "path" : "subpacks/default/models/entity/vindicator.geo.json"
      },
      {
         "path" : "subpacks/default/models/entity/warden.geo.json"
      },
      {
         "path" : "subpacks/default/models/entity/witch.geo.json"
      },
      {
         "path" : "subpacks/default/models/entity/wolf.geo.json"
      },
      {
         "path" : "subpacks/default/models/entity/zombie.geo.json"
      },
      {
         "path" : "subpacks/vanilla_style/animations/attachables/bow.animation.json"
      },
      {
         "path" : "subpacks/vanilla_style/textures/entity/villager2/levels/level_diamond.png"
      },
      {
         "path" : "subpacks/vanilla_style/textures/entity/villager2/biomes/biome_swamp.png"
      },
      {
         "path" : "subpacks/vanilla_style/animations/creeper.animation.json"
      },
      {
         "path" : "subpacks/vanilla_style/animations/look_at_target.animation.json"
      },
      {
         "path" : "subpacks/vanilla_style/animations/skeleton.animation.json"
      },
      {
         "path" : "subpacks/vanilla_style/animations/villager_v2.animation.json"
      },
      {
         "path" : "subpacks/vanilla_style/animations/zombie.animation.json"
      },
      {
         "path" : "subpacks/vanilla_style/animation_controllers/attachables/bow.animation_controllers.json"
      },
      {
         "path" : "subpacks/vanilla_style/animation_controllers/skeleton.animation_controllers.json"
      },
      {
         "path" : "subpacks/vanilla_style/animation_controllers/villager_v2.animation_controllers.json"
      },
      {
         "path" : "subpacks/vanilla_style/animation_controllers/zombie.animation_controllers.json"
      },
      {
         "path" : "subpacks/vanilla_style/entity/drowned.entity.json"
      },
      {
         "path" : "subpacks/vanilla_style/textures/entity/iron_golem/cracked_high.png"
      },
      {
         "path" : "subpacks/vanilla_style/entity/husk.entity.json"
      },
      {
         "path" : "subpacks/vanilla_style/entity/iron_golem.entity.json"
      },
      {
         "path" : "subpacks/vanilla_style/entity/skeleton.entity.json"
      },
      {
         "path" : "subpacks/vanilla_style/entity/wandering_trader.entity.json"
      },
      {
         "path" : "subpacks/vanilla_style/entity/zombie.entity.json"
      },
      {
         "path" : "subpacks/vanilla_style/entity/zombie_villager_v2.entity.json"
      },
      {
         "path" : "subpacks/vanilla_style/models/entity/creeper.geo.json"
      },
      {
         "path" : "subpacks/vanilla_style/textures/entity/villager2/biomes/biome_plains.png"
      },
      {
         "path" : "subpacks/vanilla_style/models/entity/drowned.geo.json"
      },
      {
         "path" : "subpacks/vanilla_style/models/entity/iron_golem.geo.json"
      },
      {
         "path" : "subpacks/vanilla_style/models/entity/skeleton.geo.json"
      },
      {
         "path" : "subpacks/vanilla_style/models/entity/villager_v2.geo.json"
      },
      {
         "path" : "subpacks/vanilla_style/textures/entity/iron_golem/cracked_medium.png"
      },
      {
         "path" : "subpacks/vanilla_style/textures/entity/villager2/biomes/biome_jungle.png"
      },
      {
         "path" : "subpacks/vanilla_style/textures/entity/villager2/biomes/biome_savanna.png"
      },
      {
         "path" : "subpacks/vanilla_style/textures/entity/villager2/biomes/biome_taiga.png"
      },
      {
         "path" : "subpacks/vanilla_style/textures/entity/villager2/levels/level_emerald.png"
      },
      {
         "path" : "subpacks/vanilla_style/textures/entity/villager2/levels/level_gold.png"
      },
      {
         "path" : "subpacks/vanilla_style/textures/entity/villager2/levels/level_iron.png"
      },
      {
         "path" : "subpacks/vanilla_style/textures/entity/villager2/professions/butcher.tga"
      },
      {
         "path" : "subpacks/vanilla_style/textures/entity/villager2/professions/cartographer.tga"
      },
      {
         "path" : "subpacks/vanilla_style/textures/entity/villager2/professions/cleric.tga"
      },
      {
         "path" : "subpacks/vanilla_style/textures/entity/villager2/professions/fletcher.tga"
      },
      {
         "path" : "subpacks/vanilla_style/textures/entity/villager2/professions/leatherworker.tga"
      },
      {
         "path" : "subpacks/vanilla_style/textures/entity/villager2/professions/librarian.tga"
      },
      {
         "path" : "subpacks/vanilla_style/textures/entity/villager2/professions/shepherd.tga"
      },
      {
         "path" : "subpacks/vanilla_style/textures/entity/villager2/professions/stonemason.tga"
      },
      {
         "path" : "subpacks/vanilla_style/textures/entity/villager2/professions/toolsmith.tga"
      },
      {
         "path" : "subpacks/vanilla_style/textures/entity/villager2/professions/unskilled.tga"
      },
      {
         "path" : "subpacks/vanilla_style/textures/entity/villager2/professions/weaponsmith.tga"
      },
      {
         "path" : "subpacks/vanilla_style/textures/entity/villager2/villager.png"
      }
   ],
   "version" : 1
}
