{
	"format_version": "1.12.0",
	"minecraft:geometry": [
		{
			"description": {
				"identifier": "geometry.iron_golem.bma2",
				"texture_width": 128,
				"texture_height": 128,
				"visible_bounds_width": 12,
				"visible_bounds_height": 8,
				"visible_bounds_offset": [0, 2, 0]
			},
			"bones": [
				{
					"name": "root",
					"pivot": [0, 0, 0]
				},
				{
					"name": "spine",
					"parent": "root",
					"pivot": [0, 16, 0],
					"cubes": [
						{"origin": [-9, 21, -6], "size": [18, 12, 11], "uv": [0, 40]},
						{"origin": [-4.5, 16, -3], "size": [9, 5, 6], "inflate": 0.5, "uv": [0, 70]}
					]
				},
				{
					"name": "head",
					"parent": "spine",
					"pivot": [0, 31, -2],
					"cubes": [
						{"origin": [-4, 33, -7.5], "size": [8, 10, 8], "uv": [0, 0]},
						{"origin": [-1, 32, -9.5], "size": [2, 4, 2], "uv": [24, 0]}
					],
					"locators": {
						"lead": [0, 31, -2]
					}
				},
				{
					"name": "rightArm",
					"parent": "spine",
					"pivot": [-9, 31, 0],
					"cubes": [
						{"origin": [-13, 3.5, -3], "size": [4, 30, 6], "uv": [60, 21]}
					]
				},
				{
					"name": "leftArm",
					"parent": "spine",
					"pivot": [9, 31, 0],
					"cubes": [
						{"origin": [9, 3.5, -3], "size": [4, 30, 6], "uv": [60, 58]}
					]
				},
				{
					"name": "waist",
					"parent": "root",
					"pivot": [0, 16, 0]
				},
				{
					"name": "rightLeg",
					"parent": "waist",
					"pivot": [-5, 16, 0],
					"cubes": [
						{"origin": [-7.5, 0, -3], "size": [6, 16, 5], "uv": [37, 0]}
					]
				},
				{
					"name": "leftLeg",
					"parent": "waist",
					"pivot": [5, 16, 0],
					"mirror": true,
					"cubes": [
						{"origin": [1.5, 0, -3], "size": [6, 16, 5], "uv": [60, 0], "mirror": false}
					]
				}
			]
		}
	]
}