{
	"format_version": "1.12.0",
	"minecraft:geometry": [
		{
			"description": {
				"identifier": "geometry.marco2x2",
				"texture_width": 32,
				"texture_height": 64,
				"visible_bounds_width": 3,
				"visible_bounds_height": 3.5,
				"visible_bounds_offset": [
					0,
					1.25,
					0
				]
			},
			"bones": [
				{
					"name": "pintura",
					"pivot": [
						0,
						0,
						0
					]
				},
				{
					"name": "bone",
					"parent": "pintura",
					"pivot": [
						0,
						0,
						0
					],
					"cubes": [
						{
							"origin": [
								-8,
								0,
								7
							],
							"size": [
								32,
								32,
								1
							],
							"uv": {
								"north": {
									"uv": [
										0,
										0
									],
									"uv_size": [
										32,
										32
									]
								},
								"east": {
									"uv": [
										0,
										0
									],
									"uv_size": [
										1,
										32
									]
								},
								"south": {
									"uv": [
										0,
										32
									],
									"uv_size": [
										32,
										32
									]
								},
								"west": {
									"uv": [
										31,
										0
									],
									"uv_size": [
										1,
										32
									]
								},
								"up": {
									"uv": [
										32,
										1
									],
									"uv_size": [
										-32,
										-1
									]
								},
								"down": {
									"uv": [
										32,
										32
									],
									"uv_size": [
										-32,
										-1
									]
								}
							}
						}
					]
				}
			]
		}
	]
}