{
	"format_version": "1.12.0",
	"minecraft:geometry": [
		{
			"description": {
				"identifier": "geometry.marco2x1",
				"texture_width": 32,
				"texture_height": 32,
				"visible_bounds_width": 3,
				"visible_bounds_height": 2.5,
				"visible_bounds_offset": [
					0,
					0.75,
					0
				]
			},
			"bones": [
				{
					"name": "pintura",
					"pivot": [
						0,
						0,
						0
					]
				},
				{
					"name": "bone",
					"parent": "pintura",
					"pivot": [
						0,
						0,
						0
					],
					"cubes": [
						{
							"origin": [
								-8,
								0,
								7
							],
							"size": [
								32,
								16,
								1
							],
							"uv": {
								"north": {
									"uv": [
										0,
										0
									],
									"uv_size": [
										32,
										16
									]
								},
								"east": {
									"uv": [
										0,
										16
									],
									"uv_size": [
										2,
										16
									]
								},
								"south": {
									"uv": [
										0,
										16
									],
									"uv_size": [
										32,
										16
									]
								},
								"west": {
									"uv": [
										30,
										16
									],
									"uv_size": [
										2,
										16
									]
								},
								"up": {
									"uv": [
										32,
										18
									],
									"uv_size": [
										-32,
										-2
									]
								},
								"down": {
									"uv": [
										32,
										32
									],
									"uv_size": [
										-32,
										-2
									]
								}
							}
						}
					]
				}
			]
		}
	]
}