{
	"format_version": "1.10.0",
	"minecraft:client_entity": {
		"description": {
			"identifier": "minecraft:evocation_illager",
			"min_engine_version": "1.16.0",
			"materials": {
				"default": "evoker"
			},
			"textures": {
				"default": "textures/entity/illager/evoker"
			},
			"geometry": {
				"default": "geometry.evoker.bma"
			},
			"animations": {
				"idle": "animation.evoker.idle",
				"walk": "animation.evoker.walk",
				"blink": "animation.evoker.blink",
				"casting": "animation.evoker.casting",
				"death": "animation.evoker.death",
				"look_at_target": "animation.common.look_at_target",
				"celebrating": "animation.humanoid.celebrating",
				"general": "controller.animation.evoker.general",
				"death_controller": "controller.animation.evoker.death"
			},
			"scripts": {
				"scale": "0.9375",
				"animate": [
					"general",
					"death_controller"
				]
			},
			"particle_effects": {
				"spell": "minecraft:evoker_spell"
			},
			"render_controllers": [
				"controller.render.evoker"
			],
			"spawn_egg": {
				"texture": "spawn_egg",
				"texture_index": 40
			}
		}
	}
}