{
	"format_version": "1.10.0",
	"minecraft:client_entity": {
		"description": {
			"identifier": "minecraft:skeleton",
			"min_engine_version": "1.8.0",
			"materials": {
				"default": "skeleton"
			},
			"textures": {
				"default": "textures/entity/skeleton/skeleton"
			},
			"geometry": {
				"default": "geometry.skeleton"
			},
			"spawn_egg": {
				"texture": "spawn_egg",
				"texture_index": 9
			},
			"animations": {
				"look_at_target": "animation.common.look_at_target",
				"idle": "animation.skeleton.idle",
				"walking": "animation.skeleton.walking",
				"riding": "animation.skeleton.riding",
				"death": "animation.skeleton.death",
				"riding_arms_idle": "animation.skeleton.riding_idle_arms",
				"riding_charging_bow": "animation.skeleton.charging_bow_riding",
				"has_target": "animation.skeleton.has_target",
				"general": "controller.animation.skeleton.general",
				"arms_controller": "controller.animation.arms_controller"
			},
			"scripts": {
				"pre_animation": [
					"variable.riding_arms_charging = query.is_riding && query.item_is_charged;",
					"variable.tcos0 = (Math.cos(query.modified_distance_moved * 38.17) * query.modified_move_speed / variable.gliding_speed_value) * 57.3;"
				],
				"animate": [
					{
						"look_at_target": "query.is_alive"
					},
					{
						"death": "!query.is_alive"
					},
					"arms_controller",
					"general"
				]
			},
			"render_controllers": [
				"controller.render.skeleton"
			],
			"enable_attachables": true
		}
	}
}