{
	"format_version": "1.10.0",
	"minecraft:client_entity": {
		"description": {
			"identifier": "minecraft:stray",
			"min_engine_version": "1.8.0",
			"materials": {
				"default": "stray",
				"overlay": "stray_clothes"
			},
			"textures": {
				"default": "textures/entity/skeleton/stray",
				"overlay": "textures/entity/skeleton/stray_overlay"
			},
			"geometry": {
				"default": "geometry.stray.bma",
				"overlay": "geometry.stray_armor.bma"
			},
			"scripts": {
				"initialize": [
					"variable.riding_arms_charging = query.is_riding && query.item_is_charged;"
				],
				"animate": [
					{
						"look_at_target": "query.is_alive"
					},
					{
						"death": "!query.is_alive"
					},
					{
						"riding_charging_bow": "variable.riding_arms_charging"
					},
					"arms_controller",
					"general"
				]
			},
			"animations": {
				"look_at_target": "animation.common.look_at_target",
				"idle": "animation.skeleton.idle",
				"walking": "animation.skeleton.walking",
				"riding": "animation.skeleton.riding",
				"death": "animation.skeleton.death",
				"riding_arms_idle": "animation.skeleton.riding_idle_arms",
				"riding_charging_bow": "animation.skeleton.charging_bow_riding",
				"has_target": "animation.skeleton.has_target",
				"general": "controller.animation.skeleton.general",
				"arms_controller": "controller.animation.arms_controller"
			},
			"render_controllers": [
				"controller.render.stray_clothes",
				"controller.render.stray"
			],
			"spawn_egg": {
				"texture": "spawn_egg",
				"texture_index": 27
			},
			"enable_attachables": true
		}
	}
}