{
	"format_version": "1.10.0",
	"minecraft:client_entity": {
		"description": {
			"identifier": "minecraft:zombie_villager_v2",
			"materials": {
				"default": "zombie_villager_v2",
				"masked": "zombie_villager_v2_masked"
			},
			"textures": {
				"default": "textures/entity/zombie_villager2/zombie-villager",
				"desert": "textures/entity/zombie_villager2/biomes/biome-desert-zombie",
				"jungle": "textures/entity/zombie_villager2/biomes/biome-jungle-zombie",
				"plains": "textures/entity/zombie_villager2/biomes/biome-plains-zombie",
				"savanna": "textures/entity/zombie_villager2/biomes/biome-savanna-zombie",
				"snow": "textures/entity/zombie_villager2/biomes/biome-snow-zombie",
				"swamp": "textures/entity/zombie_villager2/biomes/biome-swamp-zombie",
				"taiga": "textures/entity/zombie_villager2/biomes/biome-taiga-zombie",
				"armorer": "textures/entity/zombie_villager2/professions/armorer",
				"butcher": "textures/entity/zombie_villager2/professions/butcher",
				"cartographer": "textures/entity/zombie_villager2/professions/cartographer",
				"cleric": "textures/entity/zombie_villager2/professions/cleric",
				"farmer": "textures/entity/zombie_villager2/professions/farmer",
				"fisherman": "textures/entity/zombie_villager2/professions/fisherman",
				"fletcher": "textures/entity/zombie_villager2/professions/fletcher",
				"leatherworker": "textures/entity/zombie_villager2/professions/leatherworker",
				"librarian": "textures/entity/zombie_villager2/professions/librarian",
				"shepherd": "textures/entity/zombie_villager2/professions/shepherd",
				"tool_smith": "textures/entity/zombie_villager2/professions/toolsmith",
				"weapon_smith": "textures/entity/zombie_villager2/professions/weaponsmith",
				"stonemason": "textures/entity/zombie_villager2/professions/stonemason",
				"nitwit": "textures/entity/zombie_villager2/professions/nitwit"
			},
			"geometry": {
				"default": "geometry.zombie.villager_v2"
			},
			"scripts": {
				"animate": [
					"setup",
					{
						"zombie_big_head": "query.is_baby"
					},
					{
						"baby_controller": "query.is_baby&&query.health>0"
					},
					{
						"attack_controller": "query.has_target"
					},
					{
						"head_controller": "query.health>0"
					},
					{
						"torso_controller": "query.health>0"
					},
					{
						"arms_controller": "query.health>0"
					},
					{
						"legs_controller": "query.health>0"
					},
					{
						"look_at_target": "query.health>0"
					},
					{
						"damage_nearby_mobs": "variable.damage_nearby_mobs"
					},
					{
						"brandish_spear": "variable.is_brandishing_spear"
					},
					{
						"death": "!query.is_alive"
					}
				],
				"pre_animation": [
					"variable.zombie.attack = variable.attack_time >0 && query.has_target;",
					"variable.num_professions = 14;",
					"variable.profession_index = ((query.variant < variable.num_professions) ? query.variant : 0);",
					"variable.tcos0 = (Math.cos(query.modified_distance_moved * 38.17) * query.modified_move_speed / variable.gliding_speed_value) * 57.3;"
				]
			},
			"animations": {
				"zombie_big_head": "animation.humanoid.big_head",
				"holding": "animation.zombie.holding",
				"setup": "animation.zombie.pose",
				"head_idle": "animation.zombie.head_idle",
				"head_walk": "animation.zombie.head_walking",
				"torso_idle": "animation.zombie.torso_idle",
				"torso_walk": "animation.zombie.torso_walking",
				"arms_idle": "animation.zombie.arms_idle",
				"arms_walk": "animation.zombie.arms_walking",
				"leg_walk": "animation.zombie.legs_walking",
				"leg_idle": "animation.zombie.legs_idle",
				"riding_arms": "animation.zombie.riding_arms",
				"riding_legs": "animation.zombie.riding_legs",
				"adult_attack": "animation.zombie.attack.adult",
				"baby_attack": "animation.zombie.attack.baby",
				"baby_idle": "animation.zombie_baby.idle",
				"baby_moving": "animation.zombie_baby.running",
				"swimming_full": "animation.zombie.swimming_full",
				"swimming_head": "animation.zombie.head_swimming",
				"swimming_torso": "animation.zombie.torso_swimming",
				"swimming_legs": "animation.zombie.legs_swimming",
				"swimming_arms": "animation.zombie.arms_swimming",
				"head_controller": "controller.animation.zombie.head",
				"torso_controller": "controller.animation.zombie.torso",
				"arms_controller": "controller.animation.zombie.arms",
				"legs_controller": "controller.animation.zombie.legs",
				"baby_controller": "controller.animation.zombie.baby",
				"attack_controller": "controller.animation.zombie.attack",
				"look_at_target": "animation.common.look_at_target",
				"damage_nearby_mobs": "animation.zombie.damage_nearby_mobs",
				"brandish_spear": "animation.zombie.brandish_spear",
				"death": "animation.zombie.death"
			},
			"render_controllers": [
				"controller.render.zombie_villager_v2_base",
				"controller.render.zombie_villager_v2_masked"
			],
			"enable_attachables": true,
			"spawn_egg": {
				"texture": "spawn_egg",
				"texture_index": 42
			}
		}
	}
}